pos_i,pos_j,score
94,252,2.68581570915303
9,94,2.6659573209491754
94,455,2.5750118362626293
4,10,2.5741647430225743
12,94,2.5290270438427864
93,209,2.5039975273348483
94,456,2.501929738959163
93,252,2.4982965889303155
94,197,2.4900445676584493
94,163,2.4852281360342516
94,111,2.4732696895151083
10,94,2.4701970429406526
95,147,2.469178167172121
94,147,2.457594066441109
94,460,2.455034317848639
94,213,2.4485756660224105
94,209,2.446412499064955
94,148,2.4439592513355666
5,95,2.441068585955437
94,378,2.4384111060975
160,252,2.438131902012822
94,243,2.4345701264778894
4,460,2.433584520470178
4,11,2.427740976232937
94,368,2.415885150264076
5,94,2.406666316740689
8,94,2.402107758235477
94,155,2.3920795639257113
4,211,2.3907591470963836
94,191,2.3904685707328284
5,93,2.3898980954642877
160,163,2.3817323765140546
95,99,2.3785560373134036
93,154,2.3709505944546687
94,154,2.3623559712030135
93,253,2.362205914663769
93,393,2.3588824188369655
94,175,2.3547213575823878
94,320,2.348493070364559
77,94,2.3424642462461627
94,202,2.3399229603149934
4,224,2.3382689280764644
7,94,2.3353836207645444
94,195,2.33379987011787
94,343,2.327724930767593
5,12,2.3275536663475016
160,213,2.327135311177092
5,182,2.3256820053751324
94,118,2.322292189082415
93,211,2.320473501141487
93,236,2.3204735011414863
95,155,2.3179041662967235
4,12,2.315794699360396
4,9,2.313269689515108
7,460,2.3127756265830195
94,162,2.310955433076311
4,5,2.3049085807376493
94,253,2.3018796874098557
94,166,2.301072329402873
94,269,2.2986885704510964
8,95,2.298497912627901
93,197,2.2938135858333486
4,194,2.288450457308289
93,455,2.288102070191481
94,104,2.2864283109928243
9,155,2.282186600107407
155,209,2.278886186842174
94,315,2.2737288290053255
94,300,2.273131523414322
93,163,2.2726819462873986
95,213,2.2700547988658983
13,94,2.266338175148594
94,99,2.266338175148594
94,448,2.2657101447254595
95,182,2.2643187541770633
77,93,2.2610276044371
94,206,2.255123044017255
93,182,2.255123044017254
9,93,2.2529118110713915
94,393,2.251629167387822
252,318,2.2507796218232134
93,391,2.2492870686521598
155,163,2.2486037065439217
155,252,2.2464283109928234
94,132,2.245838938745422
11,94,2.2444745298554536
94,232,2.2415419333359274
94,337,2.2357759306448197
4,163,2.2311450333085068
11,12,2.230150698722632
93,155,2.2236693980937767
93,437,2.2236693980937767
93,147,2.2192401406761935
93,213,2.2192401406761935
93,259,2.213092238792742
94,174,2.2122028491557013
94,236,2.2122028491557013
5,155,2.2111136510430884
94,379,2.209888638014727
9,95,2.2098886380147267
173,252,2.209384210991141
94,254,2.2091479170272446
95,253,2.2090944995815383
209,213,2.2082176475383184
95,159,2.2065534983964974
94,443,2.206468823073052
4,209,2.206238928653389
12,194,2.204431001590627
93,139,2.2041074513870864
93,168,2.2032433566073992
94,316,2.2030713060627085
94,196,2.201078735588117
94,173,2.1963538066948196
196,205,2.1941847282793723
211,252,2.1930942843254453
94,264,2.1924876891689538
12,460,2.192432549630549
155,205,2.1920910901178616
155,213,2.191331955816682
95,154,2.1900616179453083
94,108,2.1896606529471705
94,211,2.1868193111659022
94,170,2.186819311165902
173,318,2.1857563929336368
4,313,2.1846779801161778
6,94,2.1836670779209113
93,94,2.182824692361507
4,94,2.1820058147602137
5,9,2.181531940890755
94,134,2.1803877328455874
160,196,2.1792362813523907
93,243,2.176873308146426
196,210,2.1740116630008086
252,271,2.1739121859724615
4,182,2.1722985375634076
95,191,2.1719817098497165
9,12,2.168819973997059
94,462,2.167492530597117
95,262,2.166867989893051
196,213,2.166640809726531
160,164,2.1643999330207455
148,160,2.1626056222040013
94,224,2.1601520795349525
95,175,2.1597881926787386
211,213,2.1582358447379693
160,316,2.157517858805326
160,194,2.1565850461664278
93,196,2.1562027794074288
95,209,2.1561465788165726
5,6,2.1551386737607063
95,252,2.154618492187827
94,403,2.1524399837376653
93,462,2.151798852506846
9,462,2.1501509858876977
8,11,2.148652310651299
94,461,2.148064930572713
93,159,2.146240625180289
252,313,2.145964198756438
95,131,2.1420262494277242
9,99,2.136710963771346
194,195,2.136341545731722
252,460,2.1351648728573878
194,460,2.1349408473337466
94,141,2.133743060194321
94,121,2.132096688995876
94,447,2.1319045869417734
12,160,2.131776440375805
94,176,2.131346433249389
95,368,2.1299072858819272
195,196,2.1282709368489887
160,254,2.1277482817150712
147,148,2.125223009321075
5,252,2.1249535320618143
89,94,2.1224523545671157
95,163,2.1220701566397695
157,160,2.1214925848963824
94,414,2.120759932989773
4,461,2.120657328518199
209,253,2.119839747301658
93,135,2.1173503715768227
196,252,2.114239569162722
163,213,2.1136729060175417
93,99,2.112588709401274
163,167,2.1116819395450666
95,211,2.1114856185797763
9,182,2.1108177758005726
94,380,2.1100053707958026
147,213,2.109996269582167
213,460,2.109574771290102
93,318,2.1095490669651284
4,196,2.1071383223407674
12,95,2.1061450333085068
94,182,2.1053885422075336
93,443,2.10492916802885
93,460,2.1044984515601635
251,271,2.1038108175709893
95,195,2.103024237367574
5,205,2.1024663750995196
206,213,2.1020893162789798
95,98,2.1009550787843394
10,12,2.1009516400016572
194,318,2.0989722964137827
224,232,2.098784976334217
12,155,2.097909871688412
4,213,2.0960234415440437
5,259,2.095066966987156
93,205,2.0940179814869446
93,148,2.0936937531452875
5,167,2.0934363291449176
167,205,2.092754020500632
93,131,2.0921159823975626
12,154,2.089264064397863
93,97,2.089003828777592
94,259,2.0888840705376364
213,259,2.0873532509493358
4,262,2.086652665561679
5,111,2.086652665561679
163,252,2.0854808304851487
173,177,2.085317669932267
5,191,2.084539530717336
95,132,2.08413537247226
163,168,2.0839364125889714
7,271,2.0838117307169344
155,197,2.083284129304185
5,11,2.0819984618855756
4,170,2.080555566024665
11,196,2.079775290461652
95,160,2.0782609330540316
160,210,2.0777171180762064
195,460,2.0768674969765604
94,273,2.0765760892094516
313,318,2.076260437131501
155,196,2.076240154493854
194,252,2.0762304148738098
93,452,2.075869296697727
111,196,2.075717199260424
155,195,2.0756423730846607
157,213,2.0750967512178433
214,252,2.0749750973035304
94,167,2.0748757755837692
93,174,2.0747567857326508
12,93,2.0746491150141364
93,214,2.0742599128528645
93,232,2.073934896284056
4,259,2.072905595320056
8,155,2.0728864026058758
94,296,2.072629192274968
313,460,2.0704717017459204
8,160,2.068347626764365
209,252,2.0681628922378175
95,378,2.0676111456286375
11,95,2.0657141496126146
93,195,2.065293688498338
95,251,2.0636508473402633
163,191,2.063578249691464
195,209,2.0634138456143516
4,272,2.0623014558144703
196,209,2.062127372870528
155,460,2.060794272283249
224,271,2.060252694689084
10,196,2.0598657121908945
95,199,2.0588261157343823
259,318,2.057994502855683
95,148,2.057764873876973
4,252,2.0575792627829275
4,319,2.0575792627829266
196,197,2.057095551168069
93,121,2.0570027314271098
95,173,2.056892066062934
8,196,2.056853424035711
197,460,2.056320662650173
4,191,2.0560848349269834
4,455,2.0558585222589945
194,196,2.054779425349366
148,252,2.0540437541980587
8,10,2.0538771372521447
94,238,2.0513464332493894
95,259,2.0504516363626517
159,252,2.0492063537065586
194,313,2.0491604022261902
160,173,2.048270084061976
77,196,2.0480719142757753
160,167,2.047923207372727
232,252,2.0466269834164192
4,111,2.0464877462766293
155,313,2.045784512169213
205,318,2.044256797513306
163,196,2.0439853253514633
55,94,2.043303308733078
93,438,2.042433692188429
8,12,2.0411993524384364
162,163,2.0405827278577178
89,93,2.0401128325826914
95,393,2.039216612993623
111,252,2.0388095414783267
94,284,2.0384390733840343
157,252,2.0374899444887493
191,194,2.0369975526132382
154,155,2.036444223436199
6,95,2.035939162999521
163,316,2.035186184918854
111,163,2.0346341471088523
12,238,2.0333138379246565
11,13,2.033263023801348
10,11,2.032952992465177
159,213,2.032721164183348
93,456,2.0324876891689536
147,155,2.032256876270395
94,198,2.0309806202181804
5,159,2.0301575067064173
4,368,2.0300985114819134
7,148,2.0292631723195
4,459,2.027539248688392
8,271,2.0272354454083077
167,194,2.0271788371503043
95,197,2.027017877819773
252,316,2.0268262258774357
5,158,2.026769662478251
368,378,2.0267347426192703
272,318,2.0260872427736922
163,318,2.026030076884971
5,196,2.025602874871792
94,431,2.0255490855036324
195,205,2.025420804862155
95,196,2.0248414732747873
94,248,2.0242600666933592
160,195,2.0241764993129716
252,319,2.02287957161468
93,199,2.022440763216559
209,259,2.0219839599841714
94,271,2.021901941117283
170,196,2.021719141811811
196,318,2.0213866441202386
378,380,2.0208179798523256
271,460,2.020725053283663
93,428,2.0204260414863775
77,155,2.0195727488622155
95,206,2.019347721959781
9,443,2.017851246028671
95,437,2.0174148644514616
93,220,2.0170949781550753
4,115,2.016820503097791
251,262,2.0166978309718595
12,196,2.0160203056293877
10,93,2.0160131999400757
4,159,2.015693602973945
93,313,2.015275674678275
160,460,2.0152321546985075
95,145,2.014636303092039
160,271,2.0144402190493746
7,425,2.01417946711259
5,10,2.0130329446441957
191,196,2.0117997730677453
94,194,2.010599664958787
4,205,2.0103775695423147
5,460,2.0103775695423147
95,271,2.0103775695423147
93,296,2.0088840705376363
94,425,2.0086949695628418
12,13,2.0081654489698337
195,459,2.008133730447876
4,443,2.0070999802854868
12,205,2.006817008205398
12,313,2.006590116758671
12,318,2.006088305826182
9,196,2.006013339948016
7,10,2.0055253266023465
209,460,2.0051804712428103
160,211,2.0050319071432305
94,142,2.0043444463675275
213,452,2.003530062181724
196,461,2.0032704770447967
4,99,2.003101360213842
160,318,2.0029744293034226
213,313,1.9994303261945527
9,271,1.9992079396328188
9,209,1.9990202220361422
94,177,1.998129375488003
154,205,1.9973433121440523
8,460,1.9971922698085736
4,206,1.9961286344485731
167,252,1.9952802854411218
95,186,1.9951198832489871
182,196,1.994385957661804
93,170,1.9940954395801547
94,181,1.9939615444316199
196,460,1.9938387971493459
7,11,1.9935919102133737
148,213,1.9934363065100205
93,448,1.9932696895151087
210,252,1.9931741897943005
252,462,1.9928246876208502
160,253,1.9927733506403071
155,194,1.991451136304462
167,318,1.9908509325024384
160,313,1.9906873824117468
163,460,1.9905438979430723
147,460,1.9900911937084436
5,224,1.9894558131861257
147,160,1.9893782669743796
460,462,1.9891556465635407
94,103,1.9883620710752947
94,437,1.9881908791603091
9,197,1.987757063270506
94,98,1.9875888728371254
119,155,1.9864149022695563
9,313,1.9859473298067072
252,262,1.9859453096912787
94,237,1.9857733170709984
159,160,1.9848867193544442
95,167,1.9848512327075016
98,196,1.9846535711332838
94,145,1.9841544796845476
11,160,1.9835488265243926
9,252,1.9829535103802558
154,197,1.9819492872784417
173,178,1.9818609399089144
160,462,1.981723391411313
5,148,1.9814550872120003
160,209,1.9813273441492352
93,368,1.980825936229079
94,199,1.9808259362290785
251,252,1.9797175790067283
163,194,1.9795380781553966
262,271,1.9794853096427305
210,213,1.979433470157903
7,313,1.9790266781875863
95,232,1.978916239141193
195,252,1.9785715531366106
9,318,1.9780664808724586
4,155,1.9774003446612654
94,444,1.9773423740267657
148,163,1.9773297992649717
4,253,1.9772134152108276
194,205,1.9767881491110744
252,253,1.9767872281771377
111,318,1.9764434175401808
155,253,1.9759676789156544
95,189,1.975958332504473
9,460,1.975434630606841
8,167,1.9752558737370414
155,262,1.9750292490163555
156,252,1.974890520481047
313,315,1.9748780540277597
155,210,1.9746020045332344
194,272,1.9743773048676607
95,208,1.9739901402795166
4,271,1.9735416678260354
368,380,1.9734109730401466
12,197,1.973104136901569
8,197,1.9714501115356329
197,213,1.9711639436422894
165,194,1.971077762299021
95,269,1.9701852847979295
95,380,1.9701069625559031
213,368,1.969042078905782
94,186,1.9687958222976962
94,168,1.9685463540765225
213,252,1.9675436667187043
195,210,1.9666589341587526
195,213,1.966382211421387
155,259,1.9656302880116228
93,102,1.9655962303576024
11,155,1.9652033156653042
11,194,1.9652033156653042
163,209,1.9649410810683192
5,181,1.9648966168256352
4,89,1.9645178778197732
9,160,1.9645109106749268
148,224,1.964024106081483
93,132,1.963963460262367
154,195,1.963927557737051
11,93,1.963865121950854
459,460,1.9629989659880245
318,459,1.9629127737861838
94,205,1.9626417936566762
205,252,1.9620402365717644
93,461,1.9619643536780957
195,197,1.9612925478350338
199,252,1.9612732623855598
77,318,1.9612566653987693
91,94,1.9611403486853822
155,211,1.9610891244081723
177,181,1.9607011860301855
213,253,1.9600049498950154
194,210,1.958266020262726
213,224,1.9579483287724015
12,213,1.9579314119015854
111,160,1.957150373512442
4,95,1.957096595794615
159,313,1.956877533371972
160,262,1.9568036919098948
10,205,1.9567983717240836
93,444,1.9567653141853774
170,209,1.9563159312532985
5,163,1.9562471744919478
5,96,1.95562379948745
154,213,1.9555284521921763
273,368,1.9554642585599495
111,194,1.9552329071650372
111,195,1.9552030453438605
94,251,1.9549868557726664
195,199,1.9543614060919452
194,271,1.9543196711475204
194,209,1.9537856338818949
4,178,1.9531263785510147
455,456,1.9531263785510138
196,316,1.9530909440010524
8,252,1.9528210022109884
160,162,1.95211523786124
163,313,1.95186514407209
95,236,1.9518149542581122
4,199,1.9517508248691608
4,118,1.9516993291086882
155,160,1.950397327706003
95,210,1.950160179473915
160,259,1.9499752242270532
163,254,1.9496029539009898
5,213,1.9490829072877947
157,209,1.9489481011785281
195,318,1.948943336708253
160,165,1.9489320436534296
154,252,1.9485756660224107
185,195,1.9482029845117081
253,271,1.9476005418389917
195,313,1.9472842739099872
9,167,1.9443397683557835
167,196,1.9442314295438614
4,269,1.9440484393180983
93,191,1.944009749716357
94,169,1.9437545839367456
14,460,1.9434789173411113
7,119,1.9429019540210064
7,318,1.9428319473640963
7,194,1.9426759222971433
5,199,1.942624531541906
5,170,1.9426245315419057
159,163,1.9425498558066967
232,271,1.9423299948088988
160,224,1.9422925066498942
11,460,1.941858171047254
8,9,1.941760148180973
95,460,1.9417148040124466
209,210,1.9414237680650328
160,456,1.9403921455836823
94,452,1.94018796000425
4,93,1.939572261986723
72,94,1.9394796343485237
9,213,1.9389535613921132
252,315,1.938534484223958
94,426,1.9369889317805427
9,368,1.9367773287999843
155,167,1.9365122612565904
148,159,1.936439513600926
194,259,1.9361275319772082
160,452,1.936116755176201
94,445,1.9357967794180313
95,185,1.9357372577412248
252,255,1.9354457903170965
93,239,1.9345676925851865
93,111,1.933664938000628
160,205,1.933589283355743
163,259,1.933400306672752
196,206,1.9329162605968295
94,272,1.932878689342031
10,155,1.9328572554575063
95,111,1.932416862318374
163,197,1.932005041868746
166,194,1.9318046853045625
167,197,1.9308828127274753
170,313,1.9302408826996922
95,403,1.9302075747975953
8,182,1.9300373528277328
167,175,1.9291631590819232
163,452,1.9287384022561005
4,148,1.928697925166848
160,166,1.9286492956202288
196,236,1.9284964451698983
160,238,1.9284608999610255
170,191,1.9282228475622805
93,175,1.927694271103767
94,159,1.9276942711037668
93,379,1.9265716511782731
155,318,1.9265553892502587
95,447,1.926112270181629
4,98,1.9260265301011665
252,259,1.925955888528556
93,445,1.9258641224711832
5,318,1.925720221346283
9,159,1.9255014383786797
12,209,1.92537739383599
209,211,1.9251231971735028
4,7,1.9249240976806192
170,195,1.9246240823663432
93,198,1.9242299136001453
158,252,1.9237047467477622
259,313,1.9236717782044588
160,368,1.9230608145301231
213,214,1.9222330904135894
4,167,1.9219280948873623
12,252,1.921890256772204
95,205,1.9214047246323438
163,195,1.9209304685522133
194,262,1.9203866605762396
202,318,1.9201967544287837
95,194,1.92016042495748
93,271,1.9201199484504918
252,254,1.9196618355969457
9,163,1.9189627362768102
93,380,1.9188043751618484
170,175,1.9187497180751207
12,462,1.9183221701805981
5,194,1.9182887438582799
159,197,1.9182884931216375
180,195,1.918009005067373
99,196,1.9179675561566842
7,167,1.9177870543913667
5,77,1.9173374089345567
154,315,1.916426067555381
11,195,1.9162759084653715
9,194,1.9158639049827217
5,256,1.915721688050492
160,170,1.9153768639330235
93,204,1.9149500518807065
141,142,1.9149177828845216
163,271,1.9148624403235255
160,189,1.9146417937586
148,209,1.9142908198187454
94,210,1.9140754114536143
111,155,1.9140325970993235
7,155,1.914023286139415
95,166,1.913702443911912
95,150,1.913465295408466
9,456,1.912925144316929
4,154,1.9125056054120888
14,95,1.9124775620077619
9,98,1.9123982043527028
12,195,1.9121674405488829
238,262,1.9121341877402753
205,232,1.9120746192028133
7,159,1.9119435662304995
6,9,1.9119415478763748
313,368,1.9118744847948321
154,163,1.9118692230220364
251,259,1.911351210890892
98,199,1.9109133510040146
94,171,1.9107621062468214
94,318,1.9107500420453385
158,313,1.9099013169869916
194,199,1.9095322177605587
9,259,1.9093364497210132
93,140,1.90882432616929
158,160,1.9088173606304641
94,100,1.9087385128172407
5,7,1.9083452185347236
147,195,1.908283000614537
224,252,1.9080259404202327
163,368,1.9078777464667898
182,460,1.9074534709972828
10,160,1.9074036530819458
11,459,1.9071485502236472
94,220,1.9069608142719163
141,318,1.9069608142719157
7,173,1.906667331582321
96,155,1.9066010449922433
318,460,1.906547429821732
119,163,1.90647837913915
8,96,1.9057493375077774
173,209,1.9056677719450321
95,118,1.9053645727238346
5,271,1.9052698875511263
7,111,1.9052208323774011
252,438,1.9051193563152429
210,271,1.904704682582383
95,414,1.9046050317787768
7,160,1.9044950007060557
170,182,1.904233082193266
160,443,1.9038758110951723
6,205,1.9035231953661942
196,313,1.9032457645170617
94,161,1.9031211205678658
232,262,1.9028634240873614
95,319,1.9021036266528568
93,206,1.9013636691975437
94,131,1.900169685737381
154,159,1.900022502893426
154,313,1.8997782111256987
70,94,1.8993136500920593
5,209,1.8989295636909356
111,167,1.898452840269199
167,182,1.898340797364057
12,459,1.89802285882345
147,313,1.8977395671399246
196,462,1.8975863214848723
160,251,1.8973235731341738
164,252,1.897104377427393
119,160,1.8970933919128057
4,393,1.8967651781485804
194,197,1.8964564861314934
4,100,1.8963257452426427
4,158,1.8962769185584958
205,262,1.896221255367437
119,196,1.89596670115007
262,460,1.8957734021966857
7,259,1.8957401189035934
93,202,1.8955056206115384
211,460,1.8954973971334819
197,210,1.8952872033609665
166,167,1.8952609538119896
189,196,1.895223244349269
94,261,1.8952206039277266
147,163,1.894764016704801
175,197,1.8944419102631713
259,460,1.8940744308800128
154,460,1.8938981103437456
437,460,1.8937781339153774
157,167,1.8932516292241934
5,461,1.8930256874199405
148,456,1.8927528711378914
210,211,1.8920972635973892
11,462,1.8920563970849402
93,378,1.89199548703902
10,189,1.8919833951928757
160,272,1.891941479033939
155,251,1.891355165503679
95,428,1.891214020164157
209,262,1.890790921698696
163,232,1.8907536555456457
163,166,1.8903163930357099
191,252,1.8902427398155215
196,368,1.8902346724198218
93,134,1.8899168453199882
182,318,1.889855734707965
6,12,1.8898191426459234
7,437,1.8890242588053434
14,313,1.8886139453025856
8,462,1.88854717475738
209,254,1.8883723848754346
160,315,1.8880256594703853
94,139,1.8865451235745478
95,198,1.8863235639301454
94,137,1.8861750035058655
111,262,1.8861064594076948
4,232,1.885917579505496
93,431,1.8856908924458342
271,272,1.8846977717082332
5,115,1.884566778255537
4,96,1.884195228058879
209,236,1.8841667943399785
170,316,1.8839116455532419
163,182,1.8837771783768429
111,459,1.8836498857617219
147,252,1.8835667342891211
5,393,1.8834497821339298
8,205,1.8831958036327443
213,254,1.8831291207744723
195,316,1.8828767969800375
11,252,1.8827094065515706
175,213,1.8826489976287912
98,209,1.8826101790077827
205,462,1.882567277012903
10,460,1.8824173845560364
9,437,1.882344375818588
173,460,1.8822701853731965
95,179,1.8820488277869583
196,452,1.8819942801712608
12,182,1.881913443544509
185,252,1.88140856684668
259,262,1.8812553716801819
12,323,1.8811226199654858
93,337,1.8807599329897728
194,462,1.8807239060092533
9,147,1.8804595719418684
196,459,1.8804326744005493
5,157,1.880424344959478
93,181,1.8803451073843513
95,284,1.8800794409472352
159,182,1.8799941386447332
94,391,1.8794174259612848
95,162,1.8788945919379092
209,238,1.8782586073457916
94,428,1.8779751802467017
6,93,1.877640283173421
84,93,1.877405811425518
94,119,1.8774058114255179
175,318,1.8772279296960541
154,318,1.8772090295095907
10,368,1.8771327262480322
4,189,1.8770954959558155
288,318,1.8770382973027973
119,213,1.8767523479805897
111,254,1.876507762406123
437,456,1.8763941942363533
178,318,1.8761273878278912
178,252,1.876067368120851
4,84,1.8759407631216956
4,197,1.8757006966236018
5,210,1.8755567687654426
11,167,1.8754482547183118
9,170,1.8747770517174238
170,194,1.87382944386113
5,232,1.8737666469521534
118,213,1.8733177487926564
160,214,1.8733009795301034
210,318,1.8732972015209575
7,316,1.8732257798026921
9,181,1.8728585299828249
155,462,1.8727730000118032
209,459,1.8723481119318983
6,318,1.8722027663115863
7,9,1.8720539500562334
148,155,1.8719854997715908
160,255,1.8719504975873287
163,173,1.8718275079359
165,166,1.871607608211253
199,318,1.8716024399334832
168,211,1.8715619604056424
12,189,1.870996897253492
148,259,1.8709484977900912
5,313,1.870767530193411
95,224,1.8704026748253448
148,368,1.8702012496983573
7,224,1.8700045710922848
7,252,1.8695727832468878
191,209,1.869484827280924
264,460,1.8692227351004433
98,459,1.8691655881422216
84,94,1.8685112283894998
176,177,1.8684291328702525
8,111,1.8682751412016922
4,185,1.8682491856005838
5,269,1.8675365325772657
95,313,1.8667292966721751
7,254,1.8664451685172345
93,160,1.8661864692291315
174,175,1.8658658555272192
118,238,1.865644551532558
206,252,1.865352686405854
213,255,1.8651460629189658
182,313,1.8651242314434437
9,11,1.8650003023095443
99,313,1.8648536613118698
94,438,1.8645504644854034
197,252,1.8643305511991222
181,318,1.8641072774802983
159,210,1.863957826879498
160,232,1.86379496192092
8,148,1.8636940487002722
154,238,1.8636500359881765
211,253,1.8631794659456447
6,111,1.8627662872466064
196,232,1.8624815502883807
5,99,1.8623101351622202
181,191,1.862293699685991
10,262,1.8619461186204889
5,206,1.8616412368661552
5,211,1.8616157143988106
94,257,1.8611509331628504
205,209,1.8607342420549688
9,428,1.8606561718175898
12,111,1.8602352793261894
77,252,1.8601066401389033
147,259,1.8593941398549538
196,259,1.859361970425008
94,429,1.85930196633443
157,196,1.8591966852637967
175,196,1.8589485020342222
93,119,1.858882418836966
93,104,1.8588824188369657
8,189,1.8587255768022517
205,210,1.8587206941544372
155,393,1.8586999247068177
7,368,1.8586210186927261
197,459,1.8584884721297839
7,147,1.8581806370298202
93,141,1.8575109888759527
93,422,1.857310111586684
159,460,1.856944833025143
213,318,1.8568763745527364
77,160,1.8568256296399919
12,271,1.8567967584449792
157,163,1.8565601540313033
167,168,1.8561099354310535
167,209,1.8561027843423952
254,259,1.855414347866432
94,160,1.855279393101204
170,318,1.8552483897863346
182,195,1.8552480083237843
11,197,1.8551198546317016
191,460,1.8549713459494115
157,194,1.854838575656383
7,12,1.854820521602314
77,460,1.8546657591981894
6,194,1.8546362150986229
175,182,1.8545227880704866
9,169,1.8541345149212012
159,170,1.8541327290568974
7,428,1.8534684404289075
7,253,1.8531972324455477
93,173,1.8528696966995968
5,261,1.8527936308491302
12,262,1.8521238820830375
173,271,1.8521211747874036
156,160,1.8519606751533335
156,318,1.8518262432611872
11,96,1.8515522623713394
195,428,1.851103133062106
211,459,1.8507455429039321
174,181,1.8505774730084243
10,254,1.8502665643497855
195,254,1.8500993795936782
163,210,1.8500030043115825
194,254,1.8499266024534988
4,160,1.8497178924021174
5,262,1.8492013623697459
156,195,1.849152310655856
96,99,1.8491015588199167
160,191,1.8490616414139274
10,213,1.8489771979021528
93,224,1.848884070537636
7,209,1.848683632656941
5,253,1.8486037302133707
94,330,1.8485277197382979
160,168,1.8484041984780055
95,202,1.8483680865967493
160,182,1.8483077877434695
271,437,1.8478884794821315
93,120,1.8475239116381137
11,98,1.8473815737275634
5,197,1.8472089308811563
95,180,1.8471067957158538
196,458,1.8470178034490041
163,272,1.8466978954912414
141,252,1.8465237951813223
175,252,1.8462284780585718
238,460,1.846081791728843
154,196,1.8459182436918928
95,104,1.8452699802975652
5,236,1.8447369266705322
206,210,1.8446692613830353
12,251,1.8445550546034215
98,252,1.8444199354600195
5,160,1.8444018589704878
4,452,1.8444018589704871
93,192,1.8442328987631922
93,269,1.8436937531452873
209,271,1.843113733135972
197,205,1.8429471738032825
148,460,1.842917077417762
160,458,1.842727791092083
12,191,1.8427007571623335
99,155,1.8422424995507987
13,196,1.8421407364343787
154,175,1.841752077532013
166,182,1.841741905465281
196,428,1.8416757292991617
12,147,1.8415968125891002
93,208,1.841362631200014
83,94,1.840993314150147
262,452,1.8408411328428398
182,213,1.8408182688640642
182,252,1.8407566314063022
262,272,1.840449817820734
4,157,1.8403471164197527
195,315,1.8402425560177886
4,438,1.8397816466636907
93,264,1.8389095979826051
111,313,1.8388977790542587
98,211,1.838308159463758
94,185,1.8381817602097188
4,132,1.8379589254150113
4,210,1.8379589254150113
160,459,1.83794944551383
194,213,1.8378054250902893
209,212,1.837687877876285
11,154,1.837368965923951
95,315,1.83673806885283
93,210,1.8366238110793631
154,210,1.8362679832689657
205,251,1.8360808486089912
9,224,1.8360678306303653
194,459,1.8360494292321576
368,460,1.8359368656335473
7,163,1.8359227425841373
4,236,1.8355917460279312
155,254,1.8355488549791577
192,252,1.8350918656629058
89,213,1.8350615060806466
11,262,1.8345677902075581
8,194,1.834536039856503
213,428,1.8341363751203525
93,156,1.8338413161225553
210,224,1.8334428424379823
167,213,1.8333946470771194
163,175,1.8333935738259826
9,154,1.8333331187652169
159,211,1.8331752942320654
10,459,1.8328902069345843
161,163,1.832884338324984
96,254,1.8327616633459758
254,460,1.8326835360545404
155,199,1.8326395490678642
9,191,1.8322867259306141
6,10,1.8322628970242687
163,170,1.8315219484540397
95,140,1.8314856528904089
313,380,1.8314516918468582
115,252,1.831247397799238
8,163,1.8310536624028495
94,149,1.83103800884234
271,318,1.8304654206292774
189,318,1.8301009983782304
160,185,1.830053113832199
185,196,1.8295885363128919
196,211,1.8292280549882438
12,461,1.8292071143830075
154,160,1.8287777028408279
4,456,1.8285881494326466
167,173,1.8284307547336138
12,368,1.8279409753428895
4,318,1.8278577090140122
252,368,1.8276740521810002
154,253,1.8270594010783658
159,195,1.8269170642456707
11,318,1.826793935954484
156,157,1.8266485697595827
252,272,1.8264928265537137
196,315,1.8263205310431785
155,191,1.8263090269757742
211,313,1.8262303915954639
259,271,1.8261345814980547
4,445,1.8259086108461535
10,111,1.8257170621996754
7,462,1.8256121562515415
98,460,1.8250201997673372
284,313,1.824628005197771
159,259,1.824440821112072
167,195,1.8242859507895262
251,318,1.8242624744004545
155,368,1.8239607296465081
10,209,1.8238630348176932
94,95,1.8237478904691222
5,141,1.823632882493287
10,132,1.8235658440793885
94,434,1.8229433931527037
148,210,1.8224727214396537
197,211,1.8220559071423734
210,452,1.8216960158023157
9,166,1.821596383178741
160,175,1.821586242615775
173,174,1.821424596666386
147,253,1.8213978183571498
213,271,1.8211791388465706
380,460,1.8203706611949013
121,194,1.820162463216115
99,182,1.8198110140576644
147,318,1.81976496105772
197,206,1.8196283972239542
95,273,1.8195488277869583
155,461,1.8194793716864408
96,154,1.81914560322869
199,460,1.8191005909448166
9,14,1.818902206358941
156,313,1.818817722294037
254,271,1.818767935495798
205,259,1.8184403756363625
313,452,1.818350295517316
94,222,1.8182975270046497
94,234,1.8182975270046497
160,380,1.8182957963147282
4,462,1.817947578928571
4,120,1.8179017357224254
155,159,1.817741973556677
93,169,1.817740505541007
118,313,1.8177245230074157
6,155,1.8175430797875844
157,313,1.8175132045130429
9,378,1.8174909898245708
238,254,1.8170242224830004
166,173,1.8167980789711036
154,161,1.8162915118965477
140,313,1.8159749491113804
154,462,1.8156593944644732
173,196,1.8152960563286236
205,213,1.8152612393074694
163,428,1.8151339892009675
93,166,1.8149798205164818
94,135,1.8148493701198412
94,313,1.8147027158918758
93,451,1.814693951646702
211,318,1.8145754298933514
173,211,1.8142276276726568
8,232,1.8138248663859644
95,438,1.813761007677907
94,458,1.8134911607780464
196,455,1.8129789437059132
111,271,1.812867532971001
7,95,1.8128471635401773
173,315,1.8127748526560172
11,205,1.8127366325132193
111,173,1.8126182438277951
111,213,1.8125936356366505
132,196,1.8125397644916101
160,178,1.8122297539868355
159,271,1.8121533359647795
170,211,1.81214098397798
211,259,1.8120217318331613
12,253,1.8118665042203308
182,209,1.811860773208459
173,182,1.8118569305129677
9,206,1.8118415220189998
271,380,1.8118339213361885
194,255,1.8117632683154494
313,323,1.8114562290188339
173,194,1.8114224967106187
93,186,1.8113645470307616
163,176,1.8111289802748147
209,232,1.8110751015691324
7,232,1.811044375622055
94,158,1.8110377445573933
155,157,1.810945807821617
37,94,1.8109283062792867
99,213,1.8109234991308807
147,196,1.8108196501559735
232,253,1.810692344660892
139,147,1.8104749923160859
5,131,1.8104288292891484
95,192,1.8103862488900648
170,460,1.8103136701628049
205,316,1.8099550116370333
94,255,1.8095452435539607
253,460,1.8089012970891225
96,160,1.808806835630548
316,460,1.8083623886908284
213,437,1.808138569262766
213,458,1.807637577290987
163,251,1.8075916904514204
213,316,1.8072103113389795
155,315,1.8070131826226286
93,171,1.80700273142711
5,208,1.8070024854224285
337,380,1.8069964623515573
95,455,1.80693187975237
12,163,1.8065397557065124
163,211,1.8064960863340431
163,459,1.8064295037355658
93,108,1.8064283109928245
94,427,1.8064283109928243
11,461,1.80631842254756
5,102,1.8062325803498156
77,195,1.8061956761508133
205,211,1.8058908746530367
95,181,1.805814976306959
77,209,1.8057488724060715
194,238,1.8054923991836007
11,199,1.8054603580698818
211,316,1.8054376575197029
119,252,1.8052773268516695
155,255,1.8051778806290442
98,99,1.8050928583615455
4,414,1.8049355947431307
79,94,1.8049341506173735
94,127,1.804934150617373
118,163,1.8046452709292045
163,238,1.8044179274492735
214,238,1.8043063767086138
94,262,1.8042772202123316
93,238,1.8041716831869976
251,460,1.8040889546563812
189,213,1.8040489544692504
11,209,1.8039860120070172
119,460,1.8039097313776746
313,437,1.8036974783185487
368,456,1.8036859072866034
197,253,1.8034725282899002
155,271,1.8034185913790062
170,456,1.803415852357924
4,112,1.8033922772658106
189,194,1.8032548133903836
181,182,1.8031687311900215
13,460,1.8026956022123646
213,393,1.8025375615376922
10,318,1.8025096752438987
173,313,1.8024612073129176
316,318,1.8020600702483516
159,167,1.8019940335467328
170,437,1.80163765878881
8,93,1.8016094970590277
7,93,1.8016094970590273
163,315,1.8015101887362595
191,313,1.8014446315150952
163,214,1.8013689994023787
95,164,1.8013498193719664
182,262,1.8012294443931236
195,458,1.8011327317041688
238,313,1.800865253027677
28,94,1.8004362405927208
205,271,1.8002477802170813
7,323,1.8002256046491254
313,316,1.8002191032209696
170,252,1.7999922485484083
192,196,1.7997662473028457
33,94,1.7996856524663998
155,170,1.7996170212908607
7,191,1.7995084311967846
252,314,1.7993879633674104
94,190,1.7990077544108969
238,318,1.7988503032183574
318,458,1.798741213956125
9,217,1.7986068514986977
94,288,1.7984390733840345
10,194,1.7983258580311996
318,323,1.7982822894581798
210,460,1.7982533724672112
161,213,1.79798062324142
173,175,1.7978194112799182
4,238,1.7977940061299618
6,11,1.7974168451037091
147,192,1.797352381660963
95,318,1.7972111237040138
159,196,1.7971523738580608
10,313,1.796963798468275
118,160,1.7969559608512278
95,170,1.7966519162717496
12,170,1.7966491097445438
100,196,1.7966409118894908
254,313,1.796541714328841
148,154,1.796027247655439
89,95,1.7958966130387486
155,438,1.795819986790573
4,13,1.7956994394760701
93,167,1.7956017398591515
147,159,1.7954892232106072
4,77,1.79545820487549
175,195,1.7952938084937
94,338,1.7952586210705554
94,291,1.7951936105874196
5,237,1.7950943945192253
170,393,1.7950587356965502
211,462,1.7949464778575595
163,253,1.7948463427436931
155,452,1.7946024510787282
99,259,1.7944253385578017
189,209,1.794396968171622
6,182,1.794140150686291
5,147,1.7935542483999296
197,209,1.7935179098885632
96,313,1.793401913158085
163,403,1.793294784417102
238,252,1.7931233115160092
4,164,1.7928377974034162
8,368,1.792817085885943
211,214,1.792777094509526
93,137,1.7924812503605783
238,259,1.792336652243537
5,438,1.7922964025997044
157,460,1.7919753801352925
318,452,1.791961464804197
77,403,1.7918747142894849
160,199,1.7918429464921029
9,461,1.7917104672205717
9,253,1.7916825842436899
6,167,1.791530173029466
196,238,1.7912702856681892
167,460,1.791092469682028
147,182,1.7909165667848934
213,459,1.7907892473235547
205,393,1.790614631956184
8,119,1.7905825733808947
163,456,1.7905393615038598
12,167,1.7904838913136067
163,165,1.790390621236407
170,197,1.7903757757450303
210,238,1.7903601113334788
6,232,1.7903311501083277
155,189,1.7902370472097222
118,148,1.7901592439813887
182,271,1.7901502096623791
252,452,1.790084542054849
210,368,1.7900782356646474
12,315,1.7898060413760781
11,271,1.7896849131462629
5,403,1.7894558131861262
10,195,1.7894026738795645
7,452,1.7893853405578442
5,180,1.789256505920594
10,157,1.789124507285492
95,272,1.7890011477854064
93,316,1.7889348292998506
95,157,1.7885389332089197
4,315,1.7883413396567487
156,196,1.788033976853609
99,132,1.7880256878650727
118,252,1.7877036023743684
269,313,1.787478963175109
211,224,1.7874663064455882
253,313,1.7872627671886854
148,196,1.787183238191047
213,232,1.7871678572101666
94,150,1.7868193111659016
155,380,1.7867377181031945
96,196,1.7867021519336244
157,189,1.7861051980552674
251,313,1.7859374358414135
155,431,1.7854871444142868
7,182,1.7851626206637292
13,95,1.7845670940755907
11,182,1.7844961593134434
14,160,1.7844424880142575
111,209,1.7843710111815374
205,460,1.7843352557384287
160,393,1.784026024572035
118,155,1.7839448090073184
141,147,1.7838729256327452
252,456,1.7838535440310956
6,196,1.783851957564491
192,194,1.783549109114998
93,258,1.7834877366701682
205,313,1.7833060309744928
173,195,1.7831032468398875
9,192,1.7829933848802508
9,232,1.7828996210800883
119,313,1.7828871536477462
93,118,1.7828853282458221
96,197,1.7828669919256208
154,438,1.7828669919256204
272,313,1.782613938788014
10,197,1.782323772833585
94,327,1.7821222241453052
224,462,1.7820028278286735
7,14,1.7819405662707668
211,368,1.7818822697209347
5,204,1.7817915589881106
92,93,1.781762217421348
98,195,1.7816819625260605
168,460,1.7815757562516168
182,194,1.7815409405642815
194,319,1.7814753390391727
98,194,1.781287984535216
93,292,1.7812446598107456
173,176,1.7811961720117206
192,318,1.7811596754863506
252,458,1.780706480891986
252,437,1.7805593843738308
94,317,1.7804820237218406
251,462,1.780141235827294
5,178,1.7801386737607072
93,315,1.7799500009615412
155,316,1.7794738723807229
171,195,1.7794276298075071
96,252,1.7793027839766806
95,337,1.7791656660578754
165,313,1.7789704265129487
163,425,1.7788535854368241
262,315,1.7782533693584748
196,254,1.7779047553318315
262,313,1.7777202722616126
13,195,1.7775314422316983
5,200,1.7774975389334886
94,180,1.777420240460049
8,175,1.7772975050404376
119,148,1.7772367752812486
186,313,1.7771331337991771
154,206,1.777131795496031
4,104,1.7771036266528566
318,428,1.7770208125124687
94,214,1.7769319245418487
9,173,1.7767665355667532
12,259,1.7767084994471183
92,94,1.7761230523999392
213,315,1.7760629154733585
178,182,1.7760593019052084
10,271,1.7759969622892344
94,136,1.7759969622892344
94,285,1.7758589482446405
93,180,1.7755490855036324
89,163,1.7754470051224671
98,155,1.7754267281085745
5,452,1.7753144573551234
155,224,1.7751903170010697
318,343,1.7751277936656666
147,165,1.775037761544861
8,262,1.7749750522471843
37,93,1.7747308959584085
313,393,1.7744285822798043
7,77,1.7744006843134574
93,103,1.7742817180161994
95,158,1.7740333507236363
165,252,1.773773749778003
118,147,1.7737330827527684
173,251,1.773642671255376
95,285,1.7736264677318996
7,195,1.7735130087890105
141,313,1.7732748988306277
213,262,1.7731174696371945
170,173,1.773093675991549
196,403,1.772877131847555
7,202,1.7727929753301315
11,313,1.7727898185347317
238,447,1.7727501956053844
178,196,1.7726370476675786
7,121,1.7725655897387056
159,209,1.771757119699201
195,438,1.7714070385658625
94,270,1.7713880242490545
140,252,1.7710722414512725
10,96,1.7710431750026794
316,456,1.7708866768848772
99,380,1.7708611714610194
98,170,1.7708440115287594
163,177,1.770723569038801
111,232,1.7706209721730926
111,147,1.7704258018631145
174,177,1.770372689409083
9,10,1.7703458242099863
8,313,1.7701863508974454
159,194,1.7701590330221075
205,315,1.7701494904768638
115,196,1.7701492388990616
10,211,1.7700924491738041
9,393,1.7700336867091868
443,460,1.7699582417342394
163,224,1.7699046561617968
94,120,1.7698157169987725
163,205,1.769795728834473
5,189,1.7697861309933614
12,132,1.7697399535365965
177,209,1.769420618478756
147,271,1.7692836842024078
7,189,1.769181382362231
313,456,1.7691325328720642
271,313,1.768811500911604
178,191,1.7687566476307608
168,194,1.7685986535324374
7,211,1.768517206142467
148,170,1.7682671262329035
147,154,1.768166841116367
118,154,1.7676256210349053
118,437,1.7675276212790405
155,206,1.7674134507119017
93,162,1.7672103113389794
95,161,1.7670536964565606
118,271,1.7670308607220615
163,320,1.766825698562375
232,251,1.7667834726032088
220,284,1.7667240703157576
95,96,1.7665844465272629
154,182,1.7664787358924103
8,259,1.7664513143570206
173,262,1.7664460938692854
189,460,1.765939017721444
232,313,1.7657210708030533
141,259,1.7657049271624858
65,93,1.765673804494436
315,318,1.7656494374748284
253,262,1.765644433025369
313,378,1.7655940327744677
196,224,1.7654518072731824
77,167,1.7654348125633987
157,173,1.765184469389328
93,458,1.7651162446218351
177,178,1.7649449395950314
209,261,1.7649354217454596
175,177,1.7648697048780306
148,380,1.7648661073158851
156,210,1.7647836763792248
118,232,1.7647558968002683
189,252,1.764722606874571
196,393,1.7643860827471003
94,308,1.76427250652539
77,199,1.764203123306439
195,272,1.7638951919409873
213,438,1.7638032947402058
7,96,1.7637551312259248
165,251,1.7637463897953087
170,238,1.7635205248142434
259,272,1.7635205248142432
165,271,1.7634875837455677
206,259,1.7631553056411673
224,318,1.762979107709303
154,459,1.7625883495080081
93,262,1.7622921890824148
9,178,1.7622805074414774
236,459,1.7621898684189923
119,210,1.7620776744998656
154,178,1.7620467530884991
162,252,1.7620268197155173
167,272,1.7619989255427366
181,252,1.7619621749610794
194,251,1.761693013906133
159,318,1.7615711979991668
94,156,1.76149018937388
157,159,1.7612579316321342
164,211,1.7612381259069847
95,212,1.7611904381841095
77,194,1.7608510524998509
14,437,1.7607738900947352
271,378,1.7606175744410673
98,318,1.7601596422106744
199,313,1.7601124234568732
77,111,1.7598585042247432
155,458,1.7597809703422775
111,211,1.7597634154261173
93,273,1.7597358744385565
160,378,1.75971352519596
437,447,1.7596092019836453
148,194,1.7595124202136525
210,313,1.7594928996753754
155,232,1.7592972349375562
197,199,1.759018571227186
195,238,1.758924630528558
318,456,1.758917514685993
5,104,1.7587559869687586
195,232,1.7587527598419663
210,232,1.7586533678141176
167,177,1.7585837390228887
10,259,1.7585502091422627
173,459,1.758411213846421
194,461,1.7581186684783046
7,205,1.7579629470791331
156,163,1.7576924242121172
175,236,1.7576474527772616
10,99,1.7576299427285735
254,262,1.757628166060636
12,185,1.7574867496799331
211,254,1.75742078370903
213,251,1.7572887108913922
452,456,1.7571078242112583
194,211,1.7568904298850176
111,205,1.7566469293578884
456,460,1.7564317665222944
438,460,1.7563731117513155
206,209,1.7562370625087702
224,238,1.7562169190577919
318,427,1.7559689659589597
4,162,1.7559130951758246
5,462,1.7559130951758246
77,191,1.7558418107332077
12,157,1.7557986583973486
12,98,1.755609641087847
213,455,1.7555521842608417
5,177,1.7555345201910204
13,313,1.7554175446117146
95,316,1.755379347475708
98,173,1.7552418686630984
77,95,1.7551207512509555
94,178,1.7550327083958779
96,213,1.754850176902373
99,211,1.754843310773423
199,403,1.7546534427700795
182,211,1.754648023225271
170,259,1.7545499744306048
93,95,1.7544061094608836
194,403,1.7543376007199685
213,443,1.7542617013794688
95,177,1.754204777876757
164,210,1.7541797581810399
7,118,1.7541747328782409
8,437,1.7541525467031895
368,459,1.7539560466307285
141,160,1.7537787101341762
9,202,1.7537058230366867
95,254,1.753513392210248
10,95,1.753428413679054
252,459,1.7530920127509186
99,197,1.7529559419190193
95,119,1.7527668596670989
238,264,1.75273785271003
5,154,1.752705481927944
12,199,1.752684071528141
164,194,1.752684071528141
95,176,1.7526370181546287
182,251,1.7525735415086419
170,174,1.7524428062159267
148,319,1.7524133684311953
148,313,1.7524112376893783
99,170,1.7522439625584576
93,414,1.7518834359763855
148,253,1.7517957890547091
196,262,1.7516269151977717
94,212,1.7515537772542806
178,199,1.7515112528620445
164,195,1.7514410243479266
148,167,1.751387000268482
209,316,1.7512423673651154
9,251,1.751229011988385
69,94,1.751095937829517
166,313,1.751063101758847
170,368,1.7509137545564408
170,262,1.7509124462829508
252,264,1.7508637881039861
142,147,1.7507016215307223
115,460,1.75063862624706
189,210,1.7506282652081082
316,368,1.7504376754426845
158,163,1.7502681547152021
93,176,1.7500000000000002
157,462,1.7499800532345295
148,318,1.7497800776036325
4,67,1.7497459774786641
148,425,1.7496422893170582
10,170,1.749221626655561
139,160,1.7488574845496085
264,379,1.7488558569710795
9,316,1.748635509845279
11,111,1.748543919115041
196,447,1.7485236791444558
4,6,1.7482979100453635
155,173,1.7482582954471515
162,194,1.7482427442670492
9,431,1.7482323068106442
7,455,1.7482039589400538
147,368,1.7480407945067247
154,194,1.7476989509747676
154,224,1.7475858770601387
214,259,1.7475338239934795
77,163,1.7475247532094962
167,259,1.7468268008857075
11,213,1.7466569615887824
12,96,1.7463199301267602
194,455,1.7461977602469647
210,259,1.746044968165664
96,111,1.7459791299831027
8,147,1.7458927622528195
252,428,1.7458630221801725
94,179,1.7457221555382858
232,238,1.7455877819584174
318,462,1.7454292811995433
132,170,1.7451012965305188
262,462,1.7448464603333935
173,197,1.7448091436505593
94,422,1.7446399546661782
160,288,1.7444923063976707
209,224,1.744491510308772
197,238,1.7443837847428736
141,213,1.7441084958730695
168,252,1.7439502769690822
5,176,1.7437621626224824
173,213,1.7437470456634983
236,455,1.7434781950829579
8,378,1.7431555004417492
206,211,1.74314042006799
199,210,1.7431198946052946
211,262,1.7429603106812561
271,368,1.742917603028117
160,236,1.7424812898068727
93,136,1.7424117317819636
147,194,1.7423369390860648
165,259,1.7422049164539954
5,427,1.7420763712293132
93,234,1.7419329335090052
155,261,1.7418080006993788
209,251,1.7417235291236846
9,158,1.7416801422096782
170,459,1.7416629180627048
6,7,1.741613730365293
7,8,1.7415230950249687
96,157,1.7411085712004248
232,425,1.741079253323964
205,260,1.7410609952061147
194,232,1.7409875305039582
167,262,1.7408986698555486
12,166,1.7408095670576589
111,191,1.7407440606899383
5,164,1.7407285197344555
254,368,1.7406487698122117
5,265,1.7405540864261764
95,142,1.740481341413214
119,195,1.7402956126994824
163,462,1.7400944594667511
313,461,1.740072395620102
118,195,1.7400510271250158
180,313,1.740045382613154
252,403,1.7399992542446634
11,163,1.7399507208287464
194,368,1.7399507208287464
214,290,1.7399276450778731
104,160,1.7397692624624252
162,196,1.7395833678274235
5,98,1.7390385142866056
7,284,1.7390221604585796
147,251,1.7390152651335014
313,459,1.738795975697023
119,159,1.7386466056460494
157,211,1.7385680394051446
148,232,1.7384903360390862
313,462,1.7382513045165404
170,192,1.7380491544359264
95,204,1.7378283868599844
197,461,1.7375276206785109
403,460,1.7374138550423441
195,211,1.7372966283474787
191,205,1.7372833434946053
191,318,1.7371445544586277
4,403,1.7371044646151572
182,191,1.7370300706213322
13,194,1.736956514701134
315,319,1.7369499395864414
252,256,1.7367462863005358
4,181,1.736499343875442
175,185,1.7364202323708091
224,253,1.736396386627889
111,197,1.7361850128498786
99,169,1.736052632819213
159,253,1.7360101556036553
119,315,1.7359125622862148
214,262,1.7359109860306745
166,170,1.7358376172788827
93,237,1.7355053962921703
173,181,1.7353344670265995
196,251,1.7352105826259603
175,180,1.7352062013079923
147,167,1.7349983682283912
211,236,1.7348873003827963
8,99,1.7348336354825995
134,141,1.7346749583584742
253,315,1.734632275383676
93,164,1.7345587976584798
224,313,1.7345499512774494
260,262,1.7345252171278749
9,262,1.7343811814333292
98,148,1.7342622711584152
147,209,1.7342584589341414
170,271,1.7342415171823806
253,318,1.734221566315735
147,224,1.7338879055592586
262,318,1.7337186413873888
209,438,1.7336504297752797
139,155,1.7333904654878136
202,259,1.7333696346364884
165,213,1.7333193032618677
205,443,1.7331216608878612
94,192,1.7330919792142285
98,213,1.7330750717012189
154,211,1.7324851126954506
13,160,1.7324438068756074
313,314,1.732435756530729
256,318,1.7321609865550913
4,427,1.7320966889958767
159,254,1.7320788264843665
99,163,1.7320625129557194
255,460,1.7320625129557183
8,195,1.7319165465737298
11,251,1.7319146418983493
180,194,1.7317764403758056
142,252,1.7317638169430178
94,235,1.7317151723323454
7,456,1.7317055913496597
137,252,1.7315943932782791
232,462,1.7315215293070414
13,93,1.7314310535916835
211,452,1.7312121428551515
232,438,1.7311221193322155
154,185,1.7309806420957234
428,460,1.7309668895084096
155,156,1.7309632975069742
98,189,1.7309145256130283
8,159,1.7308738317344405
209,315,1.7306888034592285
96,159,1.7306328042212962
155,165,1.7306317464587677
170,213,1.7305233170658028
77,213,1.7303974445214956
118,224,1.730360229132617
178,181,1.7301369412715375
197,313,1.7300028061988153
160,455,1.7298647468208874
12,202,1.729781354908786
209,403,1.7297753270108291
213,236,1.7297245128875205
175,199,1.7297186251433714
8,213,1.729690433360879
132,211,1.7295508700245612
119,209,1.7294701019332854
175,181,1.7293905067786557
167,316,1.7293512721420485
95,165,1.7289998234041792
111,178,1.728790277639643
12,99,1.7287859538968322
155,403,1.7286555957686642
199,462,1.7285638219175656
206,460,1.728562061514082
236,456,1.7283190289013004
12,77,1.7281468353448355
175,209,1.7278956109921029
196,443,1.7278468241359581
93,288,1.7277582770561615
158,255,1.7275958112840757
191,195,1.727378433999981
164,213,1.7273431909458858
14,251,1.7272487981373255
9,236,1.7271933266019126
182,259,1.7270312507028394
197,271,1.72696612618014
93,251,1.7269306987761288
173,259,1.7267637420847954
9,77,1.7267309150571264
148,238,1.7267264364242731
318,438,1.7266719199708276
167,462,1.7265808445472022
155,428,1.7265494513668236
211,455,1.7265164233508126
182,459,1.7265141386151792
8,154,1.7264420227871047
213,238,1.7263356527869143
159,232,1.7263250125474796
119,262,1.7262398192078905
12,261,1.7260253577197442
41,94,1.7258423994847234
155,182,1.7253774064430694
178,213,1.725275195949388
157,195,1.7250194426982042
155,456,1.7249929300036853
224,460,1.7249105506703954
160,438,1.724715616444377
252,427,1.7246780209186026
111,460,1.724469323799896
132,313,1.7244521857986839
77,459,1.724421841254683
185,213,1.72431398427614
259,315,1.7242695492475277
147,205,1.724110752970556
148,316,1.723950394969535
4,202,1.7237102023833968
93,272,1.723669398093777
196,253,1.723412074893772
12,206,1.7233560454904209
166,259,1.7232462931249113
170,205,1.7232452501301547
100,252,1.7232118178295714
195,253,1.7230899920251974
95,141,1.723055490623095
178,262,1.7230325661413488
14,213,1.7229964695031388
4,380,1.7228743299806824
11,178,1.7228617402825228
213,264,1.7227177283838557
4,121,1.7225572953099708
147,459,1.7225374071359947
154,262,1.722456407068648
93,396,1.7224336921884298
213,456,1.722286241358858
168,209,1.722178614781915
7,162,1.7221418756123255
259,458,1.7218733172061862
163,262,1.7216992832392248
6,115,1.721622785434244
9,104,1.7216104620190047
5,132,1.7215189101105983
96,199,1.7215042151154856
170,253,1.7214344952593141
251,272,1.7213177198295284
4,312,1.7213029387496839
10,163,1.7210993877035645
154,170,1.720975409580615
148,378,1.7208184606828878
156,259,1.7207733533763907
262,459,1.7203343620125229
94,216,1.720266565483056
191,192,1.7202531855385277
195,259,1.7202264500111129
137,253,1.720116176094345
12,292,1.71981988028208
170,189,1.7197742536980414
154,232,1.7194703473500248
93,218,1.7194009396603014
11,148,1.719165044326839
93,194,1.7190352743388657
175,313,1.7190040454347741
7,154,1.7189462981346573
271,462,1.7186423046896178
12,403,1.71864061910262
145,205,1.718517587533172
252,425,1.718309360223419
182,316,1.7182426910248463
104,163,1.718149531392701
195,368,1.7180080628510155
194,269,1.7179005311136217
196,272,1.7178681080845897
178,460,1.7177726209570119
5,121,1.717602028370611
271,323,1.7175406602366754
118,209,1.7174319712541157
9,459,1.7174281220711922
115,213,1.7173807203683096
94,164,1.7170218858797182
189,368,1.717015927422156
7,213,1.7169257896350234
163,181,1.7166722172094329
7,196,1.716597919364488
193,196,1.716281285767467
154,428,1.7162812857674665
191,459,1.716216938606451
238,253,1.7161430620966678
118,460,1.7160296511096984
119,147,1.7160134150050879
197,254,1.71588745385328
111,452,1.7157938069113645
8,253,1.715617957089599
93,254,1.7155894378827394
196,235,1.7155519141499354
253,368,1.7153278442975612
93,228,1.714837683316465
196,199,1.7148373359541755
111,141,1.7145552038443272
11,147,1.7144755260019875
8,224,1.714371648659177
134,147,1.7142284061109407
214,313,1.7142165189041159
72,95,1.7140158250871917
111,182,1.7139174481033528
189,262,1.7136693031798798
9,175,1.713605292667016
11,456,1.7135570262907336
196,456,1.7135570262907336
157,262,1.7135261235942771
160,437,1.7135018183693642
393,460,1.7134859492833443
94,256,1.7134111926211233
315,462,1.713244865249568
173,462,1.713227995373419
11,189,1.7131986932949923
224,368,1.713153351260785
99,191,1.713093878490579
4,237,1.7129814099012302
196,380,1.7128730097190767
98,313,1.7128426827676102
8,158,1.7127585836846193
224,262,1.712757902503777
178,195,1.712620971272633
205,368,1.7125259699750137
14,456,1.7123565237756455
155,269,1.712335315290025
5,100,1.7121481341282334
455,460,1.712141737821517
154,271,1.7120426851527784
252,393,1.711899700454095
9,199,1.711893468485986
191,213,1.7114330126120214
209,318,1.7111709738361094
232,272,1.7109050159127688
4,176,1.7108854673868004
195,262,1.7108830811346774
95,431,1.7106981368246121
318,448,1.7106027785782618
99,252,1.7105636288511485
11,170,1.7104393699934646
163,174,1.7102998902641133
99,147,1.7100531138321995
95,379,1.7100016328581964
93,98,1.7099865470109878
154,236,1.7098906392547928
157,205,1.7098302059826724
292,313,1.709708379420601
459,462,1.7096496529286112
181,195,1.7096420051637635
11,211,1.7094797557632109
140,163,1.7094657634066412
189,195,1.7089512044259825
210,429,1.7087291457598937
4,254,1.7086126988727126
121,209,1.7085438939282986
272,437,1.7084939778182235
192,313,1.708457873581716
13,368,1.7083911959183902
196,269,1.708135461285757
94,208,1.7080986635018056
264,271,1.7078668817161753
252,455,1.7076914692414449
157,197,1.7076669042351103
5,162,1.7072178995404983
318,455,1.7070877756801115
8,199,1.7070759140581713
4,119,1.7068321006966032
213,462,1.7067742606704688
9,148,1.7067347042178338
115,318,1.706688178517251
264,425,1.7066560995242697
157,182,1.7066136311804472
214,460,1.7065298157911604
176,191,1.7065084908041737
155,264,1.706250052696434
148,211,1.7061704559265463
94,239,1.7060631703127882
95,255,1.7059145656302401
195,462,1.7058621126686158
155,175,1.7057741540311302
94,314,1.705624222717367
96,147,1.7055284521921759
262,428,1.7054578084522303
148,315,1.705424734282417
193,318,1.7052648835256248
10,462,1.705223289948373
174,176,1.7052126344295506
195,320,1.7051941013079583
157,168,1.7049296053203564
162,167,1.704900671974504
196,271,1.7048980652249346
12,452,1.7048625061778646
155,164,1.704545839495211
209,272,1.7045406230385667
94,183,1.704498451560164
12,159,1.7043602500376203
206,452,1.7040518163119542
182,197,1.7037735466546233
93,255,1.7035593239513571
5,137,1.7034439274659892
154,209,1.703110890102865
10,252,1.7030033273608767
94,204,1.7028246923615071
93,284,1.702824692361507
95,200,1.7026386352725373
253,393,1.7026243686742706
13,264,1.7025031475577264
147,315,1.7024860664009946
160,197,1.70234805089416
8,98,1.7023206908871618
104,155,1.702237627253259
111,315,1.702139616654198
194,316,1.7021236106696853
195,403,1.7019331744115198
140,147,1.7018806482798199
155,437,1.7018734262756423
165,182,1.7017521760477792
14,155,1.701743760613373
8,191,1.7014452356952963
163,269,1.7014248194668633
368,452,1.701385604600388
95,178,1.701281642200174
12,104,1.701198120025572
4,212,1.7010972671050564
271,455,1.70106555975372
236,252,1.7007925377640154
163,164,1.700761547565389
163,438,1.7007361798095364
80,95,1.7007333687910737
147,157,1.7005194450947867
4,200,1.7003891671411275
160,319,1.7001845552883061
14,271,1.6999988087086997
77,182,1.6999916926467307
99,100,1.6998388754816127
191,368,1.6998173779445618
206,254,1.6993212695825088
458,460,1.6992449215715308
194,452,1.6992056160734264
134,252,1.6991641318640005
213,403,1.699015157424056
93,100,1.6989358713215632
259,368,1.6988518687388197
164,209,1.6988430122880411
10,159,1.6988076097949945
177,189,1.698680708468778
205,238,1.6986052905749385
210,253,1.6986016074118966
111,154,1.6985806742724257
94,336,1.698245835016031
94,110,1.6981203125901445
77,431,1.6981120749657466
4,195,1.6980685120588386
55,95,1.6980343020313478
145,160,1.697973937954683
5,186,1.6976795988605182
7,337,1.6976712131958585
8,13,1.6976566370888189
89,160,1.6976290064510255
199,262,1.6976247522575063
10,199,1.6975828887214117
155,284,1.6974847974910814
159,459,1.697407069639145
8,425,1.6974069778672773
163,443,1.6974065514475323
162,272,1.6973452859620932
154,167,1.6972877922979128
169,170,1.697284022243701
148,189,1.6972209251999875
194,206,1.697157279871443
199,205,1.6968876434080875
7,79,1.696650628318629
13,197,1.6964027781730648
185,251,1.6963988803082704
185,262,1.6963618120960549
12,428,1.69615045437863
94,258,1.6960685495704237
9,157,1.6959230930591895
13,252,1.6958240587632527
6,460,1.6958034083276081
205,236,1.695663996477028
162,209,1.6955354052225522
167,236,1.6955321661304867
318,443,1.6954181434957816
93,403,1.695402741038491
224,437,1.6953891469542148
163,206,1.6952967084195938
168,313,1.6951543471483321
209,214,1.6951389036085942
10,13,1.695130737805187
210,315,1.6949463555218218
173,210,1.6948916698506449
154,173,1.6947603759629903
12,173,1.6947521324833454
204,259,1.6947336023569168
8,255,1.694529654119311
139,163,1.6944714390493691
132,160,1.6944324229185521
214,215,1.6944089825873807
271,452,1.6943210165315548
95,391,1.6942059153550588
158,196,1.694132839396755
166,252,1.6941066504043312
8,438,1.6940878226073561
177,179,1.694050304324139
147,166,1.6940194247421652
259,261,1.6939702054645098
197,224,1.6939540609007206
166,176,1.6938399924296375
9,132,1.6937872858013157
139,313,1.6937684252999294
170,315,1.6936893193399853
167,313,1.6935671214689765
8,380,1.6935443589399684
159,262,1.6934206291155445
115,210,1.6932787891447036
167,210,1.6932156230902593
160,243,1.6932010938655628
163,202,1.693161413878588
251,315,1.693157243820412
7,393,1.6930915973424947
253,316,1.6930614382236124
148,243,1.6930127919021176
141,157,1.6929682655006317
452,460,1.6929025814448009
368,455,1.6924637151325634
10,238,1.6924203171277867
161,196,1.6923521211370245
213,447,1.6922571933211716
232,316,1.6922409680281927
177,182,1.6921933679383423
163,445,1.6918176373540643
232,460,1.6917926568367911
89,271,1.6917808021950176
148,195,1.6916919186644335
167,170,1.6916771524486072
337,368,1.6915512069289749
271,458,1.6913924100585525
437,452,1.6913876114630324
7,212,1.6913725255682188
93,285,1.6913146886497212
111,428,1.6912659180530878
257,318,1.6912074978525655
147,462,1.6911632360016848
6,170,1.6910183911587624
206,455,1.690851449807402
111,259,1.690474716036188
44,95,1.6903743317569533
147,211,1.6903398781108572
162,195,1.6902560652990861
199,259,1.6900611712277558
12,211,1.69004091750935
211,456,1.6899792734350039
5,202,1.6899015819921508
177,252,1.6898712619438836
155,168,1.6898462647723604
94,292,1.6897981900809882
89,318,1.6897480814187402
160,264,1.689541028731284
132,456,1.6894597186782487
95,134,1.689374961002546
173,232,1.6892013675993598
141,159,1.6891486319082412
118,438,1.6891153832085013
93,96,1.6889412354850948
89,313,1.6889141560757817
12,192,1.688650014074504
163,255,1.6883257719568001
96,205,1.6883055813407462
99,111,1.6882278600504255
141,196,1.6882207940206815
95,320,1.6880647459462004
98,163,1.6877996528373924
5,456,1.6877969243810245
118,318,1.6876188661501523
292,460,1.6875998514461934
14,182,1.6874989016571698
157,259,1.6874448658056764
104,213,1.6873905744433224
323,460,1.6872712862740094
94,96,1.687144312913344
93,375,1.6869898704695263
316,462,1.686886445054247
77,147,1.6867962059253194
211,271,1.6865381995615107
98,197,1.6864227509311978
94,228,1.686419411348774
182,232,1.6862968306511357
210,393,1.6862946014340527
164,196,1.6861877925263042
10,148,1.685875022760008
12,343,1.6858177707122906
12,141,1.6857332486066836
132,209,1.685729851075286
157,232,1.6856537657797368
205,224,1.6856302093235376
104,460,1.6855021581228278
14,148,1.6854280827617063
9,425,1.6850973127702882
403,459,1.6846151845696795
313,428,1.68451317370982
154,259,1.6844697672595683
455,462,1.6844650137750299
164,460,1.6840648346048424
163,261,1.6839547555700107
368,428,1.6838236970562621
4,79,1.68374218183029
6,313,1.6837421818302898
197,262,1.6837386007607562
209,368,1.683698654999929
7,380,1.683637940588404
194,288,1.68362256970438
111,132,1.6835990271468437
119,251,1.6834725576306335
8,157,1.683282789132214
197,428,1.6831135359493306
142,148,1.6826875106932688
119,205,1.6826219066160264
167,393,1.6825568685388004
155,212,1.6824905624227295
163,220,1.6824154517751309
93,158,1.6823399260208112
119,154,1.6822507525264592
4,437,1.6820549828017164
8,254,1.6818676308360323
252,337,1.6818251487687559
96,131,1.6817188632729396
94,349,1.6816516918422746
456,462,1.6814664060144189
12,443,1.6814326656313419
173,253,1.681357382919886
10,191,1.6813236156285427
272,320,1.681304026444056
189,199,1.68127326238556
104,318,1.6812263560816691
428,429,1.6811336906769692
170,254,1.68110471446533
163,235,1.6809616373922667
189,205,1.6808065441470317
93,330,1.6805485318296949
95,456,1.680399753031711
119,238,1.680342363774211
14,272,1.6803129590011165
157,191,1.6802196549879396
262,438,1.6802040978742572
170,181,1.6801161341661615
159,236,1.6800507480080575
199,206,1.6796543824400763
9,452,1.6795299556136247
139,148,1.6795199501895408
94,130,1.679392021135517
251,254,1.6791540950998287
167,368,1.6791456103818014
173,288,1.6790385829676797
5,119,1.67878691489093
69,163,1.6787718193249173
154,368,1.6787593220041042
199,213,1.6786848448391112
11,403,1.6785644755093285
111,170,1.678551785095573
4,137,1.6783569136706948
209,313,1.6783494031773973
167,271,1.6782671768163742
12,456,1.6782542010685635
163,437,1.67801431629145
154,458,1.67798062324142
5,118,1.6779096183662883
132,155,1.6776499971588181
147,214,1.6775123121731246
205,272,1.6773187874666127
195,251,1.6772630230299181
9,119,1.67707143617562
148,157,1.6769271240358643
115,194,1.6769228657424984
236,460,1.6768520556476652
163,212,1.6766379745920637
154,165,1.6765605695531844
11,159,1.6764889292085599
170,323,1.6764607690426259
5,67,1.6762772348978066
206,214,1.676178484345361
195,206,1.6759867890721183
210,438,1.6759666063533334
194,214,1.6757992667312447
99,194,1.675687056501701
5,243,1.675565448113192
167,199,1.67547069590528
160,180,1.6753678960859577
94,459,1.674878462579992
145,196,1.6747717887401663
195,452,1.674665572297846
9,447,1.674447517441746
10,167,1.674408398581271
189,211,1.6742444545557902
121,252,1.674072744421207
141,194,1.673758184297099
173,224,1.6736807994530642
197,259,1.6736506275679726
93,145,1.6736108681598525
170,171,1.6735206711273822
94,265,1.673126853511675
160,269,1.6730037034228018
271,315,1.6729443416662433
12,455,1.6729199998173117
209,455,1.6729010102223163
159,455,1.672766984960757
191,197,1.6727586919878752
93,129,1.6726291922749685
178,194,1.6725002255208707
93,459,1.6723991045564552
167,232,1.672334728159483
210,214,1.6721754571130014
182,368,1.671922290133245
171,182,1.6718398726971306
10,182,1.6717734545457736
9,131,1.6717166290183227
4,320,1.67164899533764
141,236,1.671470101032825
95,452,1.6712590134900338
163,189,1.6711969737968069
95,349,1.6711399612967766
111,189,1.671106246232928
252,443,1.671072586546865
160,257,1.6710015209936706
313,438,1.670892007959427
111,199,1.6708424892242597
313,443,1.6707980851016395
10,461,1.6707705704487579
168,210,1.6704972023513458
177,313,1.6703441707952638
186,191,1.6699560873700836
141,182,1.6699115235504587
5,173,1.6699095137731643
157,210,1.6697589825372814
96,166,1.6696379993207426
147,262,1.6696098113133477
159,316,1.6695938052575157
206,368,1.66948478970847
10,393,1.6694728965224124
14,165,1.66934058088504
232,443,1.669305136460644
11,368,1.6691771622672393
148,251,1.6690958610996482
163,393,1.6690607904269752
209,288,1.6689777089854125
196,261,1.6689747679271212
94,189,1.6688952030079893
368,443,1.6688749696513703
4,141,1.6687617480654457
175,194,1.668160309419789
425,427,1.6680654281487612
272,456,1.6680645381756065
213,323,1.6680328022166857
155,238,1.6680237012221613
182,452,1.6678954392051948
173,393,1.6678446250818861
252,269,1.667844625081886
209,452,1.667790239286005
115,209,1.6677540041464336
111,192,1.667428412784613
178,232,1.6673940433996441
173,238,1.6673916272226623
209,437,1.667386585717035
12,254,1.6673467242852302
178,205,1.6672262362131518
178,315,1.6671944390391453
167,256,1.667156319893232
142,213,1.6670385374481418
379,460,1.66703412712219
8,272,1.6669179749076766
4,175,1.6668786130739215
4,316,1.6668786130739213
196,427,1.6667609547861588
95,286,1.6665786664870805
157,199,1.6665282930779857
10,166,1.6664194581641665
12,72,1.6663487855254377
194,315,1.666247897312731
210,251,1.6661504871685031
159,368,1.666136034177955
195,461,1.6660996780138178
166,168,1.6659627615451342
8,211,1.665904462546803
236,253,1.6658026128086247
118,196,1.6656078672489651
154,456,1.6654603674884243
9,96,1.6652526113109158
154,443,1.6651614330455162
99,181,1.6649602186217527
232,318,1.6649601690736573
9,121,1.6648960933453805
95,261,1.6647578464826414
157,368,1.6647074651832183
205,269,1.664690807752058
160,273,1.6645275561314563
95,156,1.6644577264871026
163,319,1.664436183657864
118,272,1.6644351567380622
191,462,1.664365358825018
12,264,1.6643508448566322
6,393,1.6641904754823396
157,166,1.6641862162946037
262,437,1.664148960988438
140,159,1.6638113370266487
167,181,1.6637827419149245
3,194,1.6637164512140086
163,337,1.663664932005712
238,288,1.6636359933270843
5,175,1.663549764070259
315,460,1.6634304313397448
142,224,1.6633422635126163
11,191,1.663098798422147
232,337,1.6630407813881032
205,206,1.6630276439056686
262,264,1.6629347234758207
253,254,1.6628833275476498
132,252,1.6627076750470193
191,428,1.662651806407752
4,337,1.662612438860819
77,205,1.6623669354236972
141,271,1.6623123179505526
182,185,1.6623008025741088
4,450,1.6622919182700335
95,174,1.6620959088284475
155,459,1.6620624430703348
119,319,1.662042692015352
167,403,1.6620000169090499
118,159,1.6618579715919957
9,111,1.6618501656872777
111,148,1.6618102284498897
209,393,1.661785917321567
10,104,1.6617169821266617
5,368,1.6616157143988102
9,455,1.6616020501911373
148,438,1.6615251776833164
5,8,1.661413365967664
10,154,1.6613684851981072
178,403,1.6612318117992386
189,313,1.661135292791707
6,259,1.6610958170526897
177,318,1.6609564988071572
99,165,1.6608822622124824
10,253,1.660784173130214
194,443,1.660766262006912
159,437,1.6605488110981428
196,438,1.6603024621734326
77,148,1.6601063423542548
252,431,1.6600486486032278
9,211,1.6600243616306054
131,252,1.6599556581646873
94,323,1.6599422129287569
154,164,1.6597578901596535
95,257,1.659725142533018
194,323,1.659723323736448
94,140,1.6597218324096137
252,323,1.65971301531292
119,259,1.6596204152564522
210,255,1.6590658050683407
11,414,1.6590343951459865
119,271,1.658913683408292
5,455,1.6588744420507098
368,425,1.6588612796186781
6,145,1.6588555007859835
313,319,1.6587959073969767
202,205,1.6587718099681623
148,437,1.6586962492516788
9,205,1.6585842541925389
95,243,1.6585789830075581
197,236,1.6585726723327174
159,175,1.6585015758825117
96,211,1.6584929700407962
177,191,1.658418950338397
77,189,1.6583934457477258
98,100,1.6583388365267508
202,213,1.6583226589275517
162,459,1.658226584725081
119,254,1.6582124066892932
181,460,1.658122517297835
196,448,1.6578699611568797
10,89,1.6578669919256208
271,443,1.6577800485753595
447,460,1.6576596975819091
4,256,1.6576571719214597
93,420,1.657642522974681
194,224,1.6573884512496693
96,191,1.6573145779362275
8,209,1.6572252250087007
262,368,1.6569708852647398
438,452,1.6568574399461142
271,456,1.6567795251559865
163,264,1.656757784165638
262,375,1.6565541510756856
318,444,1.6564791519563196
210,428,1.6564774038162975
156,194,1.6563254218749621
11,238,1.6562828239554257
264,313,1.6560398416003839
4,131,1.656031014430837
157,318,1.6560274827830643
9,256,1.6559869977409483
99,237,1.6559476507657651
211,447,1.6559223795935243
157,170,1.6558456088457214
253,272,1.6557311652111788
163,447,1.655659768716707
93,425,1.6556390622295665
185,209,1.6556390622295662
132,459,1.655577686132911
95,461,1.655576346871422
155,161,1.6554655906065459
148,271,1.6553066545642015
206,271,1.6552960563286239
104,194,1.6552375594107898
160,314,1.6550735672268198
186,196,1.6550628905277671
147,458,1.655047513425868
210,316,1.6550407781458716
141,155,1.654961708364949
194,431,1.6549318221778317
224,456,1.654924320150053
163,178,1.6549001262680159
148,182,1.6548166650884693
191,262,1.6548091958484186
194,456,1.6545731645613402
313,403,1.6545700853858194
155,337,1.6545179787897977
155,171,1.654512151038844
148,191,1.6543553978139813
213,427,1.6540574599414812
95,217,1.6537197577916654
140,213,1.65356391831063
176,182,1.6533853647027885
6,252,1.6533255021937239
14,252,1.6531733532802446
147,158,1.6531704022236662
316,437,1.6531605454038825
284,460,1.6531448521280663
148,284,1.6528746799955885
165,170,1.652819228780612
94,115,1.652793630849131
119,211,1.6527332196120237
318,368,1.6527179671028398
148,214,1.652582934736254
93,320,1.6522967379131976
93,427,1.6522967379131976
4,129,1.6521200878892384
209,462,1.6520185776287892
213,243,1.6520158663360833
7,13,1.6513805004993978
93,349,1.6513464332493892
160,239,1.651312652480327
108,460,1.651306740626971
194,264,1.6512033592067659
147,319,1.6511826129031457
13,316,1.6511715048131714
8,428,1.6508265014076395
93,113,1.6506964845723975
196,239,1.6506318286631336
456,459,1.650540781190716
4,168,1.6505377798848193
98,456,1.6503858820291404
189,459,1.6503091598125688
163,380,1.6500587701172544
194,253,1.6500120324979501
252,257,1.6499877272824588
254,318,1.6499171809634683
155,166,1.6499103309472567
185,238,1.6498551944348392
224,438,1.649651590803026
160,177,1.649554951883647
259,264,1.649432452758045
236,318,1.6493043387668367
89,154,1.6491659265994871
119,318,1.6490558107388278
168,196,1.648794201858142
95,418,1.6487846512278093
10,119,1.6487617585404502
257,271,1.6487282877934915
4,37,1.6487142423249546
199,232,1.6486962311484077
196,212,1.6485309459871964
272,316,1.6482992226999666
11,259,1.6482872143470269
148,173,1.6481061026551522
159,251,1.6480928276524633
67,94,1.6479181946455819
168,191,1.6479003075815677
111,177,1.64788727023909
4,140,1.6476320050959752
131,155,1.6476196111258
254,255,1.6473900421693155
141,197,1.6473068039236902
12,164,1.6472822620204532
181,194,1.6470393336082358
182,210,1.6469057691544213
93,338,1.6468820591674078
4,156,1.6467987293229782
160,161,1.6467915744034818
7,262,1.646521908136073
189,428,1.6464670396171057
191,236,1.6463517271706236
253,455,1.6463367632688546
37,95,1.646285852596638
96,118,1.6462791887318384
9,272,1.6462354635495373
118,194,1.6460493453209102
173,272,1.645937543568304
12,447,1.645741518823953
195,447,1.6456998331317958
197,462,1.6456775305611344
5,319,1.645618391814762
6,427,1.6455965656326088
93,216,1.6455933144511463
111,253,1.6455194354233431
368,447,1.6454937334512794
55,194,1.6454297225993808
98,236,1.6453643668142588
118,251,1.6453414335464418
210,243,1.6452936764448662
7,378,1.6451107761611963
4,180,1.6450649291613568
214,216,1.6449082009981695
213,461,1.644836190083712
185,313,1.6447358948150745
178,238,1.6445930343951962
7,438,1.644580948283068
195,427,1.6441042879271839
210,212,1.6438723503711865
211,238,1.643866195525032
147,151,1.6436195022864162
12,118,1.6435845498206407
158,213,1.6433682305917259
197,427,1.6433149547623531
170,178,1.6433076145610017
12,148,1.6432320837784908
154,180,1.6432190936165367
160,403,1.6429884397987795
210,254,1.6429241524130382
12,212,1.642829276310206
119,182,1.6427250661554171
318,403,1.6427067209298851
5,192,1.642622236077269
96,98,1.6424894150861622
154,452,1.6424885714416022
177,194,1.6424687611041138
12,224,1.6424592636576396
13,154,1.642335857838891
175,251,1.6422907015303005
264,459,1.6422491581658438
13,320,1.6421960995335976
232,320,1.6421007499018787
323,343,1.6418804051152338
7,210,1.641772836343306
93,142,1.641755586012998
7,157,1.6417285018736547
271,292,1.6416370562664817
178,211,1.6416285063853306
132,182,1.6416071917588988
9,441,1.6414824067444789
7,272,1.6414149574286185
99,368,1.6412783135087743
10,232,1.6412333203759193
37,147,1.6412241279563184
168,177,1.6410363687123826
12,115,1.6409512586143535
13,262,1.6409246825235166
170,319,1.640856344012914
196,431,1.6407038834651433
7,181,1.6404731430734665
206,428,1.6404668442081989
166,209,1.6404363827862312
180,182,1.6403551485924914
132,213,1.6402982163647506
156,238,1.6402463263947873
164,167,1.6402070934649955
8,318,1.640205964742867
98,368,1.640195796081312
4,177,1.6401670581634917
180,252,1.640116134166161
206,262,1.639857686611345
211,251,1.6398001676295597
5,174,1.6397816466636908
202,252,1.639725777880519
195,437,1.6397222081320109
170,403,1.6397122566321418
199,209,1.639606176490811
214,254,1.6395771289707248
316,459,1.6394821946142613
7,141,1.6394366872713577
132,147,1.6393983136158687
224,251,1.6393699259547487
167,189,1.639331356023003
141,163,1.6390354995660545
8,145,1.638979214255207
79,95,1.6388006814173954
10,315,1.6386888770590151
93,177,1.6386295211480009
186,252,1.638606719205891
259,452,1.6385610130949213
95,343,1.6383953556435922
4,69,1.6383868473314767
197,368,1.6383579731524076
11,99,1.6379558382924024
60,93,1.6378846222215262
99,206,1.6378020897448426
271,438,1.6376895730962981
199,461,1.6374813836879514
99,154,1.6370998185486514
94,441,1.6370797441122074
337,378,1.6370276084593727
94,289,1.6369210852794296
167,186,1.6368103158182603
11,232,1.636744345085825
205,403,1.6367436475123334
140,460,1.6367430177998412
164,165,1.6362915210798021
170,185,1.6362155282941124
77,197,1.6360591432175549
192,195,1.636001196463809
8,180,1.635913433302212
238,271,1.6358902878072852
142,257,1.6357667050909512
121,155,1.6354374902446245
111,156,1.6354256797516389
5,168,1.635057998327814
95,317,1.6349308000328204
118,170,1.634848984228948
214,271,1.634798201129506
236,443,1.6347821529725823
251,255,1.6346682389092029
165,272,1.6346648801158852
185,220,1.6346514182886207
271,285,1.6345767382907983
140,160,1.6345063091600291
96,100,1.6344919753075193
131,160,1.6344526412115867
192,259,1.6343859576618043
8,316,1.634282926085066
197,251,1.6342085815390048
119,316,1.6341898539678312
13,209,1.6340458890638565
202,209,1.6340162738237654
255,313,1.6337817493762954
115,262,1.633767128218724
9,145,1.6335446160473048
139,210,1.6334422427757334
194,202,1.6333488306920818
213,220,1.6333217033640124
104,195,1.6331293956487725
94,420,1.6331095265912017
178,209,1.6330354856530782
121,318,1.6329823338580636
156,197,1.6329238462222453
159,178,1.6326997732831343
147,170,1.6324911564647278
232,456,1.6324143013926253
12,55,1.6323764783295893
4,288,1.6323401507251358
118,211,1.6322802148312252
121,148,1.6322739123520031
93,115,1.6319834165523324
8,118,1.631948325533742
8,337,1.6319356798429305
111,272,1.631921542856515
155,323,1.6318820600845425
94,450,1.6317374334224664
429,456,1.6316549497823534
95,420,1.6316526223918064
160,176,1.631615678693836
89,118,1.6315591954997803
5,89,1.6315484393180986
147,456,1.6314637421917453
195,255,1.6313808082895342
271,337,1.6313508094841929
148,462,1.6312457946275534
175,205,1.6312351359393715
224,380,1.6312232883938227
173,205,1.6309866392497896
175,176,1.6308680976920544
93,222,1.6308139299702966
191,259,1.6307238707144214
154,214,1.6306769966246781
170,176,1.630610632739567
6,199,1.6304684897527661
154,251,1.6304366340604601
259,403,1.6302622921462957
224,272,1.6302568282986565
178,251,1.6301474087798788
111,323,1.6300468800921581
108,163,1.6298737789459834
173,323,1.6298437255944622
251,458,1.6298122583224364
180,185,1.629760158078148
313,375,1.6296951282951087
148,205,1.629550115989939
182,438,1.629257811009056
10,428,1.6292459818649931
210,262,1.629127120335979
115,167,1.629106352615489
236,315,1.6290604639682629
94,396,1.6288272060928006
9,189,1.6287558137378357
165,202,1.6285617544482547
175,460,1.6285126809577348
194,320,1.6280057660041738
163,427,1.6278238365870872
195,456,1.627731800696967
206,232,1.627503695263659
118,197,1.6274262419415952
14,455,1.6274074179507259
7,319,1.6272736884701706
155,319,1.627253527779375
12,437,1.627178770527823
206,253,1.6271620848270298
205,459,1.627061619157545
273,380,1.6270149017832802
313,447,1.6269395585440114
290,375,1.6268172305725435
95,239,1.6267749506783666
118,253,1.6267474526655514
141,154,1.6266821117763808
119,132,1.6266531769410297
196,337,1.6265890082206316
199,251,1.6265276726632245
6,462,1.6263944975562956
195,271,1.6260789375120668
315,428,1.6260763145401211
197,391,1.62597102540273
4,204,1.6258972171696602
379,380,1.6258679770932036
132,163,1.625759095343262
313,337,1.6256224816956344
259,456,1.6255322637542413
180,196,1.6255018214398387
181,196,1.6254768342655064
186,318,1.6254584271014156
4,108,1.625392596269315
368,403,1.6253914386462447
96,167,1.6253590983454154
6,99,1.625306847436231
96,462,1.6248298033022268
9,239,1.624795472405063
140,210,1.6247811443542468
134,160,1.624751760036167
157,238,1.6244057475500573
224,452,1.6243920596353032
7,257,1.6243384978804734
160,447,1.6242463560363118
211,438,1.6241455299849261
132,166,1.6240917800750967
94,200,1.6238579543200231
7,197,1.6238238926452082
314,460,1.6236803724411535
115,438,1.6235725809022474
182,205,1.6234440922511848
318,445,1.6234259667868907
393,462,1.6234068074434305
11,393,1.6233413233407643
4,214,1.6232807953487667
167,428,1.623172161480924
5,185,1.6231222257693365
213,425,1.6230279030465986
252,461,1.6229369739377415
111,175,1.6229136322271676
11,455,1.6226456156343259
12,168,1.6225032935912589
316,393,1.6224750288541492
175,224,1.62242417578972
403,462,1.6224113618451708
137,141,1.6223057161803571
154,156,1.6220227964326805
11,121,1.6219693870689134
155,192,1.6218282394017578
14,163,1.6217520113644186
255,272,1.621577484541945
147,380,1.6214959535372306
140,209,1.6214580920564121
155,272,1.6213969316675818
160,337,1.6212043491963004
159,403,1.621184051485683
158,159,1.6211763717517256
93,454,1.620986337814187
152,160,1.6208822622124823
14,147,1.6206681701043104
140,148,1.6206064210599238
89,148,1.6205815404028892
185,236,1.6205620135924124
108,195,1.6204671585920525
220,251,1.6202746434886879
199,224,1.620228365267541
96,189,1.6200540880833942
205,256,1.6199571753509499
262,461,1.6198750435797222
202,211,1.619780894699516
166,178,1.6193844202336016
11,132,1.6191536237606527
262,288,1.6191344777463264
94,107,1.6189398320634587
118,205,1.618803530101083
213,380,1.6187967626810629
182,272,1.6187733425381052
147,452,1.618741554759694
4,448,1.6187171651387122
5,448,1.6187171651387118
154,162,1.6187161094748033
173,425,1.618373063021346
9,63,1.61810111020132
202,460,1.6178464025386108
213,290,1.6178157901108858
155,162,1.6178076363770444
160,320,1.6175020776216726
5,112,1.6174922526364102
168,259,1.6174550820158706
111,393,1.6174439148859592
159,462,1.6174198913691107
118,119,1.6173629593861163
199,200,1.6173580713936213
224,403,1.6172247859651283
99,104,1.617137172065349
147,191,1.6170720748415879
210,380,1.6170194568425424
8,431,1.6170057052846534
7,89,1.6170053570629674
160,206,1.6169205961975441
156,209,1.6169042751521858
159,224,1.6168497345504893
99,148,1.6166948088767774
7,67,1.616575349325569
168,175,1.616560942151859
170,210,1.616531663356572
262,319,1.6164251208117657
232,452,1.6164092805618624
177,196,1.6162403672543404
6,448,1.6162289082033152
63,94,1.6161812657114663
197,443,1.616171677298613
438,441,1.6161316487466864
141,253,1.6160502443170082
147,178,1.616012605779165
182,462,1.6157939697148247
147,437,1.615760935356868
157,393,1.6157310190810004
8,284,1.6157029589226775
9,380,1.6156281856470125
111,121,1.6156025601049793
368,461,1.6155990316105444
185,194,1.6152264714042086
7,170,1.6152182085505955
111,438,1.615128607314965
8,264,1.615098386175318
209,284,1.6150291956720193
118,254,1.614773721289945
4,265,1.6147432951393985
99,156,1.6146999614255255
288,292,1.6145998702187279
232,259,1.6145724328634585
212,460,1.614292933053464
170,236,1.6142907446384105
141,209,1.61428050265174
194,235,1.6142579288050918
154,250,1.6142140535206322
89,195,1.6140447772925757
158,191,1.614017287219694
318,429,1.6138184936378954
94,129,1.6137763928866267
111,251,1.6137015212194865
197,437,1.6136361589532604
254,437,1.613422701418744
96,315,1.6133520342788104
98,154,1.6133344429080865
96,195,1.6133237560745384
10,452,1.6133143152038587
89,209,1.6133102330484308
205,455,1.6131463280658669
163,243,1.6131224894892142
191,210,1.613085644651444
147,393,1.6129823186887051
77,168,1.6129407215837333
141,195,1.6129001130328617
209,237,1.6127865269683026
164,168,1.612748910354512
94,188,1.6126774013939682
12,158,1.6126541637453566
182,393,1.612593571481668
178,197,1.6123230461703184
10,224,1.6122849517681568
206,403,1.6122792981427332
159,393,1.6122431738365623
8,261,1.6120311691493434
155,214,1.6120041825784537
252,375,1.611955360523009
13,211,1.6119270323290364
99,173,1.6119081779805546
437,441,1.6118487445089826
197,380,1.6118100378816966
210,403,1.6117867983956704
6,186,1.6117611058655485
173,452,1.6117065911245207
8,121,1.6116766522032726
14,196,1.6116549479824354
167,185,1.6116350029138553
166,211,1.6116249877277693
206,224,1.6113921516183434
94,454,1.6111120674695412
161,460,1.6109569737788645
185,211,1.6109564487999086
199,315,1.6108844944429097
179,181,1.6108717544195708
243,252,1.6107736124505618
173,438,1.6107217249947414
8,168,1.61071362296386
214,456,1.6106732069946927
210,459,1.610630509540574
162,259,1.6104250123948196
199,236,1.6103773388911105
11,173,1.6102923256896602
194,444,1.6102815355954179
13,459,1.610229711521125
315,393,1.610170432653737
165,196,1.6100012187959796
6,77,1.609850166028942
141,205,1.6097380692780152
156,213,1.609654193112712
140,141,1.6094674228988128
12,255,1.6094588823535378
164,197,1.6093809344612207
95,443,1.6093289025600364
437,438,1.6092853720209106
213,235,1.6092817868334748
95,137,1.609265829249441
6,261,1.6092658292494406
159,427,1.6092211844981006
264,462,1.6092114225737237
173,183,1.609135941415247
6,191,1.6090340299569348
167,459,1.608972220599911
98,210,1.6089626579473537
148,459,1.608939123273587
170,204,1.6088980933790251
99,158,1.6088881632184684
93,261,1.6088840705376362
63,93,1.6088824188369655
94,358,1.6088824188369655
11,115,1.60880035412809
167,176,1.6086813349300295
12,236,1.6085595247831626
8,60,1.6084560035570574
99,167,1.6082377098526213
12,165,1.608128548285028
8,164,1.6081162969850455
251,253,1.6080479712056033
155,455,1.6079924876061673
368,375,1.6076351291494142
132,194,1.6074372881476575
94,157,1.607429111156071
12,119,1.6074026085726514
154,192,1.6073616307627712
4,251,1.6070999802854862
164,173,1.607009292591923
99,205,1.60694838190374
168,368,1.6068604167581848
145,313,1.6068439954446818
232,380,1.606730684197021
163,311,1.6066544891409116
77,119,1.6066483892964611
96,452,1.6065454075805694
141,167,1.6065220992784797
93,418,1.606449611283063
447,456,1.6064202341260938
182,188,1.6064139097171548
111,165,1.6063553997730615
132,167,1.606200172160231
134,460,1.6061360332660157
66,94,1.6061271149966012
12,237,1.6061196296937132
173,368,1.6060192292836961
205,447,1.605900588638434
11,77,1.6057810539986372
160,429,1.6057612511718773
156,262,1.6057090831516967
141,170,1.605707819394531
213,311,1.6056665287032856
9,188,1.6056089524763437
211,212,1.6055305537342526
93,116,1.6055123128556843
77,313,1.6054033665527916
380,425,1.6053778439091038
5,169,1.6053377974034164
8,210,1.6052754934411273
178,210,1.6051205575182954
4,193,1.605078894806185
162,380,1.6050634562463855
167,319,1.605044038620383
199,261,1.6049657969558557
264,272,1.6047909434864445
213,391,1.6047649235416552
162,460,1.6047482968629243
100,160,1.6047324116748245
111,210,1.6047136375534368
96,238,1.6046192261597088
165,318,1.6045463697190119
95,220,1.604532240517647
118,199,1.6043665803184877
98,175,1.604350811602641
178,313,1.6043477545809086
111,118,1.6042951037457724
160,261,1.6042908618174774
164,259,1.6042908618174774
96,194,1.6042896559870508
196,437,1.604244337256392
192,199,1.6041078996965148
8,89,1.6040639502026044
197,316,1.6040522560527215
111,456,1.6040056257220519
99,391,1.6039755026289664
152,252,1.6039149446700964
154,455,1.603906773888477
170,455,1.6038999145470074
4,147,1.6037711312818237
248,252,1.6034900476978904
141,452,1.6034774960908698
95,151,1.6033015352245172
192,253,1.6032537242174976
160,323,1.6032233811145944
118,368,1.6028707131511635
132,368,1.602797977545115
214,368,1.6027641265291646
69,460,1.602758110334129
95,445,1.602712767416992
89,155,1.6026896281798504
115,199,1.6025392675048176
148,452,1.602324550231849
167,461,1.6022520661950221
185,205,1.6022170014624824
162,210,1.6021985178337523
4,311,1.6020998597750213
185,224,1.6020062059887399
160,428,1.6020051741241623
148,166,1.6019244072392556
199,393,1.6019053410231887
77,254,1.601899082093893
437,455,1.6018251337520395
213,272,1.6018015313292
167,269,1.6017235055054215
189,191,1.6016589372273784
95,139,1.6015798571513378
95,330,1.6015337734397381
196,323,1.6014994099895112
393,428,1.6014485492772494
99,192,1.601384364990815
165,460,1.6013062351084382
272,459,1.6012442452801217
69,93,1.6012274809529556
236,251,1.601165007460097
8,77,1.6011637441256135
164,192,1.6011553211013738
100,195,1.6010792588803684
9,214,1.601066246178321
9,13,1.600984037997327
147,272,1.6009531097276575
164,189,1.6008599259948533
155,188,1.6008595460954573
315,316,1.6006847874357448
10,237,1.6006308264404292
173,264,1.6006156792558686
159,456,1.6005747649310849
191,403,1.6005225967773282
428,452,1.6003890924614734
11,210,1.6003137029664376
224,315,1.600307275479478
132,259,1.600242498319201
14,118,1.6002274293195822
119,232,1.6002026587682432
5,129,1.600196201617083
196,265,1.6001417646820226
12,458,1.600123315902894
271,319,1.6001092149180298
320,460,1.6000935211984795
12,178,1.600054633848871
157,192,1.5997103902420182
154,166,1.5996928132759198
211,458,1.599679582434232
160,444,1.5994709170293486
271,273,1.59930046076245
95,130,1.599224892942969
99,209,1.5992084036887646
176,178,1.5991991888605528
157,164,1.599169167798503
211,315,1.5990464270733233
175,253,1.5990224478033728
254,272,1.5990190491587857
261,460,1.5989947567136267
77,428,1.5989274836785359
99,262,1.59889523359815
167,211,1.5988951415940378
189,259,1.598663098242098
164,253,1.5986539042356886
182,204,1.598582028235801
7,199,1.5985798617120746
178,272,1.5985447705858644
199,459,1.5984717525604832
171,209,1.5984251447364277
318,319,1.5983796230434664
158,183,1.5983557078544421
191,253,1.598335805781204
119,197,1.5982796382516837
95,228,1.5981644944731683
12,89,1.5980849971523148
318,447,1.5979914974660523
14,205,1.5979671233180706
9,448,1.5978264575677934
178,269,1.5977873174826602
194,292,1.597760939547295
167,254,1.5977546629011226
209,461,1.5976889195313944
238,437,1.5975029066126019
162,173,1.5973759224160995
161,170,1.5973665781648823
89,182,1.5973518806269258
269,460,1.5973135034079136
206,238,1.5973101086344181
211,428,1.597300709995654
157,253,1.5972952868475494
157,214,1.5971128565475905
4,173,1.5969865144886497
141,148,1.596960783547523
211,272,1.5966232354949783
119,194,1.59653642572263
213,284,1.5964540049112277
158,167,1.5964525715875437
173,206,1.5963660804078614
94,102,1.5963201235697022
271,393,1.5961917469375804
155,158,1.5961414811532388
77,271,1.5960383751772393
206,462,1.5960353168278951
132,173,1.595942457794374
252,261,1.5956707256887113
118,167,1.5956199115654022
148,151,1.5955535654750388
192,197,1.5955131624191268
5,152,1.5954920866327058
7,414,1.595424544167331
427,460,1.5954068818364229
166,175,1.5953863431993476
202,251,1.5953815949098014
155,198,1.5953206306944323
316,319,1.595291484708834
12,175,1.595272570942029
132,452,1.595203202522402
12,210,1.5952021521000421
195,269,1.5951611645550308
192,213,1.5951574401811532
147,290,1.5951359404817376
131,271,1.5950778939994847
209,319,1.595064011378515
217,318,1.5950569703402897
9,118,1.5950479076894142
154,437,1.5950354519820285
165,210,1.595026858565272
95,314,1.5949143184120973
94,218,1.5949066182439395
111,462,1.5947909241955405
209,447,1.594781559861942
167,178,1.5947482515910683
163,236,1.5946915823687526
176,196,1.5946697778389303
167,443,1.5946632287201672
157,175,1.5946504932722536
9,195,1.5945926236216792
175,178,1.594587693739578
313,343,1.5945746835501902
37,460,1.5945454184544812
5,156,1.5943583130184518
148,272,1.5942741661236017
158,318,1.5941624594445498
95,238,1.5940289942241248
77,192,1.593999225943664
119,452,1.5939791668825873
154,429,1.5939295719477324
452,462,1.5938719802781358
147,232,1.5938519996845335
99,269,1.5938474085894598
134,213,1.5937443670151001
211,393,1.5937382869380956
213,320,1.5937166162052132
4,261,1.5935542483999297
9,337,1.5935095536864645
89,196,1.5933305045264834
148,254,1.5933107390435735
99,204,1.592998719511647
158,195,1.5929197843952807
205,312,1.592870516635899
141,264,1.5928013327095782
14,167,1.592787611280173
4,284,1.5926931967678326
98,443,1.592644512689055
205,261,1.5926419151553088
8,173,1.592412460968221
380,443,1.5923571535387937
140,318,1.5922371148677272
213,288,1.5922177169502865
13,259,1.5921394880763535
4,55,1.592138285291847
121,160,1.5921241458029154
210,378,1.592090024956056
8,132,1.5920242294958655
94,286,1.5920001314822056
93,179,1.5920001314822054
173,254,1.5919132578408515
202,313,1.5918780844582785
121,173,1.5918025951183814
161,195,1.5917996625817246
11,315,1.5917483117117202
147,316,1.5914957392569276
148,178,1.5913587689327602
165,254,1.5913261959796248
9,438,1.5913220300375799
171,196,1.591287545121122
4,391,1.5912761910559763
259,288,1.5911492615047647
159,315,1.5909236884766433
119,191,1.590923688476643
178,185,1.5908314965136927
252,444,1.5905595905492285
318,393,1.5904934765802843
148,192,1.5904694545797085
259,445,1.590435422508562
13,14,1.590404441473343
14,368,1.5901998765158558
7,243,1.5901978891370896
313,320,1.5901005545567464
148,197,1.590067293968068
165,173,1.5900183429497012
5,214,1.5899195761114635
151,182,1.5898779417101645
98,182,1.5897913856087804
167,224,1.5897549446395036
288,460,1.5895612192093287
168,195,1.5895513417286098
147,189,1.5895299890239143
315,437,1.5895064054625432
197,393,1.5894820223102395
443,456,1.5894727856768445
121,167,1.5893993725595346
104,119,1.5892786811964141
170,177,1.5891494338418188
93,157,1.589137680080281
93,447,1.5891376800802808
175,186,1.589087202365791
224,337,1.589066591941374
7,315,1.5890412851370208
315,438,1.5890319688701497
9,210,1.5889702141360158
173,236,1.5889131279489541
272,452,1.5887208515560793
99,160,1.5887102299916378
185,438,1.588666259279503
95,100,1.5884540845842892
232,437,1.5882310250038953
111,368,1.5882300565819416
147,254,1.588172821744488
142,271,1.5881599654069165
115,195,1.5880854628315135
180,197,1.5880746213155017
98,206,1.588061847182834
196,429,1.588035666098351
9,458,1.5879984476375482
17,94,1.5878482327987082
145,195,1.5878223802204197
159,191,1.5877273896141695
255,462,1.5876700690801164
10,192,1.5874836546633913
168,213,1.5873826686892312
4,14,1.587367373545995
252,265,1.5873337704384962
141,251,1.5873256258024162
176,181,1.5873229178772588
262,403,1.5872483458460727
118,262,1.5870730044539405
163,186,1.587069454716535
141,393,1.5869405521635283
119,214,1.5869341628650548
313,379,1.5868019386985976
135,155,1.5867654489638614
7,131,1.5865813496374253
314,315,1.586443291164634
284,380,1.5863690616947026
235,252,1.5863562513116654
224,447,1.5862725202104306
368,379,1.5862397286026584
12,448,1.5861943302814159
197,214,1.5859738890769006
13,271,1.5859687705793375
154,288,1.5858950591266223
104,259,1.5858684106335108
12,272,1.5858272859536944
119,141,1.5856987407568206
259,459,1.5856231288030045
238,459,1.5855749891072382
98,178,1.5854624538237065
36,94,1.58546208603744
140,155,1.5854125635935492
205,250,1.585383167226355
155,177,1.585382404548685
210,447,1.5853363157500595
6,452,1.5851861818496393
12,232,1.5850698740786275
156,182,1.585042707992305
161,318,1.5849888506678507
157,162,1.5849723398759181
161,368,1.5849484924478792
180,460,1.5849428990669512
152,318,1.5849326666845531
171,318,1.5849256106280198
7,265,1.5849022345490666
460,461,1.584856333251875
438,459,1.5848532006323457
236,316,1.5847956450148555
99,461,1.5847940015577613
89,197,1.5847301403133391
7,158,1.5846832368601533
12,435,1.5844972674830577
111,224,1.584276148385362
214,288,1.5842289882218363
145,154,1.584135261613909
132,403,1.584048443223761
213,292,1.5840190500759204
170,461,1.583922138833221
185,255,1.5838978246947237
11,118,1.5837400851284746
118,316,1.5837135597562118
111,316,1.5836594838101363
197,264,1.5834071621355839
173,316,1.5833413233407645
93,450,1.5833333333333337
99,238,1.5833055895900945
196,311,1.583226980137147
368,462,1.5830941021945835
195,264,1.583055241130758
168,262,1.5829851803767632
7,269,1.582958422848598
155,443,1.5829190350851587
5,312,1.5828765043125574
155,257,1.5828552756393413
239,252,1.582706473493662
132,262,1.5826231940373465
132,195,1.582536065636066
131,209,1.5823172280484108
14,262,1.582271951357443
147,210,1.5822712055123154
154,189,1.5820825519525747
170,237,1.5820711814712742
262,393,1.5820350130917553
147,255,1.58199702249188
255,318,1.581937410239956
55,264,1.5818530112922933
8,14,1.5818188615701212
8,269,1.5817809958538285
228,252,1.5817579692678623
7,256,1.581698347289432
151,195,1.5816867092393
119,459,1.5816675881433102
10,147,1.5815378906873607
264,455,1.581529838634463
284,378,1.5815065377306554
13,251,1.5814396871801344
205,427,1.5814027177210226
380,437,1.5813879719665973
8,181,1.581307800191786
197,292,1.5812931727538164
140,368,1.5812617908951452
148,199,1.5812050480497855
12,269,1.5811857896788246
108,271,1.5811681589064326
176,313,1.5809599129705403
96,368,1.580942673554618
173,455,1.580785983683857
99,141,1.580716125152226
95,288,1.5806437398494184
77,98,1.5806398921063138
269,368,1.5805857417928069
139,318,1.5805856180808977
98,157,1.5805183179868088
213,296,1.5805182842359196
99,189,1.5804850023649517
196,445,1.5804006983160046
141,175,1.5803157383429807
14,154,1.5803092718186607
157,251,1.5802947860096717
155,236,1.5802892231268775
96,163,1.5802890533616043
192,460,1.5802052556138946
63,95,1.5801923352232514
236,368,1.5801702124449821
119,139,1.5801150979810812
318,425,1.5798944092859795
155,243,1.5798702951368813
4,188,1.5798413919745822
158,194,1.579743395718023
14,194,1.5795460924984799
272,284,1.5793491305490908
8,443,1.5792224092928726
191,316,1.5791500060959907
139,154,1.5788976140152375
236,458,1.5788959149953483
142,163,1.5788718016128551
95,300,1.5788023624917786
259,337,1.578705869450749
132,199,1.5786809451956476
94,101,1.5786277825851505
6,209,1.5786267670198744
5,284,1.5786082145430416
205,448,1.578597653029454
318,320,1.578587397923504
236,264,1.5785873558024672
79,462,1.5785419359274258
224,254,1.5785275038262447
259,260,1.5783005895518447
239,313,1.5782411539866739
205,288,1.578238318762074
44,94,1.5781307870000845
192,368,1.5780402862776877
7,273,1.5780385926071014
139,195,1.5779417922620094
182,253,1.5779223686626798
8,170,1.577881234132381
162,197,1.5777894825833105
10,316,1.5776538632759498
141,460,1.5774800256598933
79,93,1.5774287729134877
167,191,1.577308683662264
252,263,1.5772800945533574
167,315,1.5771807765584078
337,452,1.5771757680350809
425,460,1.5771647991892703
148,455,1.5771458069103519
11,119,1.5771211552639606
164,313,1.5770552892299443
132,253,1.57695587010275
167,431,1.5768434732896008
271,459,1.5768015825611283
196,319,1.5767137751290832
4,113,1.5766729425082415
154,193,1.5765830816551998
4,179,1.576450036826719
99,459,1.5763668783523859
152,213,1.576332368728038
11,157,1.576136237511423
115,160,1.5761288949343069
159,238,1.575961410309961
119,173,1.5759440683234158
55,318,1.575933304113954
142,160,1.5758488118960046
98,403,1.5758203458583808
115,170,1.5757156979332043
6,163,1.5756954760662902
159,272,1.5756868523621408
96,134,1.5755339206900034
60,94,1.5755053962921701
99,131,1.57547810342615
94,372,1.5753355936447078
104,210,1.5752633793737127
104,313,1.575237559410789
134,194,1.5752354747482364
232,257,1.5751412304953225
252,284,1.5751402785044015
99,460,1.5751271864356113
243,259,1.5751013291481584
44,196,1.5750687737880344
185,316,1.5750510045099557
175,271,1.5749520881267507
12,257,1.574937865901668
182,315,1.5748590392196014
13,232,1.5747773736416866
131,232,1.5747544634495334
2,182,1.574652133533953
271,391,1.5746498615571116
176,194,1.5743982987596594
156,173,1.5743188486136037
272,273,1.5743008833070802
167,238,1.5739236840733801
160,450,1.57392247379652
194,393,1.5738471933153657
95,462,1.5737910441418845
156,316,1.5737474124375823
167,456,1.5736418698199257
250,318,1.573418545128437
210,414,1.5733966927248595
148,323,1.573387283267054
163,458,1.5732854319741751
7,255,1.5732210381792866
140,196,1.5732194132304436
197,318,1.5731301001644182
140,157,1.5730670494417023
236,313,1.5730606704255492
7,156,1.5730469204323279
12,316,1.573016574783384
141,199,1.5727799365636583
263,264,1.5727164995295597
224,378,1.5727151597253441
141,158,1.5726357067494463
8,455,1.5726229662668771
93,190,1.5723577154531494
93,110,1.572357715453149
271,427,1.572322107796417
65,94,1.5723184946053557
437,458,1.5722682281385985
2,4,1.572242171902814
4,349,1.5721016699251351
11,224,1.5720842601902736
7,185,1.5720403465444548
315,458,1.5720401895558052
163,455,1.5720090647057003
164,452,1.5719870178313449
89,460,1.57191249376081
202,323,1.5718362519639384
316,428,1.5717172234212213
191,254,1.5716608620312702
11,272,1.571616222716419
316,458,1.5715891127755404
12,243,1.571533625206996
238,368,1.5715022079475518
11,162,1.5714436397359854
13,206,1.571422214472083
154,157,1.5714123250448568
170,180,1.5713557881707814
93,256,1.5713464332493892
261,318,1.571320172009919
232,236,1.5713146334919073
132,159,1.571268789766562
199,316,1.5711607684872009
232,403,1.5711519548538149
180,209,1.5710768916958644
9,315,1.5710162619722245
182,206,1.5709892434682413
80,93,1.5708702802476346
95,264,1.5708485044080391
232,261,1.5708375268422115
236,238,1.5707355881489844
192,393,1.570578697863159
150,252,1.5704535833330782
161,210,1.5704148459776743
202,253,1.5703362112427797
6,455,1.5702970613555993
166,177,1.5702618050770043
167,169,1.5702596260355663
7,296,1.5702185719709598
147,156,1.5701771593709037
213,216,1.5701117997492329
148,262,1.5701032233320054
154,427,1.5700622794197476
55,155,1.570051214450336
7,99,1.569769838591154
12,131,1.569741605491726
115,205,1.5697403102863194
99,253,1.569663835223999
154,199,1.5696448076743925
96,262,1.5695716489222213
155,181,1.569481355231454
251,256,1.569438734096075
162,166,1.5693290745620614
118,162,1.5692669159427413
264,288,1.5692407787942448
95,108,1.5691870473984586
119,380,1.5691622524574744
155,378,1.5691077638050999
195,380,1.569104749369478
199,254,1.5690244234934738
147,212,1.5689720205809454
142,313,1.5689420413699298
111,159,1.5689064141206581
269,271,1.5688862236305894
94,250,1.56886669775875
11,158,1.5688654925005496
98,167,1.5688378286993903
162,182,1.5687773592211784
448,460,1.5687532115812346
238,251,1.5686841607752278
319,460,1.5685565110529227
160,379,1.5684544759725456
119,167,1.5683375382575793
13,318,1.5682675435521678
157,254,1.568265954301071
194,236,1.5682214568736725
315,455,1.5682214568736719
98,119,1.568178698438273
148,149,1.568153321412251
6,96,1.5681354422988734
260,318,1.5680875017529332
253,288,1.568062172693798
165,209,1.5680483196434207
156,368,1.5680395437990144
96,255,1.5679800723334556
121,195,1.5678682218789843
157,271,1.567753464460659
164,251,1.5677342060160866
232,447,1.5677171135429588
4,166,1.567707262044574
95,183,1.5675787612092142
255,262,1.5674385886482323
10,455,1.567406693698167
95,292,1.5672404264752882
104,262,1.567095741205036
4,420,1.5670688082329647
121,163,1.5670655997667018
199,202,1.5669903672031327
214,232,1.5669633769204983
119,437,1.5669278265595628
96,318,1.5669153498068353
98,160,1.5668879536649547
195,261,1.5668585359250593
9,403,1.56682366070245
170,232,1.5667875510766012
160,192,1.5667569588689392
104,111,1.566712695562881
154,393,1.566545128395704
176,252,1.5665388860477074
7,379,1.5664680242554725
166,456,1.566445067534274
111,455,1.5663362284051876
10,438,1.566331737597961
209,264,1.5663184448431913
11,166,1.5662764829032592
232,269,1.5662368400348912
119,253,1.5661787102622209
55,313,1.5661169245316475
148,156,1.566114394133825
13,167,1.5660801390373364
8,452,1.5660483108830585
196,391,1.5660378163412951
77,368,1.5659951149039593
194,343,1.565685882269439
157,178,1.5655714317595928
77,380,1.5655592272886871
141,191,1.5655212058400945
156,168,1.5654321499382975
318,437,1.5651839460041763
253,319,1.565140713345602
337,425,1.5650728036558248
9,165,1.565054874190307
378,437,1.564888579802994
142,253,1.5648265182515433
259,323,1.564806754434074
131,197,1.564802178693938
6,438,1.5647484129394538
252,296,1.5646136564674662
159,255,1.5645773462371355
115,211,1.564564190626901
44,93,1.5645554470739267
194,257,1.5645547072801653
156,460,1.5643145572340347
72,155,1.5642619775955942
137,318,1.564238704831116
100,155,1.5641701160657149
96,141,1.564160366477432
315,459,1.5640042932747549
216,252,1.563999934806678
209,428,1.5639457126081127
251,459,1.563923943145673
210,437,1.563854044708532
9,265,1.5638049252365798
171,173,1.563741952869281
163,461,1.5637048210562325
9,264,1.5636734621690582
115,238,1.563667836897318
4,239,1.5636676833252707
232,260,1.563665867573732
139,252,1.5636119964286912
77,251,1.5635462697471911
95,168,1.563544984794266
98,111,1.5635379556172475
177,368,1.5632045592622907
445,452,1.5630547931674244
197,456,1.56302582475729
175,259,1.563024428959099
111,166,1.562980917617177
194,261,1.5629593514003077
131,213,1.5627087209647461
162,175,1.5626043347033076
210,461,1.5624110287538149
104,205,1.5624042704756917
238,272,1.562401503515165
211,319,1.5623531706644158
155,239,1.5623489250618783
166,272,1.5621600958703512
191,238,1.5620541959164889
5,171,1.5619861330942466
259,393,1.5619639622904489
197,438,1.5619125288548372
185,315,1.5617053484925805
163,239,1.561443691943962
154,272,1.561425523527898
7,161,1.5614117183447895
178,206,1.5613891985820312
14,168,1.5611501314124887
254,459,1.5611415706042728
7,55,1.5611258441164348
167,180,1.561012725857676
159,205,1.5609358682760273
210,272,1.5608599504475027
232,254,1.5603713862262836
7,139,1.5602876019582712
428,462,1.5597494575258597
195,379,1.5597419527006795
9,418,1.5595016843669176
259,461,1.5594903235830906
89,253,1.5594578050266044
205,438,1.5594368194502897
181,209,1.5594349141381152
214,251,1.559402140560505
12,393,1.5594014091426407
11,212,1.5593968456247422
100,182,1.5593521942042572
236,462,1.5593444285317535
79,160,1.5593344108100469
145,252,1.5592759529833624
131,460,1.5592175291128954
174,178,1.5592122701652311
7,98,1.5590310527929176
12,120,1.5590233918956993
224,236,1.55900092820032
314,455,1.5589846471337334
337,456,1.5589208092996139
158,166,1.5588485346494763
199,448,1.5588462312086464
168,170,1.5587620023814208
96,175,1.5587496697418262
140,167,1.5586630817995144
155,447,1.5586046474603235
77,262,1.5585991316666545
211,288,1.558464591190808
11,264,1.5584129198135463
232,319,1.5583935334379753
238,379,1.5583931768844677
210,427,1.5583624711882458
196,256,1.558341880867432
10,118,1.5582762333258988
177,213,1.5582457502736868
12,137,1.558167906827188
313,455,1.5581188247639637
320,437,1.5580595211441572
108,148,1.5579360606979011
337,460,1.557917759477668
111,314,1.557859479680921
265,460,1.5578222265897526
167,251,1.5577009316247405
10,272,1.557657073037879
182,254,1.5576258689860645
185,253,1.5575980545858925
97,252,1.5575631032130708
131,205,1.5575192600531698
7,66,1.5575020607766046
3,12,1.5574748040010795
214,458,1.5573967034401761
6,158,1.5573244886413586
195,288,1.5570433138612667
94,290,1.55700273142711
271,447,1.5568680416774485
224,259,1.5568239832376964
197,255,1.556820193438551
5,218,1.5567741468079217
158,182,1.5566880320627734
165,205,1.5566720321459657
134,313,1.556586563352359
181,197,1.556576846326509
14,459,1.556530564114427
182,437,1.5565283674707275
69,160,1.5564627055977274
77,132,1.5564405096979168
205,214,1.5564279453399088
7,320,1.5562710588559006
141,224,1.5562576177764076
94,229,1.5562073948513664
98,156,1.5561313692297385
175,206,1.5559708451713186
11,452,1.555954634396623
10,181,1.5559307310645296
10,456,1.5559251330025785
155,180,1.5558715650534634
8,393,1.5558365234304705
141,173,1.555684020435552
96,460,1.5555311190221026
147,438,1.5554805526792568
63,170,1.5554336223736815
182,403,1.555413329554325
7,132,1.5552208323774015
166,169,1.5551541663346142
7,264,1.5551522333109349
238,320,1.5550666503079988
13,159,1.5548891263732771
155,343,1.5547008177223647
214,459,1.5546332649209074
7,261,1.5545229259762172
132,460,1.5545204922971465
154,444,1.5544561815777698
111,186,1.5541564213602344
4,174,1.5541215016754824
96,209,1.5540567832900813
181,205,1.5539845506736423
199,260,1.553981300522562
166,196,1.5539011572458532
262,290,1.5538788171487041
12,121,1.5537468587523127
167,206,1.5536033083659542
108,155,1.5535818174234084
94,364,1.5534592837283854
155,202,1.5533801309411457
98,253,1.5533146568075726
272,290,1.553309996417469
251,316,1.5530406234728595
211,264,1.5530314358301154
121,462,1.5529682451933704
12,427,1.552935189421216
197,452,1.5528079924664875
104,154,1.5527932485359437
232,315,1.5527769430253309
239,262,1.5527740718212353
94,113,1.5527706953809828
253,437,1.5527272876609104
140,232,1.5526497636615857
141,458,1.5525931775029957
111,443,1.552510711710642
98,455,1.5525037723950263
205,253,1.5524386828337322
6,461,1.552383038531872
100,211,1.552279882944792
178,459,1.5522686248905757
94,369,1.5520439277594107
209,255,1.5519320321585206
89,159,1.551921341807847
194,239,1.5519020711819864
155,186,1.551737912015299
147,185,1.5516348464015624
159,173,1.5516156690311491
10,115,1.5515751556690776
132,237,1.551534667250997
104,224,1.551507441775264
252,317,1.5513066994364022
403,428,1.5512941753546732
189,462,1.551100860344039
168,459,1.551085796119251
6,100,1.5510266366171777
7,164,1.550904923648867
212,368,1.5508952474149724
99,129,1.5507831555757219
171,213,1.5506903386350857
131,194,1.5506276321269674
8,115,1.5506262341058896
284,286,1.5503452031451181
180,271,1.5502819367451495
13,140,1.5502581366903467
206,272,1.5501038634143394
12,156,1.5500075103751714
6,8,1.549936235235151
118,141,1.5498519744911265
77,455,1.5498494442888338
271,425,1.5498165647839839
160,284,1.549733979348056
252,447,1.5496864693855197
195,236,1.5496855465639852
5,130,1.549622121150296
163,185,1.5496162868435264
94,361,1.5496128717735014
94,442,1.5495293552826008
252,288,1.5495010118900403
100,262,1.5494765600271778
180,205,1.5494686276343763
316,452,1.549208107367688
213,445,1.5491996438532487
121,288,1.549191845834223
160,461,1.5489120958760882
99,195,1.5488917124877974
167,253,1.5488612702536122
196,414,1.5486884426614382
232,368,1.5486790431636297
97,99,1.5486582486719311
95,149,1.548645930814997
93,319,1.5485634360323999
9,235,1.5485609125825042
10,98,1.5484852718789563
160,431,1.5483303492449765
167,380,1.548329688273161
155,237,1.5483210246096406
252,320,1.5480894994751173
255,259,1.5479900405817535
197,257,1.5479541344859968
213,337,1.5478278740084888
254,316,1.5477940762065834
104,173,1.5475832884340228
170,199,1.547563041442364
211,461,1.5475624160494936
8,104,1.5474270973245134
164,271,1.547394515395638
160,186,1.5473922591725602
210,288,1.5473523391672688
166,189,1.547343211545642
121,182,1.5473050932596257
160,311,1.5471790965755217
9,180,1.5471157406344982
69,253,1.5470281845319027
160,296,1.546927551347343
148,152,1.546647414598242
168,182,1.5466094168862408
5,195,1.5465572639260279
273,337,1.546542607947597
155,178,1.546526637457659
199,368,1.5464862154931243
118,337,1.5464203696381926
7,450,1.5463731840799895
118,284,1.5461731274786736
163,429,1.5459264345820598
77,104,1.5457961523916257
428,455,1.5457551921428099
164,262,1.545728961703702
314,368,1.5457143408418097
271,316,1.545672013591172
173,428,1.545554328626775
7,100,1.5455046044756753
111,238,1.5454430254357823
131,253,1.5453912565730241
149,252,1.5453723797489798
8,265,1.545180737141474
12,379,1.5451784548320149
185,318,1.5451473413609793
132,462,1.5451132615057246
134,148,1.5450992232177634
70,93,1.5450897174754097
169,182,1.545073095601115
154,264,1.5450634978748006
253,323,1.5450525598318696
252,379,1.5449448318544572
100,167,1.544926633311829
9,186,1.5448309319081912
177,211,1.5448096901756563
99,162,1.5447689176811816
186,209,1.5445903046309797
13,155,1.544587226846297
118,447,1.544571212270437
14,159,1.544415840131494
177,195,1.5443614870421454
175,264,1.5442284187170476
314,318,1.5441568545976148
171,252,1.5441145736238258
192,315,1.5440851421870307
170,452,1.5438669975910762
9,323,1.5437716757838758
178,271,1.5437171814352588
205,428,1.5436600256949171
165,452,1.5436393524026102
147,323,1.5435750926875629
14,170,1.5435582179949765
180,462,1.543523370438291
166,213,1.5435038381614254
160,171,1.5432948639371393
11,438,1.5432180837661345
145,318,1.5431674221511
254,315,1.5431656086263024
145,232,1.5431556498668728
12,134,1.5430759539738683
118,182,1.5430201215957031
159,189,1.5429903103481657
147,162,1.542947405928607
115,148,1.5428898185633817
14,157,1.5427091780508162
272,368,1.5426014709020452
156,205,1.5425005964220337
77,99,1.542338595141361
262,447,1.5423191140940187
197,458,1.542275753764731
13,147,1.542266367240559
175,254,1.5422326473146617
183,252,1.54218949045709
96,403,1.542164417842575
271,379,1.5421297423212121
236,393,1.542076073467279
139,259,1.5419912521152912
20,94,1.5419011889093377
316,380,1.5418753402034313
262,284,1.5417795754566557
252,380,1.5417046222473396
180,181,1.541682700764601
175,189,1.5416606448939763
6,131,1.5415301730294655
94,432,1.5415268218713283
119,393,1.5415204802542948
148,314,1.5414726064131987
194,429,1.5414441525727065
161,238,1.5414334797917464
161,194,1.5414221094610348
111,164,1.5414191013224305
154,255,1.5414082219578602
99,175,1.5413824877920823
8,257,1.541348247923322
111,171,1.5411149341572192
98,147,1.5410261524428641
159,438,1.5410240468584224
115,163,1.5410155453494736
108,197,1.5409047552249722
141,262,1.5408872157831477
99,315,1.5408822622124823
7,180,1.5408743176378439
157,459,1.5408718065345544
5,161,1.5408492055280014
176,209,1.5408456093049276
95,375,1.5407991115509243
7,427,1.5407810346635529
165,368,1.540679377189533
141,238,1.5406428175436653
37,380,1.5405982508913105
100,213,1.5405354527256112
121,196,1.5405336595382384
148,443,1.540507909930959
80,154,1.5404486374214041
151,209,1.5403590844136772
14,212,1.540300502034119
11,181,1.540214526489481
162,213,1.5401888830805823
209,269,1.5401551378793161
115,155,1.5400569965332738
13,182,1.5399726877872426
12,429,1.5399465310162557
165,315,1.5399405741272019
171,197,1.5399135651832512
320,337,1.5398425527459194
148,461,1.5398321788574179
167,202,1.5397800716870105
141,315,1.5397745772162528
195,224,1.5396597234417613
111,157,1.53964794274484
272,428,1.539405792312488
141,323,1.5393919262624374
162,191,1.5393872485278814
167,192,1.5393658510499135
11,164,1.539349248629587
96,251,1.5393283874871135
315,456,1.5391218791609849
205,452,1.539054952018524
4,431,1.5390385142866057
264,284,1.5389830225136056
94,165,1.5389398320634589
164,368,1.5389052813280508
368,438,1.538904524646364
154,177,1.538749483915036
254,462,1.5387425148707856
209,456,1.5386855593593798
168,255,1.5386496593095431
195,256,1.538604093775054
147,199,1.5386027307739396
154,319,1.5385961201745075
163,180,1.5385735693094973
159,447,1.5385353699410689
254,455,1.5385235561235622
191,315,1.5384860122636947
206,429,1.5384855070316104
111,158,1.5384563354211946
170,218,1.5384012793501458
99,232,1.5383122218756848
456,461,1.5383094471878502
318,337,1.5383070021313372
167,437,1.538276224448554
232,427,1.5382486199471106
148,175,1.538186383354234
140,259,1.5381534667177648
93,270,1.5379841082136025
84,163,1.5379625353582456
8,461,1.5379270637390123
9,183,1.5378849203377667
232,393,1.5378725732624234
93,426,1.5378281007561478
154,337,1.5376492360801652
98,177,1.53754364917134
161,185,1.5374357287539526
89,173,1.537210342039706
161,252,1.5371980057125239
5,134,1.5371624140663112
134,209,1.5371260700111398
119,206,1.537033056361223
77,211,1.5370178281263063
264,443,1.5369510092734608
205,323,1.536916599402192
155,286,1.536807499861494
209,444,1.5366299184298193
154,380,1.5366111993718183
5,239,1.53657071691504
5,142,1.5365080232231918
148,393,1.536473600075788
9,140,1.5363550035130784
210,445,1.5363488251683777
11,180,1.536332132735101
224,393,1.536276729329045
111,206,1.53627225672547
185,186,1.5362301982480504
98,168,1.5360465130629564
131,163,1.5360288688696129
202,447,1.5360035074014886
212,213,1.5359907930611252
292,318,1.535812955194116
191,206,1.5357578037797721
80,196,1.5356532000522662
140,142,1.535642566396746
7,206,1.535611219902
77,259,1.535470426174986
37,163,1.5354594332939089
160,260,1.5353258835611583
119,156,1.5352835154932487
8,315,1.5352824260043891
77,253,1.5351132745309954
150,160,1.535083384864946
2,5,1.5349454173810537
93,308,1.5349454173810533
111,119,1.5348043735852221
98,262,1.5347699621691047
6,211,1.5345670940755909
11,319,1.5345451205762515
176,318,1.5344864021354387
174,191,1.534422704977039
196,257,1.5343791832464209
119,140,1.5343620292820426
93,286,1.5343371980653049
161,205,1.534323526685847
205,456,1.5342677181423525
121,257,1.5342617778571201
147,175,1.5341831737149372
147,236,1.5341758549818143
89,337,1.5340643793565991
13,462,1.534033745169331
164,254,1.533960070834082
264,368,1.5336925007013789
72,93,1.533566778616578
99,168,1.5335066888847069
459,461,1.5334838754325002
251,269,1.5333989748028864
178,255,1.533376291600153
100,209,1.533308340237433
8,156,1.5333032092695633
183,313,1.5332945843855095
191,319,1.533222651121587
121,316,1.5331975131041187
19,94,1.5329902015765384
191,448,1.5329525878831134
147,197,1.5329286980305812
100,148,1.5329138981775041
236,262,1.532888337541798
93,265,1.5328786893420312
135,141,1.5327663639959697
211,216,1.5326174796835603
443,455,1.5325910136604777
224,427,1.5324651689105684
77,173,1.532384018899473
99,254,1.532368779556462
145,194,1.5323509586705737
12,320,1.532344033866016
89,99,1.5322450324277446
154,448,1.5322332257859306
318,431,1.5322272052511743
104,148,1.532208294713467
269,380,1.532141383689921
111,431,1.531965839310962
167,212,1.5319106620776533
163,379,1.5318537085169397
173,427,1.5318122131002148
210,264,1.5317451199471663
259,425,1.5317361962518887
456,458,1.5317114516427777
10,255,1.5315763323180753
253,447,1.5315070999435565
148,257,1.5315045616509098
93,183,1.5314536459234775
181,393,1.531343450515866
428,459,1.5313169272279497
104,167,1.5312192749648363
197,272,1.5311024401697728
199,253,1.5309278535981345
271,284,1.5309244949527043
238,462,1.5308713130184146
181,319,1.5308672668321486
253,378,1.530854485187802
189,271,1.5308493199066442
197,403,1.5307709956148987
14,264,1.5307683351671528
8,243,1.5306567860385982
150,167,1.5306463113212763
161,167,1.53052094973227
211,403,1.53050633014791
11,168,1.5304812990545293
236,271,1.5304610369297478
213,448,1.5304421214695063
170,447,1.5304235626650429
118,157,1.530403636947425
79,252,1.5302986590113055
142,318,1.5302408826996923
4,218,1.5302164307369257
93,151,1.5301761368107267
7,59,1.5301567232532545
132,428,1.530119803030273
213,378,1.5300815674962913
55,427,1.529991405028816
134,137,1.529926598977189
428,456,1.529918577115804
254,456,1.529890961626551
178,458,1.5298408323636812
155,320,1.5298207267163475
145,209,1.5297686668105903
320,452,1.5297219959825727
313,431,1.5296750991701593
115,253,1.5296632280239921
119,378,1.5296446954842011
447,455,1.5296302588323003
131,195,1.5296223306574928
93,143,1.5296180501443695
163,199,1.5295929129175976
108,315,1.5295304192255716
12,14,1.5295205143649535
104,443,1.5292200798821143
183,318,1.5291998235768463
8,37,1.5291914306674157
162,232,1.5291481016760629
180,210,1.529052444215119
94,418,1.529042962133064
137,209,1.5288704072477284
121,205,1.5288672326482375
178,259,1.5287951775716553
115,173,1.5287821106538417
194,458,1.5287662933495216
194,425,1.5287064871029084
253,456,1.5287035694681537
197,447,1.5286727958397899
271,296,1.528666314441559
111,236,1.52866424107485
206,318,1.528518443534144
182,212,1.5284327638616408
173,186,1.5284255664023756
118,255,1.5284223295558355
132,206,1.52824554145321
147,447,1.5282000003197247
212,254,1.5281294416629088
284,288,1.528115431412263
89,254,1.528065937360966
7,288,1.5280503994590364
8,80,1.5280417236583679
163,179,1.528039469621107
164,232,1.5279686299606055
5,396,1.5278251137248642
211,443,1.527796526343564
12,288,1.527729259200882
162,313,1.5274033921146966
380,456,1.5273371955111599
259,455,1.527251750720866
140,337,1.5272304357986735
111,264,1.527210488074008
89,194,1.5271720031488045
213,444,1.527135572029959
224,455,1.5271115700313036
196,444,1.5270800081760303
132,238,1.5270706840929984
163,444,1.5270302463267074
147,378,1.526957175698699
4,65,1.5269485096368165
195,337,1.5268985548861393
173,429,1.5268093293217664
186,323,1.52677306022738
173,257,1.5267386150177735
154,314,1.5265389766948454
98,176,1.5264879896517063
4,102,1.5262804816836242
160,442,1.526202598165556
111,176,1.5261817627714929
189,319,1.526115112250985
252,349,1.5261090458301692
5,459,1.5260265301011657
8,256,1.5259406357608822
6,237,1.5258143030416444
4,216,1.5257102534458227
159,319,1.5256813526506323
166,191,1.5256283182757477
218,262,1.5256096573135558
10,261,1.5254642635491433
137,238,1.5254628032928597
12,63,1.525444001932535
77,118,1.5253103956404712
104,232,1.525238202820334
189,197,1.5252278236869727
428,443,1.5251713755136707
211,437,1.525115307038428
10,206,1.5251124655553554
195,443,1.5250437324094537
6,213,1.5250315288306464
9,162,1.5249846185060418
8,178,1.5249787778909587
251,438,1.5249604129016212
5,254,1.5249535320618142
108,196,1.5249378670686191
111,437,1.5249360814806447
9,79,1.524934503766344
140,380,1.5249104418171586
315,461,1.524863949209363
165,214,1.524841846665041
272,460,1.5248383641263614
165,175,1.5247632811590657
93,178,1.5247020479508595
194,273,1.5246694395658
214,272,1.524591780918641
6,148,1.5245463036487223
206,313,1.5244859935518953
159,269,1.5244661431708741
100,166,1.5244536554180685
118,173,1.5244511058227512
157,314,1.524270899248647
96,437,1.524242315681404
159,380,1.5242348818340807
380,431,1.5241807721175324
77,141,1.5240609158995186
115,224,1.5239459123775045
4,243,1.5239157804630892
5,188,1.52389745157224
148,165,1.5238157530459653
4,378,1.5237270428590788
139,262,1.5237219653150123
11,175,1.5237017320083037
13,213,1.5235332722476012
6,256,1.5234028074666992
166,318,1.5233001260837855
163,288,1.523280215994033
111,320,1.5232204551710768
148,185,1.5231590223964186
118,459,1.5231254158322396
165,253,1.5230518273276286
148,212,1.5229780518846823
12,161,1.522950323167687
173,189,1.5227979311017483
96,224,1.5227122466668102
461,462,1.5225576987623164
132,197,1.522530889720964
213,429,1.522524769602927
180,213,1.5224517474036823
9,72,1.522328222791423
254,288,1.5221292984509347
163,314,1.522123565620716
155,292,1.5220770518950661
425,455,1.5220407802421703
210,443,1.5220391242040692
9,135,1.5220273011932393
166,237,1.522013216101736
9,284,1.5219643039049802
95,129,1.5219217352678651
98,132,1.521852094299396
159,264,1.5218267034357293
5,296,1.5218212138091967
145,427,1.5217448939325737
98,202,1.5216295680163787
147,188,1.5215634186664047
163,273,1.5215300414675312
119,462,1.5215197236486577
192,209,1.5215048936591695
118,140,1.5213542262872708
199,428,1.5211644584732247
95,296,1.5210398716567695
316,443,1.5210099402315402
141,437,1.5209788939068294
131,167,1.5209780556634391
209,235,1.5208379921381794
177,403,1.5208157140091747
100,460,1.5207146010278534
140,271,1.5205866621659727
192,205,1.5205709666441138
148,158,1.5205544723971838
220,313,1.52049295835046
191,211,1.5204352326360544
94,319,1.5203750945933545
121,271,1.520336292272217
163,257,1.5203056122801688
98,315,1.5202812419714946
162,168,1.5201914483708368
9,115,1.5201128892064988
161,447,1.5200481934347285
214,264,1.5200114383920966
98,237,1.5199497437116942
149,160,1.51992138774915
213,319,1.5199197518069734
257,460,1.5198684948469317
199,452,1.519832627015764
141,257,1.5198075601965197
55,72,1.5197640209285403
7,186,1.5197599658317014
414,460,1.5197554651612724
10,236,1.519657930452499
232,428,1.519637213241636
166,181,1.5196108502009895
13,238,1.5196077912329353
37,290,1.5195578539977224
199,214,1.5195464718242593
8,273,1.5195339788372642
138,147,1.5194904100957036
182,238,1.5192015984057072
195,237,1.5190236967088595
209,286,1.519007890080086
8,319,1.5189832805353236
96,253,1.5188265022404264
285,318,1.518769336351705
104,455,1.5187189616429153
193,195,1.5186874184415258
251,428,1.5186488516999521
148,206,1.5186306489787982
77,181,1.5186021628534128
269,461,1.5186021370466318
195,284,1.5185644696520872
7,104,1.5185607998302517
139,209,1.5185350726212667
179,180,1.5185350078555255
156,438,1.5184957834766077
100,199,1.5183572017679974
238,319,1.5182975702780197
11,104,1.5182426910248465
119,368,1.5181975140212531
162,438,1.518112151092595
121,210,1.518050930646391
210,379,1.518046206821964
195,319,1.5178054250902893
154,292,1.5177866911014812
224,379,1.5175825148887492
77,134,1.5175159198316757
156,167,1.5174546918557557
148,164,1.5173905180793936
161,251,1.517385186937815
77,210,1.517323841529507
131,132,1.5172793345482583
199,211,1.5172655713723386
95,444,1.5168357924902505
189,314,1.5167605456510465
8,165,1.516724640827156
209,257,1.51663571075169
72,318,1.516490179317215
238,450,1.5164625086003956
166,205,1.5164480355393333
211,269,1.5163425688201284
11,316,1.5162078143430773
7,108,1.5162073842681905
429,443,1.516167066892703
254,427,1.51613210402266
8,100,1.515949246939289
99,178,1.5159233951700053
174,182,1.51586074931503
185,259,1.5157702368217472
111,161,1.5157666630261615
441,456,1.5157657753259741
248,318,1.515760326228547
154,320,1.5157237011795093
206,264,1.51568343855901
156,162,1.5156560705027184
5,212,1.515626378551015
210,319,1.5155487657415592
99,119,1.5155224508224574
191,461,1.5155182605296669
214,375,1.5154420201031846
104,271,1.5154376126327274
14,428,1.5153629771793384
238,323,1.5153364772102398
337,427,1.5153107784782804
157,176,1.5152698778031004
137,194,1.5152639234955891
252,336,1.5152509384244697
159,323,1.5152331810673279
176,189,1.5152066234303807
14,209,1.5151547012603188
213,261,1.5150918459062024
121,460,1.5149826040784953
156,178,1.514936749739922
6,224,1.5149048914790073
89,252,1.5148243330523634
132,186,1.5145523652550277
152,313,1.5145186864831937
69,209,1.5144534331731447
175,191,1.514445102816223
10,264,1.514444454579639
173,179,1.5144354044749582
148,236,1.514423744127313
438,455,1.5142162933182395
443,447,1.5140270463221253
11,248,1.5139355909945222
254,403,1.5139315928548975
5,316,1.5138755975478233
252,285,1.5138513205208761
192,211,1.5138507853147933
148,375,1.5138329571199938
196,214,1.5137991844059946
74,94,1.513769287780638
99,166,1.5137144169317878
182,461,1.5136101149662369
8,235,1.5135897716655489
69,254,1.5135420688704095
378,460,1.5135384714276097
250,252,1.5134912547471007
158,259,1.5134897215051066
262,455,1.5133428209901045
181,224,1.51331963559803
158,181,1.5132365002395434
194,391,1.5131893654062496
159,204,1.5130817800054965
254,378,1.5130591496577925
60,252,1.5130224696791261
378,443,1.5129285900981881
155,379,1.5129218566984806
155,256,1.5129016316507928
108,213,1.5128951447252383
259,316,1.5128912767005445
177,254,1.5128830853271305
173,403,1.5128657104460497
170,375,1.512794655880376
214,284,1.512732179656915
181,403,1.5127075540103352
5,145,1.5126786686429847
108,211,1.5126463753267503
209,425,1.5125795958289387
165,195,1.5125492531524627
205,257,1.5125478041018647
320,456,1.5125403324367643
393,403,1.5123210141625374
161,313,1.5123180900043591
164,316,1.5122944167996843
195,257,1.512265102143725
63,155,1.512263648113339
111,162,1.5121398788220684
100,318,1.5121357881954407
115,132,1.5120807569352581
118,456,1.512076782173072
171,175,1.5120255797019493
271,435,1.5119349153549193
180,318,1.5119038875703164
12,135,1.5119020711819864
104,196,1.5118352889226052
14,441,1.5117735315317524
429,455,1.5117155931762696
160,235,1.5117058109016444
163,378,1.5114906602674207
89,232,1.5114157968202149
209,265,1.5113100465979974
121,456,1.5112351047352535
313,366,1.5111559663943406
251,257,1.5110690275273566
271,336,1.5108700788149916
131,236,1.5107540320134218
195,444,1.5106569335353301
111,181,1.5106411481821143
379,445,1.5105149081129423
139,196,1.5104996709798133
166,460,1.5104758669074634
160,212,1.5104560070645614
170,428,1.5102024186447978
95,188,1.5101762259314633
315,403,1.5101719399793734
7,314,1.5101696237278914
10,431,1.5101124234568735
173,185,1.5101044094352745
166,462,1.5099861776349597
137,160,1.5099809328736589
12,150,1.509789183942419
6,159,1.5096910007495383
7,143,1.5095885373652156
111,269,1.5095784600621558
182,189,1.5095388346345622
171,205,1.509412909588827
272,462,1.5094030008492914
111,255,1.5093175507383758
8,177,1.5093171803419854
137,213,1.509241167043991
170,314,1.5091560817528287
210,312,1.5091076827512107
95,169,1.5091073240841266
151,313,1.509013002927287
154,447,1.5089762100359194
273,378,1.5089293459189326
119,121,1.5089164359567744
197,455,1.508873558694063
166,192,1.5088299154545006
118,189,1.5087989253403118
14,119,1.508790704701378
12,180,1.50877492642641
224,257,1.5087663226182781
177,255,1.508721838924806
189,251,1.5087167455897668
264,292,1.5086781594390115
343,460,1.5086731289546342
4,72,1.5086632995971396
156,459,1.508637299474274
163,256,1.5086144917337907
177,251,1.508586644779379
287,288,1.5085288580238483
13,163,1.5085145639730695
175,428,1.5083212791931686
288,459,1.5083085467754753
251,284,1.508239082329417
141,143,1.5082053160075273
182,192,1.508114324826654
134,191,1.5080890587183067
142,251,1.508070072493188
255,264,1.5080542299233224
115,197,1.5080431092253506
319,459,1.5080265761406324
167,183,1.5079757603561625
4,136,1.507967680168199
44,252,1.5079231355238811
235,259,1.5077886200476904
141,337,1.5077589143907788
127,194,1.5076670817240307
115,459,1.50766482435492
238,284,1.5075026509410752
164,393,1.5075005425041443
200,252,1.5074892890536986
7,251,1.5074515570217173
238,427,1.5074002725923712
142,460,1.507330100229406
10,212,1.5073146766348786
148,177,1.5072385743975825
12,391,1.507163067857039
5,97,1.5071352045387791
173,191,1.5070744271449434
236,428,1.5069060996592392
89,459,1.506889279764065
5,113,1.5068407800443533
197,202,1.5067357334886506
220,224,1.5066256379855414
157,255,1.5065884550731343
213,375,1.5065691175128393
157,165,1.5065126690469068
141,443,1.5064691710743499
4,127,1.5064483133303574
193,313,1.5064155939276183
98,104,1.5063640028906962
213,379,1.5062943188068683
96,271,1.5061963867262664
272,315,1.5060921900729198
182,186,1.5059485999932207
134,155,1.5059465226224833
214,452,1.5059266446684616
271,448,1.5057655392737541
98,462,1.5057306280579181
142,196,1.5056858796296773
115,182,1.50562885744868
4,441,1.5055872616982604
190,252,1.5055455137931673
9,200,1.5055158160538444
118,315,1.505501093329506
139,140,1.5054852156311695
3,368,1.5054238585804067
393,461,1.505419290352742
252,273,1.505342279943106
5,420,1.5053128791540098
152,166,1.5052488597755909
196,204,1.5052044497610446
170,224,1.5051879026043846
99,186,1.505151681248378
259,320,1.5049773121937118
13,315,1.504949629908563
77,443,1.5049439985063466
182,224,1.5049421902276288
99,337,1.5048769355413496
118,131,1.5046970164231055
13,168,1.5046693989654905
95,214,1.5046496102571645
159,458,1.5046196571667778
205,461,1.5045858004321946
10,77,1.5045839252628272
458,459,1.5044876812658619
253,452,1.5044823503885811
77,462,1.5044400282740005
5,397,1.5044283008760704
12,239,1.504419277390895
137,403,1.504280655664689
99,431,1.5042465270710899
5,198,1.5042437204316625
147,264,1.5042435247085093
134,224,1.5042247125525303
265,318,1.5042166356799256
202,206,1.503953576073059
194,256,1.5039527844523541
165,167,1.5039245144193634
138,141,1.5038847264895723
403,452,1.5038843911084447
10,443,1.503857954320023
152,196,1.503792369936676
137,197,1.5037879247706392
213,269,1.5037721091267664
118,210,1.5036963616091563
7,461,1.5036671243870452
147,269,1.5035945676653242
204,252,1.5035677224218706
396,397,1.5035614523093717
160,292,1.5034902017720357
6,98,1.5034276433771647
160,256,1.5034213955059603
9,150,1.503220543585565
210,216,1.5032047906677177
108,209,1.5030928296700388
160,445,1.503085944107305
155,228,1.503085836772563
238,456,1.5030808628996108
121,191,1.5030431713989378
118,380,1.503036828125276
147,228,1.5030093327409746
194,448,1.503006158141483
94,344,1.502923260073121
205,235,1.5028889174579194
214,393,1.5027983140435004
5,272,1.5027860374936188
93,441,1.5026831892554924
132,204,1.502614467652207
194,378,1.5025876974217736
379,462,1.502554588120112
170,272,1.5023656982537188
195,212,1.5023139828675969
4,396,1.5022057678362977
159,378,1.5021687594586126
104,156,1.5021185818819183
209,220,1.5020646937243904
166,255,1.5020522870448871
59,94,1.5020426920153518
94,375,1.502038297302798
213,343,1.5020340494124749
159,443,1.5019952107818233
272,378,1.501871292084824
261,313,1.5018576808125847
9,168,1.5018549750080128
378,425,1.501831384394298
104,118,1.5015366459230117
261,264,1.5014646530605948
4,447,1.5014362316882501
118,259,1.5013616722263314
429,452,1.5013120543958007
186,197,1.5013098993459788
94,419,1.5012924362688649
98,165,1.5012839297305887
167,264,1.5012465261341796
232,239,1.5012187923696945
132,191,1.5012096992834034
199,443,1.5011638962205667
173,458,1.501143164952426
232,264,1.5011153427380404
14,319,1.5010879718040604
13,191,1.5010718866799098
164,320,1.5010048389491741
238,257,1.500993566413899
152,251,1.500964434331676
271,431,1.5008624818335803
158,205,1.500806879087124
159,214,1.5007620500728849
429,460,1.500758174336925
160,343,1.5007329438684465
98,461,1.50069117412836
8,162,1.5006008525404606
132,437,1.500557755134709
95,121,1.5005556682146437
284,315,1.5005415964195097
95,422,1.5005119618582288
147,428,1.5004099979194125
167,452,1.5003673105220139
170,251,1.5003298585066216
13,443,1.5002646637549206
108,210,1.5001927874179364
37,154,1.5001868857191691
210,458,1.5001618528903753
137,259,1.5001179607741817
168,197,1.4999418955974426
175,368,1.4999363474316798
155,217,1.4998863605513535
337,429,1.499822230243753
196,343,1.4998048439689466
178,316,1.4996872853654217
319,437,1.4996858153167083
99,393,1.4996384416992108
264,337,1.4995500111404174
98,166,1.4995086445123893
235,318,1.4994980829322075
154,284,1.4994767752941704
194,212,1.4994762844868155
148,264,1.4994303744221813
157,177,1.499388953108146
206,212,1.4992763960026974
77,154,1.4992601305649658
166,232,1.49924703253465
10,403,1.4992114762129223
9,171,1.499080081888974
137,224,1.4990717509729214
368,391,1.4990500113349385
199,271,1.4989832361871995
161,259,1.4989246713675597
189,455,1.4989135778973297
257,259,1.4988865592359728
450,460,1.498847787612811
6,269,1.4988372980637261
137,271,1.4987581699945334
131,173,1.4987498924016536
177,185,1.4986407676514455
37,437,1.4986360524511027
87,94,1.4985976751256687
65,196,1.4985797200770474
185,210,1.4985466617497123
77,316,1.4984881986425034
178,192,1.4984578659995793
70,95,1.4984501975338673
343,393,1.4984100311158421
9,414,1.4983257386821343
104,140,1.4982488278827801
14,185,1.4982380750225783
252,429,1.4981981961395765
161,209,1.4981729679293172
180,192,1.4981712494712318
211,427,1.4981524643989692
156,165,1.4981349508701722
10,168,1.4980783103061344
96,393,1.4980617468682764
177,271,1.4979746848189905
163,171,1.4979301735176027
7,37,1.497915340573089
185,460,1.497886364999433
94,408,1.497863726042463
259,437,1.4978509027625029
5,215,1.4978307705542588
9,285,1.497795462310765
368,437,1.497700740664891
147,261,1.497553572383896
175,220,1.497551089614301
197,445,1.49750987742319
209,427,1.4975085706366285
154,316,1.4975042758847361
337,443,1.4974857339605194
139,213,1.4974794767844415
178,428,1.4974710738329216
77,175,1.497427994749397
212,252,1.4974078975437062
296,460,1.497313623219641
155,265,1.4972243192812433
195,451,1.4971784778186863
94,97,1.4971558025756697
166,185,1.49715267299574
253,427,1.4970734388215168
211,323,1.4970176443951966
5,437,1.497001016658604
98,121,1.4969852314430006
210,337,1.4969769052107835
425,462,1.4969727621833029
252,378,1.4968386876716435
378,447,1.496818082433276
173,214,1.4967396763842782
173,192,1.4967377864853824
320,368,1.4966441364745475
162,205,1.49663768103269
140,462,1.4965959142503065
94,415,1.4965910809833365
131,191,1.496473990137932
209,256,1.4964505398779597
131,313,1.496377096015482
343,368,1.4963467207318168
95,459,1.4963138334035821
177,186,1.4962889524702374
131,154,1.496269088136379
134,210,1.4962210380424137
189,212,1.4961612899065357
177,239,1.49615008647805
139,368,1.4961420449818859
155,204,1.496140920475711
4,389,1.4961399650265075
336,380,1.4960961235322308
378,391,1.4960507638087588
313,445,1.4960448868426988
213,435,1.4959922399272259
311,456,1.4959807053983736
164,318,1.495864444778264
254,452,1.4958543729855154
55,99,1.4958481466706102
253,462,1.4958044827553576
284,393,1.4957379980396155
100,251,1.4956247860428766
173,456,1.4955643660452196
212,262,1.4955279023158599
174,318,1.4954986131851453
194,380,1.4953412487455309
199,269,1.4952449421939593
99,159,1.4952123093139578
264,320,1.4951368181506963
4,110,1.4950818130572476
119,292,1.495019183654758
189,456,1.4949688755519575
9,139,1.4949188482339504
204,313,1.4947671134641907
156,380,1.494584958368312
259,378,1.494518300684685
120,195,1.4942633584079146
4,296,1.4942485372842504
139,191,1.4941732680263635
238,269,1.4941241802868157
431,460,1.4940782751311235
141,162,1.4940536229765713
7,171,1.4940529091367545
195,204,1.4940316014743789
437,450,1.4940160900083184
95,135,1.4939712847557665
159,448,1.4938597307877866
99,176,1.4938597307877863
159,445,1.4938505926469308
157,224,1.4937758765244586
175,456,1.4937758765244586
147,164,1.4937150883057653
147,337,1.4935555303891068
8,161,1.493537875062354
156,192,1.4935289955447617
104,252,1.4934591173510787
238,243,1.4934433348909704
4,171,1.4934152615112535
6,161,1.4934152615112535
162,316,1.4934124609212953
189,254,1.4933987400300233
151,160,1.493207643337393
9,319,1.4929774514239642
196,255,1.4929121645683407
318,451,1.4929015910997299
142,323,1.4929002012691028
195,429,1.492822368965702
195,393,1.4927594715907324
97,259,1.4927519269555227
206,236,1.492674127499317
99,210,1.4926263647565152
2,271,1.4926140680171258
147,443,1.4925990171700263
99,212,1.4925378402474505
158,460,1.4925252299122338
104,368,1.4924584052623995
14,235,1.4923705681488317
148,288,1.4923501088895115
205,444,1.4923369563277897
271,343,1.492210735022527
11,253,1.4921648650942962
145,155,1.4920070697671755
111,239,1.4919956013706286
272,319,1.4919800432445685
120,459,1.4918974709824002
182,199,1.4918561449805148
237,252,1.4918427794990883
136,137,1.491706476905692
158,197,1.4916461844522664
202,462,1.4916281350130385
156,232,1.4915674922734785
195,208,1.4914119567674757
108,160,1.4913010905319888
140,191,1.4911640281805234
6,160,1.4911098476559874
134,182,1.49107512741968
238,375,1.4910239849946891
273,313,1.4909607449845343
316,447,1.4908551160401875
238,261,1.4907310178588964
6,147,1.4907285197344555
214,444,1.4907008114259583
164,238,1.4906321534725313
134,251,1.490601248758086
148,183,1.4905984876514147
210,462,1.490522772656206
12,431,1.4903678446194932
137,460,1.4903096104689566
77,121,1.4902776785249217
195,323,1.4901879035215198
5,444,1.4901074801412555
197,232,1.49007015551749
140,438,1.4900543161443836
148,235,1.4900388188751847
155,296,1.4898858650888072
264,269,1.48984466497527
323,456,1.4898426762230759
159,311,1.48982934749966
192,343,1.4897503361706235
185,232,1.4897275533039052
209,248,1.48967422041224
145,163,1.489654170185594
119,158,1.4896337419468177
154,403,1.4896007860130032
139,199,1.4894652138312474
210,375,1.4894632991679286
256,438,1.4894516277734786
160,181,1.4893866079167464
141,202,1.4893296821835333
210,444,1.4893178363007593
205,264,1.489292209977861
162,271,1.4892647419921938
162,318,1.4892588059849536
259,380,1.4892428971296021
14,197,1.4891404026817305
232,444,1.4890917260905918
235,271,1.489046171206069
119,162,1.489038547074378
154,254,1.4890009204758319
155,391,1.488983177008381
95,441,1.4889038366544585
10,251,1.4888881936923184
428,437,1.4888600176569344
238,455,1.4888283947015797
157,202,1.4888131288662958
98,205,1.4887700672014326
142,368,1.4887092784257865
14,180,1.48870247175446
175,443,1.4886720635467774
108,154,1.4886560381830622
142,209,1.488649874699894
10,97,1.4886462854502247
189,236,1.4886201591421213
100,197,1.4885751727733547
136,209,1.4884883789763836
161,211,1.4884500192554144
7,459,1.4884046546469862
7,330,1.4883718496536804
132,141,1.4883609094370867
337,437,1.488330926454839
443,458,1.4882999549386307
14,140,1.4881774664292402
165,459,1.4881724415022723
141,206,1.488114753776496
161,262,1.487930843760722
264,318,1.4879262045423407
5,323,1.4879252727084966
438,462,1.4879111588768925
119,320,1.4879024525436328
186,368,1.4878148842337875
136,163,1.4877527022230672
173,255,1.4875357083321614
104,456,1.487428457295136
182,239,1.487406693698167
185,261,1.4873728563169488
315,343,1.4872044480721593
182,456,1.48710929907111
175,393,1.4871012241190338
264,456,1.487090095794552
176,186,1.487078080470064
7,441,1.4869944335473873
119,255,1.4869824634709972
12,162,1.4869718574526585
168,380,1.4869461941667845
14,214,1.486855549490876
6,271,1.4867786311375926
61,95,1.4867656006926082
119,272,1.4866806879960468
77,157,1.4866733811895083
142,155,1.4866586109017899
189,272,1.4865191596819878
173,212,1.486513992222046
119,456,1.486479855600292
141,462,1.4864584899361395
93,150,1.4864283109928245
104,251,1.4863999330043887
271,450,1.4863169392290938
212,259,1.4862358351658298
232,458,1.4861979314006577
155,414,1.486183008194158
7,44,1.4861156418369363
10,161,1.4860864790616124
118,256,1.4860144388559504
10,173,1.4858950550657672
11,14,1.4858950550657672
178,456,1.4857544379859449
194,379,1.4857464653851649
455,459,1.4856194464697425
259,319,1.4855414717890136
194,265,1.485530473323363
132,429,1.4854801440743142
158,170,1.4854524767595743
159,206,1.4854195919744992
255,316,1.4854057666313087
186,194,1.4852801934536806
89,167,1.4852633223675356
181,313,1.4852567814977562
194,312,1.4852547858871474
323,425,1.4851876232985812
145,167,1.485180560552517
131,210,1.4851795596845712
186,189,1.485137275663167
167,337,1.4851117698032898
156,211,1.4850675149054722
132,181,1.4849592171375186
181,206,1.4849585053217171
202,292,1.4849160068026488
273,460,1.4848434823400942
111,427,1.4848147734577701
205,254,1.4847150821604442
93,439,1.484697002530877
195,431,1.4846082432312864
8,427,1.4845216141741424
315,452,1.4844858808438002
159,452,1.484445177879426
259,428,1.4844418665735692
213,250,1.4843881089366202
165,189,1.484276220817513
181,259,1.4842092169324936
131,206,1.4842034073124617
186,316,1.4841713184124778
160,202,1.4841550531196843
161,173,1.4841277378292432
127,163,1.4841000201897505
157,428,1.484001083293743
11,100,1.483988334980531
209,380,1.4839629401091408
170,264,1.4839159971329017
8,44,1.4838434856466587
206,447,1.4835653498090555
232,285,1.4835443643540143
132,455,1.4835134707318784
111,288,1.483450898824691
118,425,1.483444578237953
156,239,1.483431724118008
160,312,1.483395701664172
236,452,1.4833928462516937
121,251,1.4833550725319524
132,236,1.4833459468773635
12,265,1.4832751649260236
94,311,1.4832261969709113
136,460,1.4831946848610633
425,437,1.4831862787598071
313,429,1.483180468458609
157,239,1.4831329493471166
99,202,1.4827590700251339
95,448,1.48263821195494
12,380,1.4826111016792702
209,458,1.4825396922154688
209,323,1.4825369890112523
119,458,1.4825281887017523
94,151,1.4824575106554494
134,271,1.482454876396487
118,288,1.4824352776551266
163,414,1.482427358285858
154,311,1.4823705881006404
147,257,1.4823465520538268
69,456,1.4822927263237764
7,250,1.48225607012652
139,238,1.4822332261054092
224,316,1.4821810778788695
232,455,1.4821747369373826
445,460,1.4820716676808545
192,202,1.4820516450670536
194,337,1.482008649986274
6,177,1.481738621925215
199,429,1.4817265069388088
136,213,1.4815386855319042
214,462,1.4813722588769385
178,368,1.4813362573672375
135,160,1.4812599786488039
191,380,1.4811899401161888
118,191,1.4811875281697864
69,194,1.4811066058391755
195,436,1.4810460339768923
189,232,1.4810048157960185
93,185,1.4809867352131862
176,192,1.4809530137654898
173,269,1.480650215399592
11,437,1.4806396140918152
7,97,1.4805620952474379
176,205,1.4803825314445878
260,271,1.4802396332739733
170,255,1.4802357805108504
178,179,1.4801736100394314
89,262,1.4800939049803596
159,177,1.480088729731181
97,170,1.4800881481253252
191,272,1.4800808463658088
391,425,1.4800292361902958
9,208,1.479966517399643
452,459,1.4799456689894055
206,459,1.479926841455949
141,210,1.479899947126785
210,431,1.4798467467661929
162,211,1.4798284307642333
181,183,1.4797645060962838
403,443,1.4797508054371018
141,165,1.479719944812162
115,232,1.4796355446616567
6,243,1.4796196729801452
196,378,1.4796076264669882
14,238,1.4796009616211951
256,313,1.4795283180305254
132,251,1.4795049672577534
79,119,1.479489839406491
189,253,1.4794206873711113
164,272,1.4794170269607196
238,290,1.4793703305370975
202,368,1.4793644631909109
170,261,1.4793111164266257
157,206,1.4792968064586431
119,427,1.4792933022201533
191,251,1.4792926746530923
174,186,1.4791319130975333
272,455,1.4790910277365872
157,452,1.4790640263122434
139,232,1.4789480801887303
96,145,1.4789102130379248
12,181,1.4788142012572774
69,148,1.4787830448018864
170,269,1.4787370985583774
311,318,1.4786974905320442
9,69,1.478693648043733
313,441,1.4786888913250846
95,323,1.4786256171567467
9,286,1.4785642950222944
192,272,1.4785513919857687
156,458,1.4785070711187034
4,134,1.4784348277464097
443,462,1.4784131856855642
159,379,1.4783934359776814
264,438,1.4783314379089671
379,425,1.4782289795215662
99,271,1.4781805529635332
9,237,1.4780091152735562
262,458,1.4779770784410633
262,323,1.477946652650947
393,459,1.4778738402051748
2,12,1.4778590527248545
188,313,1.4778154580195333
8,251,1.4777410663560078
99,161,1.477593592356892
139,214,1.4775663447135368
458,462,1.4775458175436218
173,202,1.4775408373546763
141,445,1.4774885503018962
196,228,1.4774547629715602
192,236,1.4774499964887404
182,257,1.4773781829804356
202,272,1.4773703004614913
164,182,1.477151982410782
167,171,1.4771049659513853
5,443,1.4770954959558156
217,236,1.4769801551898272
98,316,1.4768718202903974
251,261,1.4768323315309722
8,141,1.4767407031158704
158,176,1.4766684219797617
94,451,1.4766620098523242
9,444,1.4765924674614879
14,195,1.4765642293176697
206,235,1.476556650491147
154,257,1.476548737397626
115,118,1.476485890675343
162,253,1.4764814210273929
243,253,1.4762845906288566
165,239,1.4762825131242028
163,435,1.4761605476746718
11,185,1.4760723300993455
437,443,1.4760345768952736
168,181,1.4760278621157523
251,319,1.4759552916501584
100,194,1.4758925132526939
253,459,1.4758500163276123
118,206,1.475808509270699
210,455,1.4757270862937435
137,163,1.4757102587199649
165,168,1.4756891248649135
13,121,1.4756343167941846
197,269,1.4755756494433068
115,316,1.4754881289815662
77,162,1.4754063583921486
93,130,1.4752558992251075
77,238,1.4751239200090516
14,443,1.475079304946471
148,186,1.475075363669374
157,257,1.475060185879507
100,163,1.4748973237538672
119,164,1.4748540647792772
160,216,1.4748289207680376
137,427,1.4747684784568222
168,254,1.4747668546330024
164,438,1.4747126686019922
193,209,1.4746794422749694
5,127,1.47462769858425
288,425,1.4745297636401178
220,252,1.4745094843626791
150,271,1.4744901010759754
157,158,1.4744787439892035
13,145,1.4744742103019264
235,238,1.4744237844916874
156,462,1.4743463602894409
182,255,1.4743175830748603
12,204,1.4742281233812589
148,179,1.4742190021595134
156,159,1.474216932418669
11,254,1.4742075553638374
10,185,1.4741900448028598
292,368,1.4741281503681964
108,380,1.4741061500515753
157,316,1.4741004752818736
100,205,1.4740087471306116
197,261,1.4739935166299798
137,148,1.4739383087086093
163,323,1.473878221150522
191,455,1.4737837298712213
4,80,1.473766646952153
141,290,1.4737392133777272
98,314,1.4736677103990918
251,452,1.4734749843705897
156,428,1.4733354868593318
7,140,1.4733265144638374
55,391,1.473194238589605
155,444,1.4731649716678787
99,157,1.4731337232640327
206,393,1.4731255092474491
218,252,1.473004320148212
166,238,1.4729826146203042
93,248,1.4729186066491637
119,455,1.4729025690143067
431,443,1.472843124503754
141,192,1.4727999040069586
96,132,1.4725717190394565
121,199,1.472535055390368
120,238,1.4723860156970698
77,178,1.4723521277472413
5,14,1.4722797415296636
118,462,1.4722693629747696
160,237,1.4722479588699975
55,271,1.4721672248811186
77,186,1.472030954752264
271,288,1.4719991669738528
262,445,1.4719836549905962
9,176,1.4718646373424442
178,204,1.4717399099992752
163,222,1.4717104346063907
132,192,1.4716876591554735
111,202,1.4716776748656883
181,210,1.471628402353259
210,257,1.471606499395192
7,72,1.471586098960902
13,205,1.4715666668393117
11,428,1.4715347062291098
191,199,1.4715241403192867
176,251,1.471240142146158
343,456,1.4711809303255752
192,251,1.470766466730653
175,183,1.4707019935893078
111,212,1.47066580197728
8,183,1.4705853950365397
211,232,1.4705802163893873
188,196,1.4704903797667561
96,140,1.4704699996083115
99,199,1.470404836859435
251,264,1.4703407546254845
14,121,1.4703209472867214
288,452,1.4703037989394867
89,211,1.4702933240766463
195,202,1.4702925561523905
403,461,1.4702800175712507
96,210,1.470258193385909
69,196,1.4701467005992477
224,459,1.470111713942793
255,271,1.4700742980402568
378,456,1.470058623133055
155,311,1.4700357646545446
6,156,1.4700005336123698
290,368,1.4699886665134176
9,44,1.4699386354469721
7,236,1.4699150159968146
63,313,1.4698152573732934
96,438,1.469795003273442
94,112,1.4696844590546911
94,245,1.469684459054691
165,437,1.4696000664550235
165,211,1.4695593437159067
211,435,1.469557217652614
136,252,1.4695526346484733
211,314,1.4695426396028994
175,238,1.4693928175649593
208,210,1.4693563590015002
159,257,1.46933035850913
195,214,1.4693254037648666
9,427,1.4692767906892372
159,284,1.4692344890218694
148,458,1.4692147132818827
163,290,1.469102320560248
131,170,1.46909517504648
238,443,1.4690847888339489
5,431,1.4690429986162767
337,428,1.4689933385788674
147,284,1.4689421079924125
95,127,1.4689124781083613
232,378,1.468890609766848
236,259,1.4687659567926976
158,185,1.4687638964685954
111,337,1.4687161277828935
379,393,1.4686541419530847
111,319,1.4686106325966441
272,438,1.4686060191073167
89,96,1.4685997282752803
197,431,1.4685716923432235
253,428,1.4685358947088971
164,177,1.4684717544785266
139,197,1.4684601201615004
145,182,1.4684471377262918
177,199,1.4684343293317323
238,403,1.4684039183613888
121,213,1.4683441670621193
252,435,1.468337771199789
157,403,1.4683327010851148
9,67,1.4682901012581766
98,256,1.4680403458650597
8,456,1.467910731449146
148,447,1.467877764688143
173,260,1.4678706043852423
284,290,1.467860728973105
195,455,1.4678585009272525
9,212,1.4677629339567557
160,250,1.4677325825957446
104,380,1.4676912374216295
6,197,1.4676386737607066
141,391,1.4676339692528495
108,393,1.467630340992775
163,192,1.4676274168644183
139,271,1.4676251846762556
134,257,1.4675741285942001
110,238,1.4675614797732979
438,443,1.4674901490200027
167,174,1.4674861113821542
154,431,1.467484972100632
77,391,1.467477445251174
320,438,1.467453650673635
134,196,1.4674336884665788
118,320,1.4673746266217134
181,189,1.4673225589792331
156,315,1.4672925571286328
108,259,1.46721065854296
69,316,1.46713383090693
13,254,1.4671271552079408
43,93,1.467069694148652
94,201,1.466819311165902
259,284,1.4668048447164848
156,189,1.4667366959939343
197,320,1.4667125809035229
11,206,1.4667022576249396
37,264,1.4666792386503245
5,285,1.466675860759304
148,200,1.4666439294426143
131,211,1.4666102399463825
181,213,1.4665150975007566
158,403,1.4664127864316558
96,150,1.466378192293215
236,438,1.4663503452538214
93,290,1.4661356702861086
98,431,1.4661056320270391
375,378,1.4660853646288574
176,220,1.466078908748184
197,319,1.4659841522022194
154,191,1.465957388066238
181,272,1.465893919278321
8,186,1.4658626788820945
6,254,1.4658255021937237
209,448,1.4657043300340276
163,284,1.4656431866811883
259,269,1.4656282447384779
160,204,1.465567993822926
121,425,1.4655545459677437
232,312,1.4655545459677435
132,393,1.4654982746462744
170,443,1.4654629146387925
210,456,1.4654109187394502
98,438,1.465263384069719
147,176,1.465225327447728
167,204,1.4652241896727678
98,251,1.4652153759478583
94,306,1.4652136450213467
96,380,1.4650528387814887
319,456,1.4649689287730057
288,323,1.4649236122085338
4,250,1.4648470685394148
9,137,1.464833548873373
169,313,1.464808340776468
185,197,1.4648082965809248
173,199,1.4647926727355114
89,141,1.4647757424442425
149,173,1.4647245123393209
259,343,1.4647008594060753
206,378,1.464691135710276
139,142,1.4646103693492858
4,336,1.4645812941054115
5,411,1.4645812941054115
165,176,1.464456513372408
178,314,1.464422144074074
250,271,1.4643989167500011
177,459,1.4643872623602028
288,458,1.4643243095481953
104,141,1.4642251544425835
89,111,1.464044810922605
148,181,1.4638992714323928
6,173,1.4637800999411659
216,313,1.463777939813842
178,189,1.4637625667144847
14,175,1.4637521262082758
214,438,1.4637258718337478
259,462,1.4636515711565392
185,254,1.4635690437024198
119,199,1.4635413384411156
156,243,1.463531577753172
185,459,1.4634895102110965
12,378,1.4634713610603796
166,254,1.463406700300065
189,264,1.463398692236875
166,315,1.463391650203387
192,206,1.4633819038323246
271,429,1.4633751978036613
13,288,1.4633142162617383
182,202,1.4632596015112562
5,379,1.4632102534458227
6,67,1.4631942584680468
164,255,1.4631838131624872
168,205,1.4631795326493648
160,435,1.4631081470911864
165,238,1.4631053521307815
164,199,1.4631032468398875
238,316,1.463064387866902
96,459,1.4630210747206944
55,197,1.4630039956629917
148,337,1.4627789096663053
155,169,1.4627522827508632
95,138,1.4627047062527903
104,209,1.4626755195006251
9,89,1.4626486859848664
314,452,1.4626267923278542
4,139,1.4626211182085689
194,450,1.4626024912268083
111,403,1.4625974531434636
232,459,1.4625942230857298
257,288,1.4625703512594315
147,461,1.462548305674353
185,452,1.4625335483269075
119,256,1.462506471162604
167,323,1.4624653397293477
104,162,1.4624644992172346
8,142,1.462240989364305
119,257,1.462236816469788
118,161,1.4622353691221834
7,183,1.4620828729886466
155,427,1.4620794688070347
206,208,1.4619609786509373
214,318,1.461924450184326
132,174,1.4618787094999894
141,156,1.461810539012637
100,147,1.4617899751421846
119,157,1.4617515985304224
204,262,1.4617318463585731
136,194,1.4616841076923608
162,174,1.461673451227915
238,239,1.461591556650923
252,292,1.4615731301464503
320,447,1.4615689315404654
14,458,1.4613710602712753
140,189,1.4613628376916283
5,135,1.4612713124032009
186,213,1.46123822145035
197,429,1.4612279062011528
93,215,1.4612124302683314
202,210,1.461167207750477
8,429,1.4610528301481291
14,224,1.461045174260461
235,456,1.4610271579736223
175,459,1.4609955977000575
211,444,1.460965448893449
4,285,1.4608873180469473
177,210,1.4608423382698017
284,375,1.4607324112723694
165,177,1.4606990285596524
99,177,1.4606731335064167
214,455,1.4606046850373486
137,155,1.4605981657407003
98,192,1.4605856887937707
152,195,1.4605559948865492
209,431,1.460503208258494
177,183,1.4605006400296332
154,169,1.4604698129836584
167,320,1.46046467224446
7,151,1.4604634479385359
157,447,1.4604207773218338
7,420,1.4603467268635444
288,438,1.4603128648798314
189,206,1.4602786163097379
77,288,1.4602653823346197
169,196,1.4602581957722625
108,459,1.4601448334415097
44,209,1.4601402952128084
228,315,1.4601275547323471
134,205,1.4600259150362827
455,458,1.4599079669541064
284,462,1.4598912525473584
119,165,1.459889779650179
205,255,1.459873486045494
285,460,1.4596020867343669
13,185,1.4595714985389137
205,437,1.4595034206436537
141,185,1.4594775950505616
121,236,1.4594445229243638
151,155,1.4593730418488011
148,255,1.4593699271474134
134,167,1.4593192895125617
159,162,1.4593157385590863
111,180,1.459305274547811
174,209,1.4592051548381444
8,239,1.459194486643807
170,212,1.4590836274671268
7,443,1.4590408629363976
292,323,1.4590087580689475
12,248,1.4589627753684178
165,378,1.4589547256597155
12,418,1.4589218112496998
7,69,1.458913035183178
217,251,1.4588054615658432
5,216,1.4587818331309383
254,292,1.4587292758242303
189,224,1.4585602153454966
142,173,1.4585587142238874
167,260,1.4584650718058378
9,100,1.4584362104585484
37,160,1.4584181913907455
55,195,1.4583618354582344
264,448,1.4583565612070617
141,166,1.4583543824377807
10,204,1.4583217711539602
159,168,1.4583040447385662
131,196,1.4582856778777487
427,443,1.45826433486353
160,349,1.4582632738990466
63,238,1.4582504175155782
197,263,1.4582369330017715
175,429,1.4582349721566887
13,119,1.458230802508118
89,288,1.45819221354816
141,232,1.4581540431663211
121,175,1.4581033298630794
199,319,1.458089974200803
6,319,1.458060346058931
132,156,1.4579819318319223
214,403,1.4579599095959483
159,237,1.457937459900106
12,136,1.4579310558964704
192,261,1.4579029524402805
177,259,1.457888258862674
79,155,1.4578661020587838
158,316,1.4578568893217407
93,107,1.4578189868221916
167,261,1.4578183029886382
166,459,1.4577912343128046
167,427,1.4577756642576587
160,200,1.457755126155896
7,237,1.4577343269207954
393,437,1.45763145217902
8,200,1.4576109642318333
141,380,1.457569774661253
147,152,1.457429923894819
98,158,1.4574293060852843
100,132,1.4574289737675625
435,452,1.4573602018862697
104,337,1.4572869744153816
4,63,1.4572307849055737
134,459,1.4571502223753512
9,134,1.4571287679055582
251,368,1.457119806819136
197,435,1.4571024401677317
162,206,1.4570689457948538
182,337,1.4570410089472372
194,438,1.4570313477150396
44,259,1.4568860170561508
262,444,1.4567667684905057
177,272,1.4567504442944241
95,338,1.4567294542765643
121,459,1.4567247248739448
8,448,1.4566995356117463
292,452,1.4566834479784645
216,318,1.4566332363853456
9,255,1.4566249251639016
100,189,1.4565765575084726
96,232,1.4565673947880173
224,443,1.4565341273698313
9,429,1.4564899788322037
444,462,1.4562861888477776
211,378,1.4562734890761793
173,319,1.4562307497179452
213,273,1.4562232536795046
148,403,1.4562032917603507
12,319,1.4559774591927024
313,420,1.4559417029864477
168,238,1.4559324028692684
194,284,1.4558748671040456
108,206,1.4558483544095273
132,148,1.4557592045194867
162,428,1.455653191721733
3,318,1.455650180579543
137,159,1.4556307596510032
290,460,1.455616304948694
173,218,1.4555890120826747
99,378,1.4555799455276943
77,158,1.4555774438723925
108,162,1.4553893396579543
214,243,1.4553532304369978
205,319,1.4552750977172775
9,238,1.4552527391164571
337,431,1.4552450543422593
10,314,1.45522495935674
131,147,1.4552111382496908
199,438,1.4551957517409873
10,210,1.455123500417877
7,177,1.455117123974956
224,288,1.455068533891882
5,380,1.4550679440542371
6,189,1.4550679440542371
182,269,1.4548824790380426
145,458,1.4548097139738194
94,304,1.4547430697008197
132,461,1.4547403330610742
37,213,1.454702745414287
4,220,1.454701244167346
11,140,1.4546972532301723
63,456,1.4546624341178835
204,205,1.4546594326783648
154,256,1.4546405240234503
7,292,1.454634902526758
7,403,1.4545750436533282
131,259,1.4545591941009959
214,429,1.45450498894979
343,380,1.454386316118228
197,323,1.4543287713259785
181,316,1.4541708567496494
250,316,1.4538903767454692
264,265,1.4538627787160947
11,89,1.4538534467629154
55,163,1.453850071922574
119,447,1.4538329161415393
132,443,1.4537331356812244
269,438,1.4536196164284954
393,452,1.453618740817947
343,458,1.4535862450316164
210,425,1.453465563109607
155,185,1.4533986219047599
119,175,1.4533921103419116
119,192,1.4533377200759636
191,271,1.4532891426392205
111,429,1.4532873012368648
315,443,1.4532783030068026
4,44,1.4532503422262042
132,214,1.4532280167339
132,157,1.4531704814919435
170,462,1.45315709177782
200,206,1.4530813442602104
254,273,1.4530808755820293
99,214,1.4530302898237888
160,422,1.4530284525905346
154,261,1.453006952027586
93,343,1.4528786893420311
175,437,1.4528543399844183
5,72,1.4528195311147833
98,375,1.4527941621361538
171,262,1.4527463050265672
6,316,1.4527338121938325
120,160,1.4525515161579599
180,315,1.4524287729134877
214,253,1.4523638788140525
220,460,1.4523221068215457
210,343,1.4523206066484926
5,143,1.4523191426459234
165,264,1.4523140514721573
192,238,1.4522593206877692
176,179,1.45224944017489
152,182,1.4521721026238263
139,159,1.452123909724167
96,170,1.452113142258651
315,380,1.4521112382687122
8,320,1.4520175756322218
441,460,1.4519884605149884
134,315,1.451966119362327
6,72,1.4519644669412695
158,175,1.451861645170974
256,403,1.4517757987132585
180,255,1.4517559304421739
104,272,1.451728723316489
11,139,1.4516900987860066
69,170,1.4516448972280935
104,315,1.4515910855077725
167,438,1.4515292675977485
175,292,1.4513904644570255
163,431,1.4513869384047484
140,154,1.4513588047717922
100,238,1.451337939071558
173,285,1.4513065519576622
163,349,1.451226868991083
11,192,1.4510620914741112
148,429,1.4510353052371836
202,428,1.450985101006448
254,375,1.4509105440903476
10,447,1.4509058657313612
104,121,1.4508016055563235
194,418,1.4507794757404116
5,110,1.4507678013539875
175,210,1.4507255442257923
96,420,1.450706691063087
163,292,1.4506971545681573
213,450,1.4506435052351605
252,448,1.4506366493316467
99,139,1.4505170683432327
192,431,1.4503230548188861
9,156,1.4502601102616068
213,442,1.450252585627737
121,253,1.4502387940824204
264,437,1.4502041791033047
121,211,1.4501866367483378
261,262,1.4501660587366345
162,165,1.4500223608998046
189,193,1.4499338564427544
96,148,1.449917332496152
210,236,1.44991114926681
77,170,1.4498473871058122
4,235,1.4498401378444556
186,460,1.449766504707126
89,259,1.449741007729006
96,259,1.4496628565745584
211,261,1.4496309539231962
173,243,1.4494588823535384
238,311,1.4494353155268302
12,256,1.4494060828945077
121,159,1.4493463951470844
135,393,1.449339738631095
154,285,1.4493317145091853
12,214,1.4493308898711972
196,237,1.4492999592004214
179,252,1.4492760022894573
98,265,1.4492425180232396
154,269,1.4491394612415436
160,174,1.4490366972399014
11,239,1.4489971306274534
199,314,1.4489507543556068
209,320,1.4489131910877817
178,254,1.448910866002614
89,132,1.4488996860038992
243,313,1.4487838794781125
37,232,1.4487632581819572
132,189,1.4487185148136987
253,425,1.4486152569077224
111,140,1.448551561771129
89,272,1.4485423885795217
264,323,1.4484346109569364
152,447,1.4484273406706059
104,452,1.448335242309808
191,438,1.4483248775476318
132,318,1.4482410849576612
14,93,1.448051753681703
148,162,1.4479252719088263
140,315,1.4478665473383365
194,428,1.4478342899290242
316,403,1.447771856861198
194,427,1.4476914998805992
142,259,1.4476161481691778
89,368,1.4475956915315813
118,156,1.4475509057345355
83,93,1.4474531279649983
121,154,1.4474048698320667
181,462,1.4474033921146967
271,375,1.447318853613943
211,239,1.4472513222127383
8,250,1.4472295329031262
77,131,1.44717337706669
164,205,1.4471268771988175
256,272,1.4470907422618293
113,118,1.4470792301636457
177,238,1.4470392299083836
316,378,1.4469934013994226
173,314,1.4469761678543647
403,429,1.4467943688693126
194,243,1.4467068654712048
89,147,1.4467066728376643
201,318,1.4466716115624074
142,194,1.446610195324525
269,318,1.4465663067888836
311,460,1.4465207733441936
60,160,1.4464664432066523
318,336,1.446427155237895
13,111,1.4463559714780205
9,379,1.4462395224769198
69,182,1.4462322841911792
140,238,1.4461660252352955
94,122,1.4460794641311805
9,273,1.445991305635374
4,192,1.4459510850809312
175,262,1.4459249143063042
165,428,1.4459164621786214
4,264,1.445814131548943
185,199,1.4457633555390041
286,288,1.4457538891869868
197,204,1.44573412411
452,455,1.445726501035968
148,256,1.4457029808568596
140,461,1.445671374733695
8,55,1.4456708733382198
176,271,1.4456555953427819
165,462,1.4453755867103657
4,103,1.4453612224162218
6,262,1.4453590899491109
112,160,1.4453502821544235
140,253,1.44523343801258
179,182,1.4451052127619646
8,459,1.4449910778160522
296,313,1.444936987784008
238,428,1.444826180256619
157,315,1.4448061294638703
8,131,1.4447351438708678
14,191,1.4447351438708673
37,111,1.4447083969193777
136,141,1.4445852782887492
148,261,1.4445596254628297
165,197,1.4445316403159152
159,185,1.4445284034693755
10,323,1.444525509423157
119,438,1.4445175450478716
111,168,1.444496499156316
155,396,1.4444707805705534
98,232,1.4444337236704905
99,174,1.4444189782891532
141,288,1.444413735825298
99,180,1.4444032379595326
191,323,1.444328755266113
248,254,1.4443097043015187
175,379,1.4443029968838945
243,244,1.444246743731472
262,448,1.4442439100383098
141,254,1.4441820789192368
337,447,1.4441476449563921
254,323,1.4441459027102201
6,210,1.444132443383492
89,210,1.4441302963232008
210,256,1.4440806772162866
199,323,1.444058556476534
253,264,1.4440276619228178
4,300,1.4439715472994499
168,173,1.4439032709191693
182,190,1.4438269125276355
261,462,1.4438140581961059
139,378,1.44377865949788
120,252,1.4437269012408664
11,443,1.4436981125140884
142,197,1.4436950062813207
163,183,1.443634342173229
251,437,1.443631743414839
149,163,1.443623908949921
176,460,1.4436020527329938
118,378,1.4435910149655813
158,253,1.4435894897793624
157,455,1.443557812329096
131,238,1.443521723723754
169,262,1.4435213293899447
98,259,1.443513447675666
162,170,1.4434445303814385
232,450,1.4434207036319193
186,251,1.4434158964853094
13,118,1.4433963085308594
121,259,1.4433697678106907
160,317,1.4433247070624244
96,269,1.4432952007442441
175,272,1.4432393059764543
8,59,1.44315798467738
192,264,1.4430885246902307
259,442,1.4430758180444936
210,314,1.4430734207213325
98,131,1.4430630897363708
139,205,1.4430399257766846
140,173,1.4430166871186867
252,343,1.4430039448410679
159,165,1.4429521719607166
132,315,1.442842944547301
192,256,1.4428188321938753
148,168,1.4428039726500772
214,437,1.4427100815728613
115,461,1.4426222360772687
271,320,1.4426096626201799
254,438,1.4425197917663455
14,422,1.4423866739565634
139,141,1.4423663404308544
195,239,1.4422353459690278
6,403,1.4422352677511159
154,158,1.4422268790760537
197,448,1.4421766301673706
5,458,1.4421654769909646
98,181,1.4419719404623446
96,375,1.4419380972270444
175,211,1.4418236441893402
199,284,1.4417985656555652
93,434,1.441794246292347
118,428,1.4417610004333823
139,173,1.4415752761672418
256,315,1.441552930820013
447,452,1.4414003384545437
135,170,1.441328141638734
175,255,1.4413064855428495
213,265,1.4412476002859365
160,375,1.4412209426463924
13,403,1.4411874367102846
119,170,1.4411865158783663
206,456,1.4411038570553218
194,447,1.441033925276674
111,261,1.4410289715007054
264,393,1.4410045048821725
262,378,1.4409858374297781
443,461,1.4409638032281904
8,445,1.4409171228941935
441,447,1.4408991003561
196,320,1.4407654337289153
272,403,1.4405924759332702
156,170,1.4405204250988326
195,292,1.4405169764868793
232,256,1.4404990958060848
115,175,1.4404241157354276
220,253,1.440401559251306
98,212,1.4403441488947064
96,192,1.4403108699890004
197,337,1.440296754459273
140,251,1.4401787346764146
121,170,1.4401534635041744
319,428,1.4401161341661612
134,163,1.4400264740692115
185,393,1.4399528617733202
232,237,1.4398898264262978
4,8,1.4398683625590178
163,391,1.43978840348193
210,261,1.4396753750786506
14,253,1.4396119968371803
9,204,1.439523833988859
210,435,1.4394898994563192
104,459,1.4394839740542948
137,232,1.4394573957241243
195,273,1.4393417044760894
100,185,1.4393213350452645
150,155,1.4392918525949805
37,156,1.4392904579987116
80,182,1.4392870408486933
262,380,1.4392651432086654
292,343,1.4392557414417606
135,252,1.4391904585581554
108,119,1.4391377279170834
196,264,1.4391201100501443
254,261,1.4391142474617284
111,185,1.439020734146332
238,452,1.4390190249282082
192,210,1.4389851553878796
380,452,1.4389564009187155
196,260,1.4389514158843024
4,379,1.4389316322562968
175,179,1.4388169263648638
165,180,1.4388166267563887
115,154,1.4388043060513043
108,141,1.4387905509567525
145,316,1.438762623587575
196,288,1.4386949043445842
192,461,1.4386507272046078
145,150,1.4385616496647957
141,161,1.438544262875973
118,455,1.4385100752029663
205,320,1.4384786544278223
320,462,1.438466356011875
134,211,1.438460700010675
155,260,1.4384131377641025
152,238,1.438390561158631
9,254,1.4383763717345073
91,93,1.4383228256050173
132,337,1.4383107811197302
4,169,1.438175558593885
67,209,1.4381664221110304
155,448,1.4381527686452238
104,132,1.4381389935327684
155,288,1.4381072126252723
10,180,1.4380869775354967
199,447,1.4380402519966788
272,425,1.438032453149304
186,259,1.4380167889854276
272,292,1.4380166445710563
95,97,1.4379253771075058
44,318,1.4378518029960077
14,206,1.4377964400888332
7,216,1.4377926270482093
96,193,1.4377680920947185
155,193,1.4377389944889565
403,438,1.4376531601606537
323,368,1.437626660668644
202,236,1.4375394987555485
178,202,1.4375268701426713
119,443,1.437499477571942
199,456,1.4374827914652748
168,214,1.4374753432836467
99,314,1.4374539116615643
14,318,1.4374293804225118
118,134,1.4374270883758626
194,260,1.4374075984419636
159,199,1.4373775592385165
251,435,1.437366555600765
136,155,1.437355825561612
62,95,1.4373390139948565
165,262,1.4373251647604124
165,284,1.4373057351654617
259,292,1.437292714590839
224,255,1.437252116836226
13,456,1.4372082079431223
239,318,1.4371673991691523
178,250,1.4371360460706137
205,458,1.437064896438555
200,262,1.4370302338672976
95,144,1.436990524063679
115,264,1.436990452940282
251,447,1.4369463612334012
155,200,1.436945373967466
192,459,1.436895063956428
140,262,1.4368553290098243
79,148,1.4366922829502762
77,159,1.4366703354049453
169,315,1.436666913284998
139,167,1.4366362481846078
5,220,1.4366213360717544
212,290,1.4366094098036937
147,186,1.4365673116392919
157,236,1.4365637772065116
13,137,1.436550751868788
63,237,1.4365085288518793
5,428,1.4364527976600283
5,80,1.436452797660028
139,460,1.4364411264712642
253,261,1.4363823270180953
100,173,1.4363617011350573
104,189,1.436303640607875
66,315,1.4363036376504488
5,311,1.4361689462579699
11,265,1.436074593761008
195,228,1.4360402930787424
7,175,1.4359483340482273
264,428,1.4359399265269088
181,238,1.435791461390597
202,224,1.435778017741324
95,260,1.4356744732260076
256,257,1.4356666287375077
98,448,1.4356666125820776
115,403,1.4356664670006638
12,337,1.4356658773492073
195,343,1.4356586558757791
160,217,1.4356433003397635
251,461,1.4356279638133296
11,269,1.4356164161045142
454,456,1.4355890380630312
150,163,1.435489011755652
98,174,1.435475804202822
99,151,1.4353981691730926
118,264,1.43531119107018
170,206,1.4351892412781204
141,316,1.4351629224763292
159,461,1.4350481188946154
162,462,1.4350363633813417
166,261,1.4350071388989905
10,288,1.434984553814535
199,204,1.4349835948686747
177,220,1.4349501202282344
13,148,1.4349337928995696
160,285,1.4348735801374959
14,139,1.4348729777735183
14,134,1.434859067242522
156,271,1.4348183097074634
224,261,1.4347734897774156
9,55,1.4347143899069867
261,403,1.4346686837791685
195,445,1.434567468910989
181,368,1.4345669518783986
137,211,1.434542777423854
211,228,1.434532807418121
11,236,1.4344677370294414
444,460,1.4344239848793996
284,461,1.4343750452297785
139,194,1.4343089927619463
5,445,1.4342884121176724
89,224,1.4342603329134094
104,180,1.4342532449573555
169,195,1.4341496784638932
12,284,1.4340152888644142
173,378,1.433999055440846
166,186,1.4339440623021618
145,210,1.4338879101170623
163,218,1.4338791408108877
164,185,1.433865685539068
213,285,1.4338019260672306
5,13,1.4337871508027271
98,271,1.4337717366252194
141,403,1.4337418987177022
145,315,1.4337215037254765
166,202,1.4336039573156492
178,236,1.4335896944051585
147,238,1.433537226658878
55,182,1.4334853834820558
147,150,1.4334769235626674
210,323,1.4334515774746581
6,443,1.4334468630332973
5,391,1.433418572854224
8,444,1.433349030817623
139,315,1.4333433396761586
318,461,1.4332889744993564
100,259,1.4332544892286616
6,253,1.4331573285181989
69,210,1.4331350310594662
141,368,1.4330651353349995
131,139,1.4329753975244608
451,460,1.4329516083017708
209,216,1.4328783438273258
155,250,1.4328048854803812
99,437,1.4327583482929083
170,438,1.4327541928428669
169,462,1.4327468698589856
196,296,1.4327024051807506
214,323,1.432597355593126
368,429,1.4324730821899931
147,202,1.4324687233208258
200,460,1.4324670872036696
113,160,1.4324668102049165
171,253,1.4324431643615883
37,140,1.4323881685629716
164,459,1.432353267486745
316,455,1.4323405993889995
155,235,1.4323255408180031
9,185,1.4323058838024965
343,429,1.4322775943952126
2,93,1.4322628970242688
136,205,1.4322121040049085
314,459,1.4321920601563247
176,236,1.4321451376884702
93,442,1.4320727585444026
252,286,1.4320680260728955
148,320,1.4320098358090334
121,428,1.4320056883630157
264,427,1.4320029680517934
7,165,1.4318284081387136
11,288,1.4317722618854127
168,319,1.4317263316850042
120,460,1.4317044438947344
145,211,1.4315680411281169
9,37,1.4315228563075089
6,112,1.43151133709791
40,94,1.431503456190338
96,261,1.4314993569215892
272,323,1.431439350649758
202,316,1.4313709940273374
170,378,1.4313464781713863
264,378,1.4313379391068928
115,437,1.431310114221196
4,152,1.4313076001654323
166,316,1.431167938390362
5,425,1.4311590715140534
9,434,1.4311361279308021
185,257,1.431115791060646
127,252,1.4310806534118357
178,462,1.431030503612566
155,290,1.430996673852442
162,189,1.4309149303608482
176,259,1.4308854113991074
127,259,1.4308337262959736
264,452,1.4306349554899163
173,443,1.4305994751311881
7,166,1.4305786035244035
162,181,1.4305265973896275
166,323,1.4304933547467147
452,458,1.430418871849565
165,232,1.4303764196212145
180,438,1.4303552053303739
259,438,1.4303276212514053
37,118,1.4301690730524936
368,393,1.4301688079975654
210,336,1.430059396311905
148,273,1.4300490181996484
6,239,1.4300365325772657
154,461,1.4299880840491592
255,368,1.4299874367929952
55,259,1.4299870671061772
3,182,1.4299111709758696
209,443,1.429849313360832
314,438,1.4298270501379835
239,437,1.4297659510218566
77,337,1.4296696570180234
95,222,1.4295746077710132
14,259,1.429565878659142
5,166,1.4295647637817968
63,196,1.4295263323230751
14,98,1.4294358594208236
176,238,1.4294183549865052
179,269,1.429407462831676
55,141,1.4293990555537361
108,157,1.4293292310656298
214,292,1.4291543986527744
135,205,1.4291493156127997
343,379,1.429129587324523
118,132,1.4290481999481794
285,368,1.4290115205651703
9,161,1.429005355157145
455,461,1.428998381260154
319,368,1.4289770492113525
210,269,1.4289034163301548
320,378,1.428886234028453
182,319,1.4288456307792745
167,214,1.4288093262828727
147,173,1.428767526943872
10,131,1.4287441531272722
69,262,1.4287177057568587
115,452,1.4287156582010843
343,428,1.4286551904450047
196,202,1.4286309558059116
119,444,1.428568081403876
192,438,1.428541231357445
167,288,1.4285371344293185
212,313,1.4285319495436994
189,403,1.4285229705421616
262,450,1.428402342671962
380,445,1.4283962436683852
271,414,1.4283697829704358
208,213,1.4283373159501256
98,115,1.4282946812013768
148,311,1.4282445827255856
175,431,1.4282332823794686
176,195,1.4282270464532845
189,239,1.4282209827373746
11,447,1.4281580702217178
212,253,1.4281467944443313
100,178,1.4281312991327089
164,170,1.4281095021513759
197,212,1.428081646567762
238,255,1.428046579416007
89,170,1.428016849196853
195,391,1.4279170119853533
167,447,1.4278891806057428
161,459,1.427848824043091
175,202,1.4278150889009544
137,368,1.4277653044213976
202,271,1.4277244278118981
95,256,1.427711539781063
181,251,1.4276823633424043
313,427,1.4276774964912642
94,353,1.4276510633911523
118,443,1.4276297553866042
209,250,1.4275948954907387
170,202,1.4275305795352826
323,379,1.427485159354693
98,139,1.4274437541890583
236,323,1.4274276723596542
165,319,1.4273600726658031
140,170,1.427334615802006
185,462,1.4272959516439931
160,391,1.4272771174369554
178,447,1.4272434489342463
435,460,1.4271943918872037
69,95,1.4270064352144214
379,428,1.4269724468980003
191,452,1.4268953746271327
214,443,1.4268706848662203
262,314,1.4268478523829755
154,343,1.4267936560121655
166,172,1.4267830350550113
131,318,1.4266890971582762
63,165,1.4266395305471304
120,288,1.4266125914166954
137,254,1.4265396024703836
55,292,1.4265141022049688
181,211,1.426495373301846
315,368,1.4264851608078708
136,154,1.426434938728848
182,458,1.426252942822165
148,228,1.4261852196291407
152,459,1.4261511217423424
155,429,1.4261403225724607
145,452,1.426126736463339
9,112,1.426087309587896
189,316,1.426058518506621
217,271,1.4259645698900751
185,428,1.425844278524467
210,311,1.4257915103027003
175,288,1.4257532009572231
104,192,1.4257498080292095
145,438,1.4257210693629456
79,196,1.4256857204379858
132,272,1.425671727998769
112,313,1.4256709063652002
100,313,1.425576986461002
239,452,1.4255434043316708
159,166,1.4255237275427248
262,456,1.4255020830960197
8,202,1.4254453727390246
196,250,1.425442622370446
121,131,1.4254244479703055
253,380,1.4254069303034909
135,459,1.4253874274208072
93,187,1.42528705507326
292,337,1.4252381243868384
379,437,1.4252323467495278
104,182,1.4251664453434216
141,459,1.424990070040966
142,175,1.4249752644856697
238,461,1.4248939058817407
183,196,1.4248875598621606
5,251,1.4248866251903742
99,218,1.4248676741384028
137,257,1.4247734038712614
94,435,1.4247521205210498
147,243,1.4247371181543231
177,180,1.424733387455245
256,462,1.4247119457664432
209,312,1.4246771841281334
163,441,1.4246484293012627
97,157,1.4246363370015167
217,252,1.4245693521812595
186,187,1.4245681289343437
169,177,1.4245588481279219
232,422,1.4245499874068672
147,180,1.4245461235012344
393,444,1.4244712245280053
202,254,1.424439310183679
159,320,1.4244151292907927
63,211,1.4243724618599485
10,158,1.42431513459842
4,228,1.4243018651066859
6,185,1.4243018651066854
5,451,1.424301865106685
7,137,1.4242627967778356
72,425,1.424253169856598
192,455,1.4242523974350374
162,262,1.4242319266728272
111,284,1.4242262994760166
111,237,1.4240794513302226
160,454,1.4239939919242641
232,286,1.423990451425569
104,238,1.4239319138352489
175,378,1.4238887037641486
118,166,1.4238628401034703
166,174,1.423855485168992
132,271,1.423854660043149
158,393,1.4238241182899376
178,253,1.423796973187155
375,438,1.4237410588266706
320,459,1.423715321346082
288,443,1.4237043896374226
98,214,1.423656169867698
317,378,1.4236152223112308
204,213,1.4235869217541706
197,379,1.4235716301249755
89,206,1.4235561578575078
213,312,1.4235098268170367
96,316,1.4234662870047012
4,444,1.4234408134745884
238,380,1.4234392545689738
94,326,1.4233972781912234
211,311,1.423370038279322
181,254,1.4233686162067851
145,185,1.4233446249242356
156,191,1.4233401731905875
238,315,1.4232894237773421
121,232,1.4231960689058683
12,129,1.4231917092516138
167,444,1.4231837687599174
336,378,1.4229911350005644
255,458,1.4229100210265657
118,142,1.4229080497728483
115,236,1.4229047907867227
337,379,1.4228989278567499
273,425,1.422872128058002
168,189,1.4228422589049021
211,429,1.4228094114337273
93,331,1.4226754683112184
14,232,1.422661961686738
7,458,1.4226424826779016
12,220,1.422642180181968
6,162,1.4226208689818605
313,422,1.4225790803563612
285,313,1.4225726719212186
11,156,1.4225044437414367
98,393,1.4224895730125686
147,455,1.422464357499021
212,238,1.422449102640479
368,448,1.4224429875097684
77,456,1.4223046387869294
220,236,1.422294158295661
134,135,1.4222359929263346
170,214,1.4222225573918752
194,437,1.4221471514171182
100,157,1.4221026710474656
7,150,1.4220975537865557
171,271,1.4220920280223597
121,147,1.4220633549453363
6,132,1.4220398387410502
142,290,1.4220324787515164
238,337,1.422000624321196
13,214,1.4219780526277426
393,458,1.4219556455347984
80,155,1.421949836456483
5,140,1.4219396688911483
210,284,1.4217342769683956
182,455,1.4216589644497415
254,264,1.4216455195839757
4,429,1.4216229231505222
169,173,1.4215526853115061
232,311,1.4214539272882574
11,171,1.4214475859055866
232,445,1.4211699525367627
284,318,1.4211698997550635
197,414,1.4210910722705952
182,183,1.4210895242257815
164,166,1.421054359767987
262,429,1.4210398417430465
214,224,1.4209920932295232
141,214,1.4209360261350736
162,251,1.4209094136500582
391,393,1.4208925615736703
148,290,1.420863159233442
379,452,1.420844047981281
13,427,1.4207951266264762
185,206,1.420765244897996
134,253,1.4207564255723866
104,191,1.4207067479801612
95,270,1.42064733613723
178,190,1.4206069052399724
443,459,1.420591807636918
180,259,1.4205843820587911
121,315,1.4205620135924124
104,199,1.4204665275193775
7,286,1.4204478068963742
10,186,1.420438453692052
168,253,1.4204137590067105
199,257,1.4203864099526748
139,151,1.4203452938572587
181,443,1.4203161837526983
72,99,1.4203025377861018
159,261,1.420278813427925
189,320,1.4202719989947743
11,134,1.420250776476141
182,431,1.4201795061934606
96,182,1.4201605432960984
10,427,1.4201377660279109
145,254,1.4201308563158181
197,208,1.420106832859222
311,313,1.4200886152001548
141,379,1.420087020425472
181,186,1.4200483266570842
313,317,1.4199493434782327
159,181,1.4199405149353528
12,100,1.4199405149353523
236,292,1.419923957679263
152,460,1.4199135199260193
427,429,1.4198871471128272
9,436,1.419874946856434
194,311,1.4198573148059608
134,318,1.419855124833203
69,271,1.419851030031044
235,254,1.419813643597515
189,452,1.4198015968181457
159,192,1.419793680111598
269,378,1.419700391900539
9,129,1.4196717335509943
13,164,1.4196439884352876
147,181,1.4196319376414728
142,195,1.4195558695861183
147,403,1.419374273662319
313,391,1.4193346256844865
160,439,1.4192965827177135
95,237,1.4192431232919365
93,317,1.4192407046368485
167,237,1.4192048701203734
37,313,1.419155157229988
318,391,1.4191414906183557
63,160,1.4190938083780638
254,296,1.4190346050229972
115,259,1.4190322129918758
438,456,1.4189786523906078
239,254,1.4189361553275857
182,236,1.4189361553275854
196,243,1.4189168570189674
378,379,1.4189102944743985
151,460,1.4188964331272695
323,458,1.4188753246862966
198,206,1.4187352371209074
139,224,1.418723248413638
98,159,1.4186839415289456
137,452,1.4186581935421343
98,444,1.4186203305189022
253,438,1.4185739673101103
63,163,1.4185647696867356
6,178,1.4184902417149254
189,315,1.418432377022854
4,97,1.4183738929946608
151,262,1.4183406910338543
132,316,1.4183279840356942
228,313,1.418306117412685
134,139,1.418191111267424
134,443,1.4181821632319622
5,238,1.4179734412648863
320,455,1.4178655697847768
191,202,1.4178180668621214
13,455,1.4176823364483817
182,314,1.4176636867551262
95,218,1.417654957849531
193,205,1.4176056720347228
263,460,1.4176011857079414
180,199,1.4175374235515472
95,112,1.4174569112325155
8,236,1.417433379886908
238,248,1.4173880508520398
156,437,1.417381296769883
140,459,1.4173259402901488
135,318,1.417280147159833
165,255,1.4172617082410357
121,461,1.4172179144865344
148,180,1.4170988845263863
12,198,1.417066072840952
194,317,1.4170466548547211
28,93,1.4170148112524408
202,456,1.4170042905177658
216,284,1.4170023790801716
115,462,1.416999415275733
44,262,1.416953193124625
177,461,1.4169514278878788
178,214,1.4169483040585615
174,194,1.4168285500641273
254,319,1.4168140657354318
195,448,1.4167651587808474
199,272,1.4167190518073782
251,375,1.416669573852458
313,396,1.416657505904606
168,316,1.416616029774096
55,460,1.4165918783425722
163,343,1.4165886099769454
6,414,1.4165301730294653
111,461,1.4165284407846477
176,197,1.4164926618203977
210,320,1.4164611700708194
69,252,1.41643317170391
220,232,1.4163710124288296
99,375,1.4163514213072623
100,315,1.4163149830254786
251,403,1.4163106988187955
134,458,1.4163054585910302
104,236,1.4162973240377348
343,455,1.41626973029608
144,196,1.416152331373103
272,337,1.4161154530947861
191,214,1.4160851638109129
132,169,1.416079193429612
251,323,1.4160418613976407
96,431,1.4159398551522353
315,320,1.41593842177923
156,379,1.4158739120810777
132,431,1.415848011746695
204,251,1.415793962785335
209,311,1.4157824740505214
192,237,1.4156196065321651
260,264,1.4156002422153833
173,343,1.415596861742865
251,455,1.4155146624038522
4,397,1.4154797815570048
77,156,1.4154780159797982
214,235,1.4154709322804837
264,429,1.4154517662334873
168,438,1.4154452697365143
11,284,1.4153835342225674
10,175,1.4153718805080637
319,462,1.4153708862060561
214,378,1.415328317927151
127,176,1.4152969403040079
148,349,1.4151811686083122
323,462,1.415067059486187
199,264,1.4149929540900756
115,178,1.414960960034779
162,315,1.4149607424996529
167,255,1.4149457408434132
155,176,1.4148801033760443
178,288,1.4148758487462847
7,445,1.4147649498069066
142,425,1.4147533835114805
220,315,1.4147225885907269
139,182,1.4147083386156227
136,210,1.414708232689453
182,380,1.414688849024214
99,403,1.4146557606805445
218,253,1.414652289577295
199,437,1.4145925414414169
69,318,1.4145745738600042
164,264,1.4144391315002485
37,271,1.4144222826217612
79,460,1.4143084960259134
5,150,1.414302361826706
142,393,1.4141782248345192
318,379,1.4141537475862425
14,111,1.4140918530791744
118,452,1.4139866784187802
181,220,1.4139227874234304
132,158,1.4138536348084587
4,161,1.4138377590361395
4,273,1.4137576782928114
206,315,1.4137143864567443
160,425,1.4137039599204155
132,175,1.4136175447446844
212,459,1.4136077137516405
96,164,1.4135368234273034
213,257,1.4134093731008102
252,338,1.413291981604743
154,323,1.413227604347472
5,228,1.4132239305926944
94,106,1.4132238021029182
175,427,1.4132017352195252
14,425,1.4131674609338205
186,235,1.4131397239633443
7,112,1.4130940921085342
259,296,1.413067070941061
154,379,1.4130472018315978
209,296,1.4130258058431684
312,313,1.4129358163641454
442,445,1.4129040589174504
10,243,1.4128951106663903
211,290,1.4128492532165766
272,393,1.4127599333310925
4,198,1.4126912365677458
173,284,1.4126599688074746
316,337,1.4126453725049954
165,438,1.4126244269221653
271,311,1.4126074888115023
5,179,1.4125688929087836
182,447,1.4125612938142946
137,210,1.4125195218217872
129,214,1.4124853037043972
261,271,1.412483140887005
288,393,1.4124604351245655
185,272,1.4124548654131108
96,178,1.4123750971877733
175,452,1.4123669354236963
170,343,1.4123437508353347
66,255,1.4123367248503957
111,214,1.4123179360905058
251,288,1.4123040207647728
188,253,1.4120687129062595
262,316,1.4120662755255866
154,378,1.4120594465878344
181,315,1.4120541367342856
165,379,1.4120506961890122
12,438,1.4120409004277974
77,236,1.4120324466174436
313,448,1.4120283956399424
174,180,1.4119847199720656
320,461,1.4119621514706697
111,447,1.4119056577636444
188,189,1.4118009761861046
378,455,1.4117839251013269
137,205,1.4117285343108334
254,447,1.4116150259165345
13,272,1.4115840847886494
98,200,1.4115164349000926
262,269,1.4115158399120498
173,180,1.411503933838308
139,169,1.4114901351488571
95,125,1.4114778252023852
131,272,1.41141672158812
164,391,1.411379126226672
236,288,1.4113490616940259
379,458,1.4112219661814114
14,164,1.4111611892953182
158,177,1.4111527578260121
151,166,1.4111116583319823
134,261,1.4110054422199596
169,204,1.4109560314100666
145,213,1.4108841376731238
94,334,1.4108702802476345
252,441,1.4108640784703512
37,148,1.4108552216635735
148,202,1.4108234044108334
156,254,1.4106365421969977
428,431,1.4106345439912473
72,119,1.4106288274818866
147,444,1.4106186757424373
137,236,1.410458064650403
161,452,1.410433226207164
173,201,1.4103930636717354
224,445,1.4103610595733194
157,185,1.4103270966907897
9,220,1.4102461106043371
160,263,1.4102459292734106
6,119,1.4102107622088331
170,429,1.4101434142109714
161,257,1.4101195684633574
156,199,1.4100946286171536
99,198,1.410093709504308
437,459,1.4100935239808137
157,443,1.410065532843833
136,313,1.4099672359026771
162,288,1.4099314603534736
167,455,1.4098800922377164
269,459,1.4097841801385531
96,158,1.4097791309736083
119,131,1.409759634451716
182,448,1.4097017936714689
104,254,1.409701573924534
425,452,1.4096968071498184
269,443,1.4096871795975523
253,284,1.4096058909040365
272,288,1.4095948464873835
4,292,1.4095677776570519
6,157,1.409567094075591
132,205,1.4093568924415358
316,320,1.40926249999435
264,458,1.4092504458600519
5,248,1.409247599667405
165,456,1.4092438847586606
13,77,1.409236229892331
69,205,1.409236229892331
11,260,1.4092288049492343
178,261,1.4091642531657735
318,422,1.4091587698759633
108,185,1.4091411269911387
63,132,1.4090862348647866
169,209,1.4089998835201072
288,436,1.4089565370419372
251,444,1.4088943046544093
168,318,1.408869387854686
170,296,1.4087641443186618
211,414,1.408690963540584
380,459,1.4086711824507143
98,238,1.4086454174199647
239,459,1.4085931313723765
10,121,1.4085491091149982
96,461,1.4085013830702329
177,197,1.4084848037034632
343,447,1.4084519416651844
151,459,1.4084450813113065
157,212,1.4084026721990537
176,403,1.408338006911348
445,456,1.4082763897981783
99,343,1.4082743419663006
177,462,1.4081880701012655
237,368,1.4081784239146038
134,438,1.4081180915748128
55,213,1.4081070038047951
13,438,1.4080621605363244
176,232,1.4080365432816366
9,292,1.4079151871092899
134,142,1.4078533655427092
213,228,1.4078407254975345
77,378,1.4078277299181046
6,195,1.4077590812327807
147,425,1.4077117039804046
358,397,1.407688818352502
197,343,1.4076445821210968
139,254,1.4076410302675033
213,422,1.4076153072724549
157,272,1.4075668787550386
140,393,1.4075305087903938
239,259,1.4074590147057564
96,156,1.4074372881476567
170,188,1.4072086911520816
102,103,1.4071632426593494
319,403,1.4070915011978578
119,212,1.4070721139888547
11,44,1.4070041506268423
232,379,1.4069338854440279
121,177,1.4068748988367814
6,97,1.4067363294447819
168,174,1.4066271566034718
204,214,1.4066183219474178
315,349,1.4066114380256656
254,429,1.4066049838705785
44,211,1.4065938288395046
44,170,1.40658964593667
197,243,1.4064640081889024
14,152,1.4064002542649632
9,142,1.4062850683834627
174,252,1.4062576432472051
40,93,1.4062573915355325
197,444,1.40621975934399
121,162,1.406164873747646
224,250,1.40614344353804
12,208,1.4061053020802885
139,290,1.406041718514496
239,253,1.4060372020426888
191,458,1.4059910450582676
272,447,1.4059695934682588
94,402,1.40594316216947
166,284,1.405942278355544
238,393,1.405863622400831
154,212,1.4058148913671025
3,271,1.4057812105857426
220,368,1.4057314064962019
168,271,1.4057156896046623
96,130,1.405581896340844
232,235,1.4055686231598155
186,192,1.405566895012022
8,422,1.4055190995798794
313,444,1.405447081285421
257,262,1.4054298872368458
171,181,1.4054031177589106
141,428,1.4053929995523344
4,142,1.405381198504784
5,149,1.4053811985047837
5,315,1.4053811985047835
251,393,1.4051620069626645
178,393,1.4051391068332095
96,181,1.4051049512159783
195,250,1.4050919997349824
235,368,1.4050001395908156
189,192,1.4049977373456028
11,142,1.4049782270193754
7,238,1.4049779774036941
77,89,1.4049736530761197
200,459,1.4049633755930364
152,163,1.4048062162348087
7,145,1.4047933024618027
111,228,1.404707077988382
7,65,1.404669815809585
257,313,1.4046554171042676
431,459,1.404644361705352
14,452,1.4046293664450293
185,288,1.404619831620541
10,379,1.404617618448549
175,232,1.4045901182073817
256,460,1.4045882430640209
132,254,1.4045728079006157
169,456,1.4044851402712626
131,462,1.4044310015906265
147,168,1.4043898634959369
145,251,1.4043524720851701
193,197,1.4041558667224643
7,285,1.4041492611255892
140,224,1.404143314204263
164,380,1.4041032729982261
94,215,1.4040846312405733
368,458,1.4040702244942895
205,391,1.40405032302226
200,213,1.4040346059401323
118,236,1.4040251513767783
163,169,1.4039940141899685
77,264,1.4039505901805034
11,255,1.40386046405897
70,170,1.403815739830815
182,428,1.4037984630061477
4,375,1.4037711312818237
8,61,1.4037438088828447
69,213,1.4037210389948227
167,257,1.4036070580456095
11,131,1.403600003009327
145,403,1.4035570503771242
169,259,1.4035116377001793
180,224,1.4034125635718677
115,271,1.403410303249688
284,456,1.4033123951766533
119,178,1.4032973812877096
9,187,1.403264253030242
13,452,1.403227464967789
237,239,1.4032007423683313
248,251,1.4031925117626864
176,456,1.4031844321934388
119,428,1.4031389123964733
273,455,1.4030930397985018
210,235,1.4030874403743234
147,441,1.4030421757800264
131,214,1.4030043302822637
269,393,1.4029949308477672
192,458,1.4029776443379203
121,166,1.4029526363412046
94,399,1.4029342381953895
98,140,1.402781127430276
147,177,1.4027780168673853
445,455,1.4027426773226759
2,9,1.4027002727631799
9,152,1.402691071228348
243,315,1.4026867820196438
200,253,1.402679085664876
156,166,1.4026346588473428
127,403,1.4026242681269179
136,318,1.4025618646727174
252,312,1.402540729534718
162,254,1.4025273169501031
11,380,1.4025013411862084
2,318,1.4024336921884295
253,443,1.4023604451878762
262,443,1.402350045606424
337,393,1.402342573593238
157,456,1.4023402264463516
119,185,1.4023166748739426
134,159,1.4022906250126068
13,292,1.402266906679846
37,155,1.40223380552855
127,251,1.402220713459759
194,414,1.4021802313196954
168,224,1.4021219971691588
135,238,1.4020946966450254
156,272,1.4020439237768902
256,459,1.4018909004808595
89,119,1.4017506429339246
175,462,1.4016726272271305
111,296,1.4016586584104456
155,208,1.4016077764187294
192,254,1.401478000974988
9,222,1.4014727179767523
209,239,1.4014580979351303
95,458,1.401455049502854
121,452,1.4013860573886467
254,337,1.401322190328809
263,425,1.4013076972802192
211,442,1.4012637040146798
250,460,1.4012577012900245
7,435,1.4012043108155003
11,429,1.4012023041061596
129,213,1.4011966937306886
156,202,1.4011770534552475
134,138,1.4011441070352084
9,97,1.4011289806703144
118,175,1.4011238530946555
253,349,1.4010599592195396
179,194,1.400964495310138
141,180,1.4008515909088115
175,316,1.4008416875057164
80,213,1.4008360281159349
14,136,1.400820524469793
118,202,1.400815152661371
269,428,1.400760375697743
178,323,1.4007427305431526
8,139,1.400632040820235
232,288,1.4006208272166296
199,455,1.4005781083586775
427,445,1.4005387793084934
7,149,1.400511373438719
199,201,1.4004952901231598
96,428,1.4004122028461123
55,437,1.400366857760534
159,425,1.4003599676890042
292,380,1.4003313125136745
118,379,1.4003254317042693
132,176,1.4002820136799108
164,181,1.4002712829068578
7,142,1.4001837259382703
158,254,1.4001341163143652
132,177,1.4000412864905514
98,319,1.4000294193019855
8,169,1.4000244840934293
119,429,1.3999969284301486
3,232,1.3999561516448045
206,251,1.39991660566088
8,176,1.3999157513765552
134,259,1.399859853390772
145,147,1.3998232036069655
10,239,1.3998180364008002
139,170,1.3998021281802135
6,89,1.3996958416840408
176,199,1.399691230183685
238,458,1.399687623947085
115,134,1.3996686346839733
196,435,1.399608753408632
269,272,1.3995905547120433
204,290,1.3994990204410314
151,152,1.3994985533388031
9,136,1.3994354985047268
84,159,1.3994305100532038
180,253,1.3993832988182329
177,232,1.3993760565611184
157,264,1.3993385630346757
167,379,1.3993366390184423
197,315,1.3993268111602852
262,336,1.3992457524660369
4,323,1.3992146307938147
154,243,1.3991541112151684
252,422,1.3991194972277605
169,191,1.3990852762425334
259,312,1.399049145671585
158,368,1.398994192964089
164,378,1.3989776100045574
238,378,1.3989349512147091
262,265,1.3988954813070096
77,379,1.398829466577098
284,316,1.398827054557848
138,142,1.39872489133547
262,431,1.398609928161667
171,251,1.3985878807351515
96,165,1.3985151539893226
148,171,1.3985025120926895
99,236,1.3984719639568362
284,428,1.398437263832913
330,460,1.3984001282462635
11,145,1.3983215017523363
111,145,1.3983046887495951
77,96,1.3982975702780196
224,264,1.3982924535951382
175,455,1.3982809942259489
142,167,1.3982791446721468
13,132,1.3982231100682734
139,437,1.3981623295291108
132,210,1.398060943495009
197,235,1.3980594764138172
129,209,1.3980436497904665
162,427,1.3980339291857713
252,358,1.3980183786182252
72,452,1.3979639400190216
204,209,1.3979632192165863
199,239,1.3978132432191552
252,260,1.3977052290382317
79,195,1.3976222139576921
163,375,1.397498574038507
131,443,1.3974373233999087
380,462,1.3974363234774567
165,191,1.3974317815661457
271,428,1.3973648575722621
96,173,1.3973010210289858
119,171,1.3972318782043376
112,170,1.3972203876224618
140,175,1.397103489490244
139,206,1.3970317803768209
191,393,1.3970234247441338
441,455,1.3970051248758772
6,154,1.3969660484514492
170,256,1.3969589613820765
379,444,1.3969410970231222
182,261,1.3969162655604852
131,378,1.396906647085715
111,450,1.3968317692954495
166,235,1.3968262436315375
5,44,1.3967551833709426
438,458,1.3966756346922302
136,160,1.3966647026113768
191,456,1.3966591540206157
211,445,1.3966589631771127
159,450,1.3966375643637552
12,140,1.3965220564071363
13,157,1.396503271393438
141,186,1.3964541824001468
13,461,1.396451495901395
96,447,1.3964329674276112
213,256,1.3963611910108769
98,118,1.3963413274283591
380,393,1.396339920048646
98,145,1.3963292351384151
224,285,1.3962673704974946
159,188,1.396257135299368
212,393,1.3961847583164333
7,115,1.3961642860265508
55,199,1.3961520610604585
55,108,1.3961367394558155
4,208,1.3961135111934508
174,197,1.3960749836241628
98,224,1.396069381881882
118,319,1.3960348915089253
9,19,1.3960114429355803
11,378,1.3959709694654743
181,452,1.3959032410793275
137,196,1.395892994102441
186,220,1.3958462624668557
108,167,1.3958084040468344
6,171,1.3957993316642707
239,456,1.3957827376643848
69,118,1.395714132007377
312,318,1.3957060510490262
315,323,1.395666612582078
142,159,1.3956027964502706
436,460,1.3955736814121487
259,447,1.3955417801319243
251,343,1.3954797717329745
10,437,1.3954179067088748
320,336,1.3954093257704685
174,236,1.3953813498749734
185,192,1.3953168869109107
93,212,1.3952558992251072
140,206,1.3952409733585511
254,461,1.3950577217473104
212,271,1.3950519965094106
7,263,1.3950054375261398
100,179,1.3949839321252013
5,55,1.3949633974317817
134,158,1.3949094979627832
156,452,1.3949054226121955
427,459,1.3948532509264033
121,224,1.3948339869457798
256,444,1.3947710554743529
37,162,1.3947342598454413
4,183,1.394694784794562
72,173,1.3946492794019745
100,458,1.3946483872224922
79,209,1.3946312388066544
197,284,1.3946302642146287
9,151,1.3944659456051784
235,253,1.3943925310975074
176,213,1.3943211082659994
108,254,1.3943094411343493
179,271,1.394282472555381
160,169,1.394119533635382
91,95,1.3940647234069228
183,393,1.3940230549148245
186,210,1.3939379630071245
211,284,1.3938980907118164
189,237,1.3938701545736285
236,447,1.3938476371022461
139,186,1.3938303076585281
140,269,1.3938228018256682
118,290,1.3937727223178584
161,253,1.393745552751544
80,313,1.3937406276385205
131,137,1.39371377576625
13,323,1.3937013514209176
149,318,1.3936974748853412
164,403,1.393679155521107
142,458,1.393661947638364
209,218,1.39361223477858
119,208,1.3935546990133583
3,163,1.3935479068455485
185,458,1.3935385372226234
156,181,1.3935347139114167
181,202,1.3935315992100292
425,456,1.3934811693446232
290,313,1.3934578056192801
142,154,1.3934440316155807
288,290,1.3934300918326872
156,251,1.3931322758941707
261,437,1.3931299911585369
378,435,1.3931120359074514
169,211,1.3930561905986214
99,455,1.3930426830155427
8,414,1.392960240184247
10,265,1.392954752657793
156,206,1.392952193681139
257,269,1.3929449169757275
158,165,1.3929136777766746
89,251,1.392872082566437
239,460,1.3928145283944495
98,191,1.3927639221914352
89,255,1.392763263040087
12,186,1.392757771043191
79,157,1.3927449819134383
111,134,1.3927389754526716
141,164,1.3927389294788108
189,337,1.3927294645258268
425,438,1.3926595319622352
14,100,1.3926177211957718
4,101,1.39260021814067
119,180,1.3925892476638273
118,214,1.3925203918457758
7,391,1.3925126559523662
393,438,1.3924232390269957
163,260,1.3923377171288556
6,149,1.392329232942683
99,290,1.3922262119293696
99,112,1.3921911834911795
121,455,1.3921346614361247
174,196,1.3921299898458632
205,429,1.3921030063246007
84,455,1.3919862042517408
140,437,1.3919147846782054
171,368,1.3919032963020936
115,254,1.3919015112877784
215,252,1.3919015112877784
3,95,1.3918926446809328
14,450,1.3918636471789454
264,431,1.391805211355943
14,162,1.3917829136372697
216,460,1.3916214044345427
29,94,1.3916047130088853
180,191,1.3915883541787009
132,152,1.3915573404423285
166,251,1.3915542361747626
218,318,1.3915533617193376
8,206,1.3915187972113268
94,411,1.3914525424177868
158,161,1.3914257710724927
443,452,1.3913475454185342
150,195,1.3913377863412888
170,450,1.39133003039494
140,257,1.391293974714014
164,206,1.3912794765906797
393,394,1.3912760404505933
142,164,1.3912642692245727
158,319,1.3912592396981385
108,253,1.3912541493731825
120,213,1.391069548749761
14,349,1.3910638001957876
262,427,1.3909811057554333
163,228,1.3909778968250257
7,338,1.390944527084921
131,461,1.3909384715695945
120,214,1.3909332031437274
206,427,1.3908710798699384
89,165,1.390864330861637
217,232,1.3908549322228718
192,443,1.3908133554903872
102,104,1.3907422813560795
228,271,1.3907363901487335
152,209,1.3906318828727706
89,205,1.390591084138332
134,238,1.3905717577861936
182,235,1.3904647813084232
375,460,1.3904536253641855
211,265,1.3904451498193617
214,380,1.3903859738268634
220,378,1.3903704482847616
358,380,1.390360870118101
99,145,1.3903168813229492
217,262,1.390308125068747
99,443,1.3901860387645733
155,442,1.390158314625831
14,131,1.390140007091792
134,166,1.390030902516641
180,186,1.389949022310517
162,178,1.3899296153672842
238,286,1.3899252710083672
13,337,1.3899208763440767
210,228,1.389901961872596
228,238,1.3898487246288922
166,403,1.3897818923485796
253,403,1.3897026115108462
120,121,1.3896653972064237
177,243,1.3896342791043415
189,323,1.3895934037198165
95,442,1.3895793187851637
176,368,1.3895073339451816
119,145,1.3894493801668635
211,380,1.389430205089489
100,156,1.3894234201062816
224,425,1.3893883551511432
10,320,1.3893803564416582
318,380,1.3893464083327438
292,378,1.389320882427468
156,284,1.3892949632371794
118,137,1.3892829832985953
251,314,1.3892613762747277
99,456,1.389174133792621
157,319,1.3891739677495494
214,261,1.389127114275587
93,314,1.3890638128382868
104,131,1.3890476898239998
93,394,1.3890282085629935
147,292,1.3889859179716475
418,460,1.3889648947955822
160,183,1.3889289606238577
269,315,1.3889206274181762
98,427,1.3889116765666791
141,261,1.3888667281818627
173,248,1.3888385598735806
5,234,1.3887987958165544
211,237,1.3887887005620028
193,194,1.3887437223745949
9,450,1.388727230990613
119,224,1.3886885805311102
438,447,1.3886696994176222
262,311,1.3885896577215475
155,375,1.3885584089428669
173,431,1.3885050941863484
9,164,1.3884760820492656
89,189,1.3884586337611413
251,456,1.3884443342125943
12,44,1.3883657679716892
89,175,1.3883585346834628
160,448,1.388314064924886
168,452,1.3883133665395717
94,389,1.388274816231787
170,444,1.388250733374031
228,254,1.388178804070208
167,228,1.3881132139627061
161,197,1.388102352176168
119,236,1.3880716314230157
160,220,1.3880463540333707
141,444,1.3879698476017293
157,461,1.387934635880149
156,256,1.387898834220106
145,148,1.3878837695429596
104,437,1.3878554495492241
104,253,1.3878494644401547
137,140,1.387768443058068
9,177,1.3877574756318538
165,380,1.3876643276521319
139,375,1.3876534495521446
10,214,1.3876036101288975
178,427,1.3873463369732655
243,318,1.3873406668838058
194,314,1.3872870084577185
12,396,1.3872138700502439
7,239,1.3872053115056546
154,239,1.3871903837565753
14,315,1.387143696566969
252,420,1.3871419826440365
204,211,1.3870852308629575
164,284,1.387076185824756
214,296,1.386952780448364
77,108,1.3869210873086988
37,323,1.3868586953496231
94,172,1.3868421881310118
160,228,1.3868096311861933
99,318,1.386761306035897
284,437,1.3867561919886306
204,318,1.3867165999253745
171,194,1.3866442007342206
261,315,1.386598563034254
180,459,1.3865513848901871
136,139,1.3865467542071859
211,426,1.3865269037882553
115,119,1.3864797729961538
195,378,1.3864384783301367
232,431,1.386365949408646
199,238,1.38625180136839
379,391,1.3862403668085863
136,195,1.386237192209095
162,368,1.3862146851319614
391,460,1.3861788139257616
135,211,1.386153900042902
13,236,1.386145044991375
167,378,1.3860505290371727
111,378,1.3859834058878915
69,154,1.3859816027119198
7,448,1.3859611923336463
182,214,1.385912861982075
252,311,1.3858940747628237
13,263,1.385872905337918
285,315,1.3858536983953609
208,313,1.3858026417399774
93,229,1.385793200164783
178,224,1.3857406466986961
118,323,1.385710483558628
11,450,1.3856562786213855
160,234,1.3856424179561007
180,437,1.3856111752554887
238,292,1.3855472693894981
118,393,1.3854954629040859
174,189,1.3854477816469848
182,208,1.3854304026552147
211,343,1.3853924215530726
437,445,1.385304411845371
379,456,1.3852981207454609
163,237,1.3852835385023916
77,232,1.3852820145970466
167,429,1.3852782180132097
4,422,1.3852659125503668
296,437,1.3852298795017104
238,445,1.3852090993876145
216,259,1.3851908773773125
253,265,1.3851901341075
84,95,1.3851869541257062
14,438,1.3851473574168
438,444,1.3851346114620349
95,235,1.3850696950963595
444,459,1.3850651762375592
12,67,1.3850460742655595
179,368,1.3850039298745378
176,204,1.3850009675434471
175,435,1.3849889704883558
99,200,1.3849707299288672
199,212,1.3849505312833055
12,37,1.3849431907705754
13,104,1.3849314711429839
121,262,1.3849223621941131
140,316,1.384913950195288
168,443,1.3849080660687363
186,195,1.3848814815979908
195,327,1.3847917556132134
14,316,1.3847619339885404
158,459,1.384735972983913
173,256,1.384707908606716
186,211,1.3846758444053922
379,459,1.3846627381980845
192,204,1.3846330153178823
9,435,1.3846096382926951
202,262,1.3845874443641533
195,439,1.3845724055334485
255,315,1.384551446089728
37,284,1.3844447366469996
168,220,1.3844396150823208
12,216,1.3844297040509042
3,9,1.384381457724494
118,185,1.3843633380439482
157,181,1.3841716772968715
343,418,1.384162002490903
177,248,1.3840401325152971
14,96,1.3839979488544512
238,343,1.3839282062624383
165,224,1.3838865820107256
99,284,1.3838095056290198
216,238,1.3837815069219424
263,462,1.3837722801615442
176,461,1.3837719951303984
428,447,1.3837671678540318
204,272,1.383745391229877
262,337,1.383683169860866
375,393,1.3836822315751087
211,256,1.3836773014623434
132,202,1.3836713007178272
337,445,1.3836687351647057
147,239,1.383667207039013
191,443,1.3835994338995223
194,375,1.383590067902917
6,137,1.383575800312188
89,284,1.3835523073814313
5,441,1.3834743190500243
415,460,1.3834405874021043
33,95,1.3834122086198357
166,236,1.383397354360377
217,315,1.3833962025939381
254,442,1.3832159219352107
181,192,1.383196202570089
155,435,1.3831604928585879
131,175,1.3831105845883225
89,199,1.3830769321998244
213,431,1.3830769321998244
192,380,1.3829122592394414
264,450,1.382899200838644
119,445,1.382847798202507
99,251,1.3828445085030476
10,256,1.3827379635139152
119,186,1.3826835418100019
162,224,1.3826793306544014
220,462,1.382661302465837
261,455,1.382586907986502
10,200,1.3825827706664655
11,320,1.3825281189427951
115,456,1.3824577503046043
161,254,1.3824211214720656
320,443,1.382413837015214
452,461,1.382382457130258
136,196,1.3823644463398364
157,380,1.3823593835231287
140,182,1.3823391960242069
99,323,1.3823369769214748
132,232,1.382307367876453
196,220,1.3822553278234064
111,375,1.3822424703852676
176,206,1.3821764062696078
93,355,1.382128274028732
182,414,1.3819942182964589
166,452,1.3819757645754875
272,311,1.3819700318798682
158,232,1.3819325930447544
192,452,1.3818511618031795
137,139,1.3817901612661991
257,337,1.3817492304710253
77,429,1.3817420346892266
67,160,1.381723399603009
284,379,1.3815842919742263
166,214,1.3815260610360935
154,216,1.3814740972865418
152,211,1.3814643570073262
8,79,1.3814289986767365
9,260,1.3813296988530945
180,316,1.381239473596198
108,318,1.3812253698403294
151,154,1.3811885710607532
273,428,1.3811813909318764
429,447,1.3811702286561218
72,205,1.3811293034526047
2,155,1.3810760119146073
199,431,1.3810541173407251
12,296,1.381029584359415
168,169,1.3809741855036846
94,138,1.3809376277111662
108,159,1.3809020354630466
72,313,1.380889191170465
95,429,1.380877426414743
253,255,1.3808561620655453
89,238,1.3808409859361856
196,300,1.3806658822731732
160,248,1.3806524324028377
193,211,1.380645971132653
132,458,1.380634437041745
316,438,1.3806180650596984
97,254,1.3805859006715036
131,199,1.3805579090322406
208,253,1.3805011422383107
378,458,1.3804231376645557
95,265,1.3803659279052325
104,211,1.3803519644288769
111,183,1.380309307322091
55,252,1.3803014632730086
100,462,1.380214678715807
173,445,1.3801941274969702
231,425,1.3801775387648598
44,191,1.3801331805051202
127,318,1.3800662702458488
104,147,1.379971982599489
147,206,1.3799283652986674
99,101,1.3799269379983854
161,212,1.3799142527963515
11,69,1.3799051202556472
8,263,1.3798868074912274
150,251,1.3797585975204307
108,368,1.379722507121924
193,252,1.3797218324096132
5,84,1.379680182952207
210,296,1.3796792424880617
13,173,1.37961128272137
4,286,1.379591668027734
197,256,1.3795770759109793
162,164,1.3795072347353832
141,455,1.3794798627601068
161,428,1.3794208956578269
142,315,1.3793921703487668
236,461,1.3793677566851117
296,316,1.379366746516549
77,452,1.3793540982396852
12,176,1.3793210046141116
154,179,1.3792980883084036
188,213,1.3792545694116716
77,166,1.3792505828432513
148,422,1.3792323227409318
163,265,1.3792271107150964
65,160,1.3792146910989251
265,403,1.37921049207639
156,214,1.3791831756036301
99,415,1.3791752790715988
288,313,1.3791437466467422
236,437,1.3791355963016192
204,206,1.3791331493506385
261,452,1.3791327124996593
160,436,1.379126272218587
104,447,1.3791021893616242
178,438,1.3790877977056244
173,447,1.379063838319325
180,189,1.3790482065550798
140,443,1.3790014829362873
14,403,1.3789714288613215
104,343,1.3789068687606976
160,179,1.3788859599685612
160,290,1.3788111079319254
236,254,1.3787877527432852
200,259,1.3787481798094836
427,447,1.3787302782559567
6,180,1.3787005766091185
181,199,1.3786918720345676
194,336,1.3786775747628122
163,450,1.3786696685526543
104,288,1.378653012853851
119,166,1.3785952986397052
99,208,1.3785651659321314
311,315,1.3784752810012206
178,180,1.3784162241456992
224,269,1.3783518645483923
315,379,1.3782849995616564
238,296,1.3782823408943443
209,378,1.3782741368797768
111,292,1.3782510897692035
174,179,1.3782145687927205
140,211,1.3782083940135066
121,189,1.3781408357671152
7,127,1.378108793004288
55,262,1.37807097316694
132,447,1.3780315271215404
135,197,1.3780311233588591
429,458,1.377963039440141
99,224,1.3779484492256744
166,220,1.3779206203540424
447,458,1.3778372026275225
6,200,1.3778291707044321
251,427,1.3777928293402
141,145,1.3777778447679205
147,256,1.3777517408774727
139,456,1.3777451191774681
260,272,1.3777187446520451
9,445,1.3776798596868711
147,171,1.3776345458751853
169,178,1.3776062481000537
154,174,1.3775723632776018
9,215,1.3775621392225863
145,460,1.3775398886749795
14,236,1.3775325920412547
205,311,1.3775161417097197
262,379,1.3774980776501096
368,441,1.3774880108053784
119,202,1.377478292614808
170,265,1.3774664231109273
163,317,1.3774481199623287
104,438,1.3774334627223652
4,338,1.3774217077152728
182,265,1.3774207568495853
95,171,1.3773905204549295
13,425,1.3773532040299719
96,214,1.3772928762088688
161,378,1.377276474024246
115,427,1.3771126834158745
186,284,1.3770702241483819
428,458,1.377043530032263
179,318,1.3770163010142082
237,316,1.3769685698029055
171,316,1.3769041712943202
94,263,1.3768908982340324
14,204,1.3768841649863295
11,135,1.3768371714947583
403,447,1.3768362061069772
205,212,1.37678187684133
272,458,1.3767750938776895
142,192,1.3767490698349871
37,288,1.3767388061802488
156,319,1.3766688625638375
292,326,1.3766196868177052
2,95,1.3765030560231817
154,260,1.376496371632048
134,254,1.3764564861314927
444,456,1.3764040952512178
202,425,1.376329994577784
77,206,1.3763286828835906
69,455,1.376307766841088
160,193,1.3762980745950892
378,442,1.3761070486185505
251,448,1.3760929913300126
158,256,1.376084531270191
9,218,1.375908774953672
450,455,1.375907606658993
206,458,1.3757286477938626
12,235,1.3757254119186022
157,161,1.3757202885404338
4,302,1.375713955325945
100,154,1.3755890120826744
209,290,1.3755028253122696
14,462,1.3754809913813384
113,290,1.3754620023604611
253,379,1.3753178160624455
98,243,1.3752960563286238
142,378,1.3752209385451226
237,313,1.3752113826925063
205,337,1.3751979991815542
175,403,1.3751666943328729
6,206,1.3751089103691005
196,273,1.375098879251638
100,210,1.3750919924063334
232,448,1.375088990966814
192,262,1.3750687634387553
232,248,1.3749633532190477
129,259,1.3748951520826118
13,170,1.3748924732358376
175,261,1.3747386397866765
99,179,1.3746902010422783
311,403,1.3746728793690353
69,214,1.3746417669601068
147,161,1.374630048527981
162,456,1.374584591424341
115,455,1.3745745467957835
199,451,1.3745724376495774
206,461,1.3745706021344737
158,211,1.3745574932231641
168,178,1.374533375222251
237,259,1.3744868336334315
77,255,1.3744769582691239
7,208,1.3744541818326652
393,455,1.3744532641075486
253,257,1.3744523752666007
378,452,1.3744249267698863
8,260,1.3742983913828477
8,248,1.3742580139575133
426,427,1.3742483821414961
243,452,1.3742362165862663
170,427,1.3741922736445538
199,337,1.3741901437392487
156,177,1.3741365643874475
142,380,1.374108625496068
14,261,1.3740860170928753
100,459,1.3740421953842072
95,331,1.3739992230622806
152,197,1.373969011308164
118,422,1.373948200780817
161,403,1.373937873254095
6,296,1.373931502858815
96,236,1.3739119513005469
152,262,1.3738848912848363
115,159,1.3738729492238153
143,148,1.3738729443852409
209,263,1.37386751182993
55,211,1.3738061180860557
6,175,1.3737781244591327
6,368,1.3737537794291022
4,135,1.373753779429102
194,435,1.3737487980650782
137,147,1.373716927212585
3,252,1.3737159815822702
317,318,1.3736068653617242
11,193,1.3736050257115369
150,368,1.3735949029059846
93,200,1.3735681581652277
77,272,1.3735620783568223
211,220,1.3735586075400381
170,311,1.3735572622751853
9,320,1.3734953562613923
182,200,1.373432876219118
8,185,1.3734269951608504
214,220,1.3734240254692887
104,178,1.3733608363512422
7,415,1.3733576374615353
94,233,1.373271454060407
181,461,1.3732055763326367
77,171,1.3731985415752856
6,176,1.3731919871571898
139,251,1.3730633159966827
156,253,1.373021577339208
98,437,1.372984472258698
28,160,1.3729101847912522
132,178,1.3728584549938594
104,181,1.3728427543856414
257,319,1.372829269623968
191,429,1.372780965796991
238,256,1.372756178386714
195,418,1.3727475147745194
259,391,1.372733276128903
154,450,1.372728805910217
169,461,1.3727228562374763
4,425,1.3726817685598618
199,286,1.3726330171939793
418,443,1.3726066862620925
206,343,1.3725980496124823
145,443,1.3725944568634272
151,197,1.3724654400226417
132,162,1.3724508890084428
139,438,1.3724398956662718
29,93,1.372388756103369
10,269,1.372254105037702
284,425,1.3722340920055707
100,316,1.3721666652517506
174,195,1.3720264983532333
6,420,1.3720000828984853
444,452,1.3719941549849073
427,444,1.371982218297146
98,257,1.3719606166503593
11,204,1.371903548251483
319,452,1.3718794167811226
165,257,1.371834912566607
77,214,1.37178896776863
108,264,1.371742715295051
209,243,1.3717035563984197
98,429,1.3717013930433857
250,262,1.371658082544426
135,313,1.3716385388824985
138,143,1.3715600515790087
89,393,1.3714932333066054
89,316,1.3714875498886918
196,349,1.371448914178073
261,379,1.3714367573031085
166,199,1.3714310321170944
180,251,1.3713689283739996
206,288,1.3713366349964136
208,224,1.3712372014293555
167,265,1.3711971348820504
89,380,1.3711931343823154
257,403,1.3711624486310203
200,403,1.371157636733679
141,149,1.3711493155064682
145,380,1.3711476089119858
164,428,1.3711340542814945
232,265,1.3711340542814945
403,455,1.371129293341118
7,176,1.37112295125636
201,211,1.3711145730777663
426,456,1.3710993529854665
14,141,1.371043503702909
5,290,1.370986337814187
118,164,1.3709808131784185
119,142,1.3709667512897563
8,379,1.370963042825407
4,116,1.3709505944546685
94,287,1.370862465083061
173,263,1.3708495255632425
172,177,1.370844244647364
209,445,1.3707413836446314
168,393,1.3707392817376514
14,202,1.3706514403887924
323,428,1.3705659970576363
111,131,1.3705551609760847
196,451,1.3705540640170453
210,239,1.3705179029267212
168,212,1.370489514262511
129,197,1.3704734403601964
10,171,1.370456985777513
313,458,1.3704018651220184
179,213,1.3703925525254914
237,461,1.3703606952052902
273,437,1.3702769453942616
111,380,1.3702476682352727
135,199,1.3702293764557796
262,442,1.370158222383497
177,212,1.3701210098577548
209,379,1.3701164090378528
135,139,1.3701106907037246
288,315,1.3700993795936784
161,271,1.3700932598334623
238,429,1.3700749418031777
284,323,1.3700352454385039
98,380,1.369931053422478
155,420,1.3699260274741147
232,284,1.3698571710978213
7,179,1.3697577450067389
318,349,1.369696499784445
13,224,1.369681943895783
28,452,1.3695993856962048
272,429,1.369489758244176
318,411,1.3694173766762732
237,318,1.369402056170242
428,438,1.369347329297958
113,148,1.369332059756374
254,380,1.3692933418162156
189,438,1.3692919616589434
121,443,1.369269216486112
232,429,1.3692338796005952
288,320,1.3692298629104669
174,205,1.3692206062101677
111,379,1.3691491003200726
198,213,1.3691487402143823
150,213,1.3691162074538823
148,397,1.369115629833029
180,452,1.3690930826760117
210,286,1.3690749673572955
205,265,1.368940752583368
166,260,1.3688895309047533
152,259,1.3688315320129525
213,349,1.368764916221529
63,99,1.3687555175827635
191,311,1.3687551804603866
232,461,1.3686889526559214
6,135,1.3686297270509447
167,284,1.3686018613691369
10,248,1.3685885968079758
13,437,1.3685834233223093
95,187,1.3685477622368178
159,164,1.3685468202713236
77,265,1.3685181914120748
135,147,1.368515073477694
147,169,1.3685078751637703
214,255,1.3685016838562525
60,168,1.368488432730761
142,232,1.3684490836773846
4,151,1.3684377459974721
284,368,1.36841827507445
186,431,1.3683693851727843
72,206,1.3683530059335864
7,426,1.3683415435398123
96,273,1.368331352838407
150,460,1.3683137585189504
5,429,1.3682523670482398
195,243,1.3682000053155152
259,379,1.368160513390033
174,213,1.3681546564185874
129,194,1.3681273284697613
55,452,1.3680879198319378
380,455,1.3680338911451673
95,136,1.367921215965101
271,441,1.3679157723481519
176,180,1.3676677721526425
99,164,1.3676673609950059
137,313,1.367608431686083
239,319,1.3676058042514365
159,161,1.3675383076068632
426,441,1.367515772247379
214,239,1.3674871455050104
3,313,1.367441696522992
138,224,1.3674351225115673
257,425,1.3672669083942908
174,313,1.3672507893164834
3,4,1.3672486751129083
7,113,1.367244130797475
7,60,1.3671920705904261
118,158,1.3671747597121362
145,224,1.3671534649708263
151,163,1.3671507624477814
115,251,1.3671416718842033
131,224,1.3671405468900928
119,264,1.3670920155951731
197,296,1.3670876889624028
40,95,1.3670651307629398
147,216,1.3670409483222816
121,438,1.36700339308219
314,319,1.3669642096419092
94,125,1.3668941763123268
158,168,1.3668542779479969
13,60,1.3668331629231674
177,443,1.3668310834481168
422,437,1.366745254805412
139,177,1.3667059365741936
237,238,1.3666843844610237
134,195,1.3666272866739526
108,428,1.366625596956529
176,239,1.3666227680074068
193,210,1.36661071037649
173,235,1.3665853256242082
176,462,1.3665623516871248
171,189,1.3665471691072504
237,254,1.3665181371993653
99,428,1.366510122296201
93,323,1.3664805532141326
194,263,1.366381883946039
162,403,1.3663506447579246
37,368,1.3663453304767088
84,206,1.3663058394592242
134,380,1.3662927373611922
192,214,1.366259226268475
319,320,1.3662033601362433
37,456,1.3661941485321947
284,459,1.3661788808422848
139,319,1.3661443020050894
96,319,1.3661227504917015
152,452,1.3660937940738165
149,209,1.3660743566833904
259,427,1.3659807589726447
77,239,1.3659766962296147
236,379,1.3659589409123012
443,448,1.3659539948053705
211,296,1.3659084402234607
212,214,1.3657664374198133
379,403,1.36571712954358
252,426,1.3657091461402249
158,180,1.3657028559146505
112,262,1.365696655789005
204,460,1.365664922244883
13,212,1.3656526569935767
168,431,1.3655429752123318
380,428,1.3655337013100877
163,448,1.3655277002442934
256,259,1.3655069935830695
120,155,1.3654955489688787
178,437,1.3654784536132412
83,460,1.365412374181046
111,458,1.3654043060277363
170,228,1.3653805862077524
150,313,1.365178705547519
139,192,1.36515078890846
177,253,1.3650306297756736
192,271,1.3650136110976918
213,237,1.3650081737834032
209,414,1.364963557844844
224,243,1.364944299473882
37,119,1.364939133822875
182,379,1.364919487777501
13,134,1.3648510591750223
238,444,1.364762931340197
63,368,1.3647469965770904
264,290,1.3647055919268476
11,141,1.36464538540767
129,238,1.3646261915513282
2,99,1.3646208921073433
145,238,1.3645636608862703
220,259,1.3645274257037905
194,445,1.3645250178316428
170,284,1.3644982271786024
5,255,1.3644593133623428
182,443,1.3644409455224793
89,456,1.3644003555588753
112,259,1.3643992764521025
37,141,1.364371053969101
143,224,1.3643448508387186
265,271,1.3643357140005272
8,212,1.3643037721866713
5,69,1.3642928964473438
288,427,1.3642878782977146
257,452,1.3642815203950507
7,218,1.3642562670775695
154,168,1.3642545386179878
164,224,1.364196013993353
161,182,1.3641959244835387
448,455,1.3641796128913646
10,273,1.3641769605203877
157,269,1.3641596144472916
8,97,1.364147412225155
10,169,1.3641421998166177
111,174,1.3641087979115905
177,214,1.364108476206445
145,262,1.3640868468776635
156,161,1.3639670666555137
44,459,1.3639285277342272
315,427,1.36392305720601
254,428,1.3638423568058384
164,214,1.3638170371100435
318,375,1.3638151107513252
13,189,1.3637214843547576
176,211,1.363669993394679
318,330,1.363580906712594
158,189,1.363566824522228
8,208,1.363523969830641
189,378,1.3635057057036537
163,442,1.363504031359281
118,257,1.36349085908357
173,204,1.3634843218874402
162,320,1.3634546343736913
4,428,1.3634318448152467
378,415,1.3634201534243873
380,441,1.3634089341711741
115,180,1.3633361191078952
173,337,1.363318133851086
77,115,1.3633164396434208
11,137,1.36323787265188
169,252,1.363233079600315
142,337,1.363222647373031
134,461,1.3631610242206555
4,257,1.363121712565842
180,232,1.363110091011097
160,198,1.363093190671053
11,458,1.3630630897363711
142,214,1.363043405294313
120,318,1.3630403491999368
177,314,1.3629961199229188
204,253,1.3629395886077513
164,443,1.3628954235739865
139,189,1.3628293817377242
160,201,1.3628278948456687
9,338,1.3627929953220166
167,450,1.3627627266180087
444,445,1.3627509379361868
13,175,1.3626651865913482
140,195,1.3625405172557463
158,192,1.3625311442015569
174,237,1.3624776478891838
140,290,1.3624353960691442
437,461,1.3624222808018775
158,428,1.362373072423311
140,194,1.3623523401209472
119,288,1.3623458516713476
183,259,1.3622930620914102
188,191,1.3622423251375808
67,93,1.362209428930661
166,368,1.3621329722280524
13,428,1.3620903267567357
121,185,1.3620695660430397
8,204,1.3620614057497322
177,236,1.3620560276661366
99,292,1.3620363313880737
7,429,1.361945331359322
157,284,1.3619227910849623
69,155,1.3619014975652084
163,296,1.3618826548294305
239,272,1.3618376820952407
154,217,1.361793194948289
131,456,1.3617864928795413
191,264,1.3616728760503314
155,218,1.3616663625472551
173,444,1.3616262227531581
98,428,1.361591330191747
63,194,1.3615841762946934
213,260,1.3615778081110144
185,427,1.3615238353006618
63,139,1.361344509294206
98,343,1.361267651712558
253,273,1.3612628617170168
72,460,1.3612587762906074
175,323,1.3612431932445985
191,232,1.3611843884422044
156,447,1.361164487588049
443,444,1.3611482559740578
206,323,1.3610934160096537
7,220,1.3610875496609642
175,284,1.3610439089626478
323,380,1.3609629231092848
192,447,1.3609515498219322
170,379,1.3608929281120625
119,218,1.3608880470194682
159,337,1.3608448120349814
10,156,1.3607711648344294
118,273,1.3607153578115518
185,271,1.3606865230404037
256,262,1.360629308834983
438,445,1.360579354224444
243,368,1.3605397342040704
115,431,1.3604912586023143
196,379,1.3604683784073188
157,260,1.3604516851357285
131,262,1.360402615305569
120,236,1.3603469195832212
425,458,1.3603412983359764
131,159,1.3603387262915747
314,456,1.3603356967627311
253,461,1.3603325057631213
166,195,1.360319365471745
10,188,1.36030780530705
154,434,1.3602923256896597
95,454,1.3602738946853947
212,380,1.3601433933182854
5,338,1.36012086898186
177,316,1.3600652153001385
99,444,1.3600529235335486
243,251,1.36005188078563
262,263,1.3600261345606306
188,192,1.360015593514628
154,228,1.3599392495725617
199,237,1.3599219243450398
161,264,1.3599175664617762
151,196,1.3599045665703775
165,261,1.359887611041998
190,459,1.3598768717069791
162,199,1.3598480355007796
205,445,1.3598395986867065
284,337,1.3598116607619501
7,401,1.3598106481098777
7,312,1.3597950249261819
403,456,1.3597807570567795
83,252,1.3596506690172152
100,177,1.3596492258743396
447,459,1.3595078468314385
98,285,1.3594762661845607
5,235,1.359427736507378
414,455,1.359375070005692
97,194,1.3593417743550953
166,320,1.3592969418725913
96,265,1.3592901504831836
169,255,1.3592657230465803
2,165,1.3592419441794872
435,437,1.3591966454526228
13,192,1.359194646635339
12,79,1.3591470358271431
252,300,1.3591282535381313
185,264,1.35906584789824
167,458,1.3590274274867458
12,200,1.3589864621522065
160,265,1.3589709383400976
155,285,1.358949724120688
152,155,1.3589461866894967
199,427,1.3589100037197415
338,393,1.358884856004427
94,230,1.3588824188369655
168,176,1.3588522702706514
104,164,1.3588458785409692
135,159,1.3587682218109107
167,448,1.358663017644532
93,366,1.3586059769495686
173,237,1.3585743684395688
55,378,1.358559385048919
212,403,1.3584933905633243
224,260,1.3584505173611376
212,437,1.3584236468848085
213,414,1.358193140009535
173,239,1.3581733716521347
2,313,1.3581575154445733
170,243,1.358128953340617
201,210,1.3580891440246194
189,269,1.3580605179455978
98,162,1.358044027994694
9,375,1.3580244680452027
262,286,1.3579951114897548
349,368,1.3579951114897548
186,452,1.3579607116619934
235,437,1.3579427915501978
4,406,1.3579386102692288
191,273,1.3578879587658503
208,461,1.3577731972190832
196,314,1.3577508342260305
89,462,1.3577387821339504
191,212,1.3577263758208213
72,213,1.357709169329065
202,248,1.3577061678895457
159,414,1.3576416662034254
443,445,1.3576370257117336
145,199,1.3576050966363054
120,194,1.3575141634754435
131,316,1.3574439748339653
67,213,1.3574034254917704
178,264,1.3573860182035156
4,255,1.3573808177400686
159,235,1.3573627579741099
214,236,1.3573356445607936
167,296,1.357308476486238
158,169,1.3572740490181967
403,458,1.3572608300017843
253,292,1.3572430109494718
77,427,1.3572361966133426
118,186,1.3572361966133426
425,443,1.3572205006123623
55,444,1.357216618675355
8,166,1.357205002794477
108,313,1.3570405670802876
180,211,1.3570197889979876
131,288,1.3570113651381832
67,252,1.3570083505527408
238,349,1.3569476335529256
183,255,1.356900904380841
104,197,1.3568448562027893
313,451,1.3568224432848073
201,252,1.3568091209988988
6,428,1.3567789744377787
319,349,1.3567645833824302
156,176,1.3567567856869216
65,163,1.3567211329990612
100,452,1.3566251922128754
195,296,1.3565563888942098
7,178,1.3565049942112348
214,273,1.3564944585576832
9,415,1.3564282098876528
63,197,1.3564050387476259
209,375,1.3563369739106372
115,121,1.3563369431288175
37,209,1.3563207799463477
288,456,1.356282659164939
179,460,1.3562680357125618
111,169,1.356245802667287
444,461,1.3562404363848937
157,237,1.3562125197375698
77,448,1.3561597569216581
205,263,1.356149644373467
205,425,1.356106085234281
147,204,1.3560528471639952
129,262,1.3560411483509096
170,183,1.3560179594348505
196,312,1.3559486183301035
132,264,1.355843810116122
96,379,1.3557890959775238
319,447,1.3557628773276773
214,337,1.35562733332589
37,259,1.3554674203641253
271,461,1.3554278849837018
121,168,1.3554237689822868
336,337,1.355375425818651
55,337,1.3552921894852652
154,435,1.3552917082180014
217,313,1.355246626923197
284,452,1.355212026107642
12,80,1.3551870442091454
290,380,1.3551615868438451
148,269,1.3551442946757044
181,459,1.3551366198923085
189,202,1.3551311629484741
119,284,1.355042317673744
14,447,1.3550410838112952
168,461,1.3550238238391714
3,111,1.354915975614803
83,210,1.354857065842149
140,378,1.35474419546093
134,288,1.354711414186748
254,458,1.354688667597071
290,378,1.3546779261847943
174,192,1.3546618114357425
100,111,1.3545949395447643
171,232,1.354590934187284
99,118,1.3545706262615265
69,313,1.3544971392954561
9,172,1.3543866532038258
9,261,1.354360477227415
83,167,1.3543117143397843
118,178,1.3543046621135457
428,461,1.354296357994337
337,438,1.3542743996397875
65,252,1.354228413970249
195,216,1.354180744514349
165,447,1.3541628001065187
224,441,1.354150710604191
77,315,1.3541277350492091
131,134,1.35408049630518
115,368,1.3540293086082467
157,337,1.3540269004189551
118,375,1.3539989487315771
235,251,1.353924246805038
96,378,1.3539222120250127
104,202,1.353920902416612
174,259,1.3538567481206512
99,272,1.3538328900859087
159,431,1.3537209056912132
262,343,1.3536563582613
323,431,1.3536363063831345
368,450,1.3536236164777358
250,311,1.35360832602587
186,255,1.3535967317870217
168,232,1.3535265542902664
118,441,1.3535001006730856
8,69,1.3534949062487132
220,316,1.3534512885399794
159,180,1.353376878912381
89,214,1.3533473025785907
149,196,1.3533343122224089
180,208,1.3532612433255495
148,265,1.353190934849291
131,141,1.3531172424470392
185,189,1.3530921901945645
314,316,1.35304306183851
316,379,1.35296010605546
63,232,1.3529502443996027
158,262,1.3529252916759866
259,450,1.3529230431865849
159,176,1.3528710960110095
60,316,1.3528689870380088
380,438,1.3528594723365206
145,157,1.3528051360812685
63,452,1.3527848697655973
14,178,1.3527331707250199
120,163,1.3526169589464685
83,262,1.3525970446979811
150,447,1.3525853515268398
134,162,1.352550732845255
120,211,1.352539108252284
55,379,1.3525173220463886
115,206,1.352409974577618
4,451,1.352389217314685
337,462,1.352361834881852
197,265,1.35235499162834
175,235,1.3523532686526714
211,379,1.3523150208479804
134,337,1.3522741774155391
209,337,1.3522740083462461
8,237,1.352237798082648
132,265,1.3522350695177456
391,427,1.3521721250356102
205,248,1.3521157853870809
96,257,1.3521117894716348
194,200,1.3520860448701109
175,269,1.3520298792180674
77,177,1.352014262814738
178,414,1.3519993466197624
161,393,1.3519607978105808
213,286,1.3519550601011907
337,455,1.3519310187456355
445,447,1.3519062928738477
162,238,1.3517765306837475
44,155,1.3517243224245419
155,174,1.3516694018798336
269,284,1.3516216604542548
108,118,1.3516110333223597
162,443,1.3515969877042493
209,273,1.3515889562281025
152,232,1.3515554812376376
181,438,1.3515429688324985
156,169,1.3515246930744396
349,460,1.3515160941789244
14,393,1.3514949304884258
80,191,1.3514236904018606
290,349,1.3513769425559536
192,314,1.351361192238526
10,165,1.3513385186321458
65,238,1.351331768130239
79,163,1.3513155960284988
155,445,1.3513118407673959
142,143,1.3512455326835155
255,459,1.3512377327914231
11,218,1.3512271517017151
127,167,1.3512197884705501
156,456,1.3512166150804963
10,69,1.3512006353927757
251,443,1.351183014322192
178,452,1.3511590066767196
134,264,1.3511336567156322
119,190,1.3511127605012891
170,257,1.3510671819106754
6,284,1.3509951259216155
93,300,1.350983694881109
132,380,1.35095350699358
296,378,1.350931808332578
189,443,1.3509314117030087
262,414,1.350857706945196
111,115,1.3508569639994865
96,435,1.3507855773850634
171,192,1.3507664667306534
200,461,1.3507565965865416
176,316,1.3507500468853393
380,429,1.3507016787321735
181,253,1.3506864900718292
179,189,1.3506686244592534
323,336,1.350646602763629
262,273,1.3506378475345802
204,437,1.3506006911588913
8,296,1.350556105298629
11,237,1.35055360399246
162,185,1.3505485606033996
11,37,1.3504639195584291
196,208,1.3504482237354523
177,256,1.3504335995422703
318,366,1.3503639321484062
177,269,1.3503101368483272
403,414,1.3502223374516744
118,120,1.3501863245159584
205,237,1.350053740362986
162,214,1.3500404669725583
111,448,1.3499927098709819
145,450,1.3499371551054744
176,255,1.3498991680853234
212,232,1.3498813034839845
214,349,1.3498246683571413
131,393,1.3498079935289387
150,210,1.3497982989416994
9,174,1.3497961467813306
239,337,1.3497689189769644
12,177,1.349761257312247
60,157,1.3497428755186256
192,428,1.349728615034297
132,164,1.3496433824418108
141,255,1.349626635296613
100,271,1.3496043919913798
140,447,1.3495847769839189
55,98,1.3495651619764584
134,170,1.3495263323230748
137,167,1.3495116350741196
232,323,1.349498286104121
378,393,1.3494142011180505
7,222,1.3493620683789334
195,217,1.3493584114303856
4,165,1.3493082198144177
313,414,1.3492930552628786
288,337,1.349229764951339
2,206,1.3491791569393743
143,318,1.3490032374260217
145,444,1.3489817985605181
94,329,1.3489646121542076
13,380,1.3488618266745935
272,379,1.3488330297526898
100,191,1.3488235512802924
94,278,1.34874433197692
118,192,1.348716745589766
189,447,1.3487153004352161
145,368,1.3486852965392402
185,437,1.3486145514065746
4,435,1.3485692939088965
166,197,1.3485403707386914
425,429,1.348538014949836
104,170,1.3485340218469004
7,431,1.348503349537241
14,269,1.348479835805952
14,156,1.3484181112463247
264,444,1.3484092309852282
67,460,1.3483950688170132
181,271,1.3483891647987698
11,202,1.3483474817908412
96,264,1.3483110232670317
89,185,1.3482234502518582
204,238,1.3482044868621068
192,273,1.3481940059525455
132,239,1.3481893153958853
168,462,1.348165330485425
55,380,1.3481450187324704
214,319,1.3481389056756097
131,208,1.3481054445543537
152,253,1.34806551332201
95,334,1.348013465500587
162,444,1.3479080428889518
94,436,1.3478585518159196
149,368,1.347857184193366
189,265,1.3478453131673347
156,461,1.3477947880422967
237,459,1.3477339726840702
431,458,1.3477217447354628
93,429,1.3477110700184038
159,391,1.3476651820066088
145,178,1.3476585805843266
200,271,1.347617668422299
59,460,1.347587647674423
211,320,1.347527244782454
163,434,1.3474985487862317
251,292,1.3474692244853892
13,273,1.3474162178970714
158,173,1.347398980474745
134,206,1.347379022246175
96,171,1.3473528235860646
140,273,1.3473443997940153
63,77,1.3473200034943154
158,209,1.3473148699957023
14,37,1.3472493182923189
224,450,1.347099687991743
11,445,1.3470853825298126
9,317,1.3470531977862004
264,403,1.3470263787062717
157,180,1.347009313423071
111,414,1.3469900550521094
140,455,1.3469886700025486
77,140,1.346981631976056
213,314,1.3469788559775
181,380,1.3469661840732123
108,212,1.346953251097115
202,237,1.3468202288808657
264,461,1.346812136713028
108,191,1.3467794125803412
141,284,1.3467707161265616
343,378,1.3467582124527906
224,273,1.3467577438421716
152,438,1.3467271048369618
9,420,1.346702845476829
175,192,1.3466904970094635
255,456,1.3466831013716825
427,452,1.3466733500020396
174,443,1.346640731766258
243,378,1.3466407317662576
296,380,1.3466323132306846
290,318,1.34662162994828
12,193,1.346558552050755
239,462,1.3465549014966487
264,343,1.34653637039868
177,192,1.346483846387055
63,210,1.3464727672518357
12,314,1.346465798504072
93,161,1.3464620511150935
9,28,1.3464442812733028
7,152,1.34634887667163
93,230,1.3462834160733694
6,459,1.3462395733794308
140,428,1.3462363527182934
11,444,1.346175773295016
284,296,1.3461685805029227
13,210,1.346123163386088
296,452,1.346118747585762
12,450,1.3460588342168982
12,174,1.3460573057386929
134,368,1.3460488142441582
209,228,1.3460446958762229
238,314,1.3460171125914038
196,200,1.3459680691078957
158,186,1.3459141979628548
96,272,1.3458992036576747
9,269,1.3458473866270377
252,445,1.3458145617841013
214,314,1.3458111172912146
237,251,1.3457708191102105
108,458,1.345718356159014
154,208,1.3457021165550318
121,238,1.34569468172819
12,228,1.3456749922613207
135,148,1.3456397915917193
170,414,1.3455550225968376
12,263,1.3455186333572982
5,389,1.3454842658866761
254,431,1.3454503917887952
84,160,1.3454347164961233
265,462,1.345433658378435
148,445,1.3454068703560633
447,461,1.3453832899774032
5,288,1.3453478271311585
99,185,1.3453250043403415
134,161,1.345285384084664
235,460,1.3452552503850377
14,210,1.3452009538586998
104,157,1.3451083767789145
206,443,1.345105480653063
442,456,1.3450588319489432
131,452,1.3450498896349001
155,441,1.3450457395438131
6,208,1.3450379826296328
176,214,1.3450264145348254
115,157,1.3450060080933195
422,460,1.3449851800591524
213,263,1.3449712054519072
104,292,1.3449058666288423
121,214,1.3448455677041402
254,393,1.3448408158201306
177,319,1.344816175039957
314,429,1.3448031732448713
115,162,1.3447965226757992
104,161,1.3447563608243653
37,272,1.3446486540498506
151,173,1.3445987908571733
14,323,1.3445910087607627
55,181,1.344560876029188
182,444,1.3445576013442824
157,378,1.3444955012729634
115,185,1.3444616770427043
220,459,1.3444346092844164
69,251,1.344425793407699
77,343,1.3443786299539415
93,165,1.3443609377704335
255,257,1.344359846440474
161,462,1.3443458487619502
166,248,1.3443401251325884
12,19,1.3442302413331912
55,154,1.3441709761259368
148,220,1.3441624879266956
252,451,1.344115765036665
63,209,1.3440308212482168
11,441,1.3439410571849322
205,379,1.3439224394562965
127,205,1.3438860589092296
157,379,1.343850550955233
13,108,1.3438273466544617
9,248,1.3437857277197236
93,397,1.3436937531452873
137,143,1.3436898054683282
136,443,1.3436795112751607
118,176,1.3435809860120724
140,218,1.3435569248987358
100,254,1.3435343498573675
154,396,1.3434986886501976
166,288,1.3434906820836339
319,393,1.3434872035599212
84,213,1.3434365741243453
69,147,1.343401809632736
115,147,1.3434016432186628
118,458,1.3433698643031622
167,179,1.3433618721978062
255,319,1.343360160832714
93,127,1.3433546214047736
158,174,1.343353626814888
259,290,1.3433487903624612
139,288,1.343339927869359
254,320,1.3433326811868582
150,194,1.3433253969224228
237,315,1.3432048139091104
202,393,1.343189068752135
220,455,1.343181599522103
213,436,1.34315979904502
113,438,1.3431267648266194
67,318,1.3430942885672374
441,443,1.3430833628280234
55,119,1.3430582725740312
102,213,1.3430033649272841
98,288,1.342991988131523
132,391,1.3429804912645416
224,349,1.3429615607384866
210,448,1.3429420979013655
131,192,1.3429068644806994
79,159,1.342814547384207
139,452,1.342785888043259
164,273,1.3427390779165276
141,189,1.3427293687688064
209,441,1.3426959930112585
199,217,1.3426721427807515
8,137,1.342619746838479
9,25,1.3426188951458042
199,380,1.3425098389614878
212,318,1.3425029945243074
148,428,1.3424386247664302
137,195,1.3424308273084173
67,119,1.3424005659961848
89,378,1.342363020594166
13,115,1.3422914593684658
134,214,1.3422526074228434
173,375,1.342228150736439
10,164,1.3421520883255156
255,288,1.3421130554260166
96,445,1.3420975712685255
243,257,1.342061755548102
257,447,1.342006200548216
143,147,1.3419283489863745
145,173,1.3419173820831585
173,265,1.3418746961768768
156,269,1.3417991206412692
185,214,1.3417906667533126
189,260,1.3417382579366999
104,425,1.3417171314221024
111,425,1.3417046115486853
4,263,1.341698345245523
94,143,1.3415901611511145
182,391,1.3415337098854119
13,319,1.3415077507512163
89,191,1.3414639229747805
178,239,1.3414576523471058
113,147,1.3413997472450145
272,461,1.341398988298796
139,337,1.3413447137881305
196,198,1.3413292732046218
100,170,1.341315029421043
259,429,1.3412720100044822
210,450,1.3412648668554754
315,444,1.3412606916691965
212,456,1.3412204671159311
11,55,1.341126200229516
13,458,1.3410728179781433
264,296,1.34106746775179
396,456,1.341059221798381
11,314,1.3410417815957139
139,380,1.3409933369123475
12,70,1.340990373707816
149,194,1.3409609150683048
14,77,1.3409118268241635
134,157,1.3408386382948885
202,452,1.3408289367464565
255,323,1.3408223022130192
180,461,1.3408209274247114
80,147,1.3407830657812179
170,179,1.3407630806792772
174,211,1.3407564780149028
208,452,1.3406179427103049
55,165,1.3405891824578011
337,461,1.3405313128394627
252,434,1.3404801476629948
290,456,1.3404616073620654
164,175,1.3404327217276906
171,177,1.3403090951311323
55,160,1.340261931409608
186,253,1.3402365410966581
98,248,1.3402318238730546
196,375,1.340225474674073
224,458,1.3401925520503646
186,214,1.3401498145827586
148,338,1.3401367419224146
171,427,1.3400987598399423
97,163,1.3400891100709906
234,252,1.3400873118850167
111,137,1.3400253445036583
118,239,1.3400204900755315
158,178,1.3400117191336047
148,239,1.339976295228299
191,257,1.3399563984531213
317,368,1.339940349225418
204,393,1.3399289668421588
311,368,1.3399181299220355
186,378,1.3398642033890484
100,243,1.3398217334439269
11,431,1.3398054748029689
37,428,1.3397880044783286
8,134,1.3397741784223023
254,257,1.3397208002014376
205,286,1.3397162548821342
167,200,1.3396838209162953
151,318,1.339669268272034
155,179,1.3396683355822308
224,319,1.3396639880913055
14,173,1.339621404216247
95,110,1.339560853386853
8,140,1.3395525389203338
99,183,1.3395404136488784
141,211,1.3395102061181263
139,168,1.3394915915934342
366,375,1.3394394402996257
214,450,1.339410756747322
166,253,1.3394079191950379
96,176,1.3393846494042674
112,252,1.339364692174576
10,100,1.3393471265763883
70,318,1.339341239741741
108,455,1.3393205419226246
197,450,1.3392458792166777
60,158,1.3392303409150255
177,205,1.3391999539644084
9,198,1.3391966510832902
145,253,1.3391918630392599
166,437,1.3391289592501971
69,211,1.339061695667492
6,220,1.3390385142866057
192,391,1.3389960337340034
118,181,1.3389271967941532
192,379,1.338884910625483
95,406,1.3387651477671123
315,451,1.3387577849659322
167,273,1.338713545251609
120,259,1.3386984517246556
37,167,1.3386125523853
63,213,1.3384232010842003
174,254,1.3383249947731677
257,393,1.3382462011648788
77,292,1.338235444551158
253,375,1.338204754255352
14,72,1.3381719394718394
318,418,1.3381436746841398
448,458,1.338125577992114
182,218,1.3381158517485188
159,444,1.3380891471241219
191,256,1.3379624670770192
210,422,1.337960690653059
65,253,1.337934513660977
142,186,1.3379225077174337
169,237,1.3378864432395468
140,192,1.3378728750598259
127,315,1.337745643199783
170,200,1.3377323872537092
210,250,1.337724163892706
159,250,1.3376647169651799
142,264,1.337663572015318
67,163,1.3376542965018146
159,441,1.3376459204880242
95,201,1.3376432878676472
159,256,1.337609523830554
98,254,1.3375871622842483
393,443,1.3374916674883328
211,337,1.3374859384691449
403,425,1.3374790465132866
171,460,1.3374185343319092
213,218,1.3373580169574044
167,235,1.337357602472437
148,444,1.3373087655044387
253,414,1.3373067113309363
264,316,1.3372045016893104
9,257,1.3371887076576308
337,444,1.3371733534719674
182,288,1.3371291607021765
177,315,1.3371278713422574
4,439,1.3371044646151573
2,44,1.3370767435465858
190,191,1.3370486497037668
197,396,1.3370229782009484
118,427,1.3370086840838198
9,343,1.3369976097060197
67,99,1.336986105567871
140,205,1.336959509013156
368,442,1.336956698940432
349,437,1.3368850668524015
206,425,1.336859396851377
6,251,1.336857107832827
171,178,1.3368532828391024
5,103,1.3368156520564207
167,311,1.3367948305772568
165,316,1.3367916346524171
69,224,1.3367858160656254
164,261,1.3367783489884624
168,199,1.3367128888994433
202,288,1.336635672939101
137,437,1.336536471799632
104,320,1.336514391312842
164,180,1.33651359518334
211,285,1.3365119407516295
141,150,1.3365084173908386
206,445,1.3364981840757162
77,139,1.3364070336244467
250,253,1.3363718420167747
273,284,1.336314316508633
157,458,1.3362753445973339
160,208,1.3362557511502888
169,197,1.3362050633172735
151,368,1.3361823885352908
14,186,1.3361019942209396
93,112,1.3360884005223774
375,380,1.3360841419571312
65,194,1.3360182684624762
80,368,1.3359970285155387
192,403,1.3359958845555862
205,216,1.3359324266705872
132,154,1.3359203613748023
391,459,1.3358589520265307
100,145,1.3358495909994101
135,142,1.3358446415046559
378,441,1.3357955277071536
175,315,1.335773929302683
108,199,1.3357236956103908
12,169,1.335648487711008
212,236,1.335644188384324
202,315,1.335566550419434
11,256,1.3354340649549648
262,285,1.335431123815451
157,183,1.3354207030819008
14,161,1.335415714558672
220,262,1.3353849227651222
96,135,1.3353633741324324
152,170,1.335355923185642
28,163,1.3353525369418886
161,232,1.33521799734028
235,459,1.3352178359919697
14,380,1.3351803979125831
155,216,1.3351307411369204
8,458,1.3351075130636654
211,448,1.3350803704846914
112,196,1.334988150760894
175,237,1.3349767092911966
44,160,1.334950178130931
166,204,1.3349191010755803
65,148,1.3349089098862499
269,462,1.33480897416857
194,250,1.334705859681401
129,393,1.3346963507375391
63,173,1.3346856037378345
104,139,1.3345944257352957
157,174,1.334481000472482
80,96,1.334474866224237
167,239,1.3344604776252442
320,380,1.3344571279357427
257,443,1.334441530538131
251,290,1.3344361005109766
7,317,1.334435056500165
159,228,1.334422947899484
445,462,1.33442151336329
162,458,1.3343684686039874
7,204,1.3343351684282276
4,70,1.3343148659507298
72,167,1.334308489467376
37,170,1.3342573358094563
194,220,1.3342305889488089
393,429,1.3342173515219904
79,455,1.334150219532496
195,311,1.3341365576134685
93,257,1.3340515300241633
448,459,1.3340439739874457
142,211,1.3340218075552415
290,292,1.3340071632613248
285,288,1.3339281339623144
164,269,1.3339186588483063
141,425,1.3338439281733245
94,114,1.3338413161225553
118,165,1.3338110100820602
77,323,1.3337636902715944
167,250,1.3337433174561741
108,262,1.333740904812354
11,257,1.3336300574488795
155,349,1.3336280538653909
4,411,1.3335888601440529
213,239,1.3335247725157093
199,391,1.3335062342895003
118,429,1.333505353601643
108,173,1.3334816487230985
111,142,1.3334570717450565
158,210,1.333455729663519
195,450,1.3333391857994874
174,199,1.333311354910926
194,330,1.333273102355691
171,462,1.3332437859640982
80,99,1.3332143431395294
108,147,1.333198838262381
232,255,1.3331890781375098
6,456,1.3331745947392273
286,318,1.3331563028300855
148,169,1.3330988777242503
139,314,1.3329848039837144
418,447,1.3329796880903089
151,425,1.332967535380479
6,265,1.3329498189022417
14,284,1.3328991437344453
313,450,1.3328912757528426
131,380,1.3328416470151014
252,414,1.332795944512952
197,239,1.3327918876315528
165,323,1.3327632896775197
139,316,1.3327355616495422
162,264,1.3327158023360033
206,437,1.3326611042651892
253,444,1.332651739006012
141,292,1.3326381228897641
104,159,1.3326040959111458
168,185,1.3325947526244273
259,375,1.3325910038423547
96,256,1.3325548230572997
236,403,1.3325355602867774
72,160,1.3324965720361264
150,378,1.3324661111209384
104,214,1.3324415999892771
55,156,1.3323284805452535
89,178,1.3322366106810823
254,443,1.3322313931215664
288,429,1.3322231617972649
12,414,1.3321695680187606
99,108,1.3321616364350162
164,337,1.332155672641715
195,300,1.3321408949417366
162,269,1.3320580041563075
94,152,1.3319960550510646
191,284,1.3319796716813896
180,184,1.331943536088115
166,262,1.3319170433979943
427,435,1.3318637070746446
98,228,1.3318563283314486
162,255,1.3316994864026137
37,165,1.3316906797905599
261,438,1.3316831532121813
140,452,1.331553850931602
195,414,1.331529923909312
154,176,1.3315128518652506
168,375,1.3314902461850155
115,189,1.331474391986452
96,137,1.3314573676635315
13,98,1.3314436336137874
77,458,1.3313218799665278
192,429,1.331229432887688
132,323,1.3312111358269259
164,456,1.3311084793977588
206,239,1.3311007247755189
79,262,1.3310950049053654
79,251,1.3310694045708498
177,206,1.3310528314049905
166,239,1.330995208536037
206,380,1.3309761172628334
132,224,1.3309758546272255
238,273,1.3309499336448631
212,452,1.3309273543243778
115,272,1.3309060872275806
159,186,1.3308925466721253
213,217,1.3308623119090532
429,435,1.330802188323797
11,165,1.3307575136789513
149,313,1.330742943457664
12,188,1.330575466581425
188,194,1.3305589363090056
175,243,1.3305526681832152
186,232,1.3304788430909016
12,142,1.3304736565301454
111,200,1.3304685254763675
288,379,1.3304288565624267
11,200,1.3304266283200425
170,288,1.330385022738849
65,254,1.3303509859913856
157,186,1.3303370867460955
253,300,1.330320853135097
199,458,1.3302320125071867
158,162,1.330160850294446
141,260,1.330158291912982
338,368,1.3301579541685948
136,368,1.3301126590846806
11,183,1.3300334006483066
132,343,1.3300121138647198
28,378,1.3299982637321686
12,171,1.3299739305493716
55,148,1.3299716028009003
97,313,1.329958547043427
8,418,1.3299463774830118
140,375,1.329939756588949
158,437,1.3299149547635019
108,448,1.3298928776692445
8,441,1.3298817987067835
238,438,1.3298563812428756
141,200,1.3298229326487385
131,182,1.3298219008310412
67,181,1.3297622826335105
427,462,1.3297405222151786
178,235,1.3297256644282278
343,403,1.3296391521027986
171,236,1.3296354053931934
261,441,1.329567926545152
192,284,1.3295317402267395
4,457,1.3294468445267842
254,314,1.329372734122839
169,171,1.3293665110622583
237,462,1.3293604596875495
89,158,1.3293424237796294
183,460,1.3293261486487944
320,343,1.3293224500584135
157,437,1.329265441452378
169,459,1.329236057688349
181,349,1.3292052583556224
77,284,1.32916687052528
135,209,1.329052626387407
158,443,1.3289927461711166
4,83,1.3289585849367
185,455,1.3289285324578217
212,239,1.3288662662383595
2,194,1.3288321886813237
77,161,1.3287970962928617
44,163,1.3287113731048081
190,318,1.3285993820008406
152,156,1.3285311403177777
148,379,1.3285303916531719
261,272,1.3285175360350912
11,323,1.3284649351172402
206,216,1.32843442411982
205,208,1.3283847069596373
178,317,1.3283634823337083
152,315,1.3283538944776268
204,271,1.3283504901483618
214,315,1.3283472219636117
9,314,1.3283453461735748
212,428,1.3283341735967442
139,211,1.3283040468371594
181,255,1.3282919886328737
237,262,1.3282024290098602
292,458,1.328170359638923
265,456,1.3281617730617852
2,191,1.3281375074345767
14,132,1.3281215705363778
69,452,1.328058406872392
168,251,1.328048432492488
271,290,1.3279899755911837
314,462,1.3279843454825364
161,189,1.3279603924687167
152,205,1.327909764294826
137,455,1.3278911097194204
159,428,1.327867797856202
151,194,1.3278660190998173
96,139,1.3277720560701451
288,316,1.3277325664750463
152,206,1.327685052213421
224,311,1.3276732613545281
139,458,1.3275590737439418
163,426,1.3275370628533585
139,427,1.327493354288425
89,379,1.3274845858214386
177,202,1.3274724437375465
393,448,1.3274510249992801
94,366,1.3274287729134875
154,414,1.3274137715846657
7,84,1.3273212852681895
121,141,1.3273069750508137
29,95,1.327259655192904
313,349,1.3272476938031212
156,193,1.3272319084499051
145,158,1.327221055218367
171,238,1.3272193165656239
213,441,1.3271959100633097
177,460,1.3271698717542197
113,313,1.3271693574857233
131,157,1.3270848288445427
152,165,1.3270831434946264
111,273,1.3270601094298102
235,313,1.3270157087364012
272,427,1.327002160603756
232,263,1.326996101514161
111,139,1.326892474983896
140,456,1.3268735581513116
138,148,1.3268220894262002
135,154,1.3267885893035154
132,165,1.3267429580116137
182,237,1.3267153152698947
8,72,1.3267098013883198
48,94,1.3267080682575638
11,79,1.3265162738466976
150,209,1.326505301204775
94,340,1.3264283109928248
165,186,1.3264172113006256
272,380,1.3264137785977401
12,145,1.3263732552672622
185,323,1.326371296955729
176,254,1.3263631672186675
259,401,1.3263610125538916
205,431,1.3263012015147666
172,181,1.3262931551864061
368,431,1.3262751606016527
28,368,1.3262083943224503
317,319,1.3262015151871545
140,179,1.326200739106706
141,272,1.3261494044304476
97,262,1.3261482018289314
196,284,1.3260901916018066
37,255,1.3260901916018064
8,135,1.3260786917354397
7,134,1.326051493587686
284,429,1.326040874786142
100,403,1.3260114421892322
77,100,1.3259931799409068
136,170,1.3259808945284015
368,397,1.3259657533953473
259,311,1.3259637189401565
55,175,1.3258842327692661
205,220,1.325824810388612
156,288,1.3258082469334407
77,243,1.3257129925451592
95,415,1.3255747140501961
169,232,1.325558668660292
121,458,1.3255254465468558
100,393,1.3255187609543775
10,198,1.3255005833680096
115,393,1.3254851952432232
250,264,1.3254617092878114
251,380,1.3254188559964852
98,261,1.325412979707581
237,456,1.3254032794358293
160,414,1.3253503803848514
189,257,1.3252630852878549
55,320,1.3252497153971203
14,137,1.3251262835009356
252,442,1.325089877134893
118,139,1.325050017521273
160,300,1.3249713800084526
93,326,1.3249692858267146
451,452,1.3248950333085068
290,415,1.324880679644809
216,253,1.3247735013142103
168,323,1.3247373048873248
8,375,1.3247236512905867
37,273,1.3246955328197954
272,343,1.324693468294557
254,379,1.324654812880543
131,447,1.3246055441617635
115,313,1.3245739305941349
154,198,1.324544333254206
132,418,1.32453103530004
192,323,1.3245187448225926
192,462,1.324473053554117
236,320,1.3244546767919851
157,431,1.3243619467285714
199,285,1.3243616360699788
210,441,1.3243585790482464
158,164,1.3242666899254045
96,104,1.3242621566568438
288,403,1.3242284626191179
269,456,1.3242156332541515
10,343,1.3241231729376806
98,323,1.3241222653102551
196,450,1.32411286667149
378,461,1.3240771709243175
142,243,1.3240503528380347
9,80,1.3240193398507656
216,232,1.3240043090912696
197,250,1.323998476641535
259,443,1.3239711503967988
160,188,1.3239498805446603
93,415,1.3239348962840558
256,288,1.323918864862692
166,265,1.3238884772496737
13,199,1.323839325085166
7,200,1.3238336673672544
148,343,1.3238318942210279
149,254,1.323770802711282
318,414,1.3237676004466103
96,314,1.3236499496449101
273,447,1.3235066442413226
99,296,1.3234362902029937
99,265,1.3234245270417764
154,171,1.3234151107276748
178,248,1.3234041467558257
131,458,1.3234027609504468
215,216,1.3233122637058155
14,79,1.323289778542303
157,261,1.323279984382297
37,210,1.3232118408313067
131,251,1.3231843411368391
205,239,1.3231828270422692
238,336,1.3231718729623156
288,343,1.3230771759922415
11,188,1.3230614590067373
119,161,1.3229954789741996
6,236,1.322956793280793
186,337,1.3228614189859544
209,285,1.3228054818041572
155,425,1.3227671258303602
134,175,1.3227153847479411
169,175,1.3226859796616752
79,211,1.3226798844496674
147,379,1.322631805525111
183,403,1.3226202299725616
292,462,1.3226079032236335
145,271,1.3225676429651703
202,378,1.322553542390726
175,461,1.3224777359196156
151,251,1.3224573394134804
93,152,1.322432590609261
93,235,1.322432590609261
206,431,1.3224298827716174
194,237,1.322368997176221
6,141,1.322366709828432
181,391,1.3223454299828294
176,210,1.3222708361805395
121,197,1.3222376704950627
129,155,1.3221823036228955
167,285,1.3221082941291773
99,452,1.322095494788407
368,426,1.3220891659381155
259,314,1.3220572429195692
435,438,1.32200188522628
5,139,1.3218298931569472
63,239,1.3217377162252866
111,285,1.3217303570316552
236,272,1.3217020659030443
238,245,1.3216327705329116
380,397,1.3215746970659468
435,436,1.3215746907740944
197,198,1.321568848206475
95,425,1.32151018873626
69,121,1.32148172671277
89,168,1.3214555867712383
177,262,1.3214115191598677
118,235,1.3213844219117787
216,264,1.321361080201205
256,284,1.3213315761738353
156,224,1.3212889710291247
175,448,1.3212590249766607
182,256,1.3212501053597312
99,243,1.321246800008901
99,136,1.3211631877980226
4,458,1.3211387527038285
77,269,1.3211270568359987
165,455,1.3211146690676938
162,180,1.3211110899296465
137,261,1.3210883453833837
185,284,1.3210432211123042
162,319,1.3210323727543074
137,443,1.321022199536375
5,120,1.32099661738395
290,317,1.3209888360771398
161,272,1.3209579412818102
211,451,1.3209169015359856
182,260,1.3208822912054459
65,460,1.3208645164230968
154,445,1.3208392371422906
224,239,1.3208232436065481
179,209,1.3207981650727725
167,188,1.3207958463165295
77,320,1.3207854371861605
8,171,1.3207822809591923
218,259,1.3207581559790378
186,206,1.3207185661058256
147,436,1.3206550292355559
323,378,1.3206295275692488
104,158,1.3206015845966224
148,336,1.3205912264819748
167,292,1.3205791087323406
163,420,1.3205509706104073
9,61,1.3205323640564217
162,261,1.3205291070578744
204,237,1.3204612778454456
173,250,1.320460405654318
55,272,1.320425355428861
145,319,1.3204248722621206
164,202,1.3204141455563099
175,188,1.3204014018803445
131,368,1.320380320633719
119,461,1.3203615419648942
190,195,1.3203577042280543
100,428,1.320335043355541
144,163,1.320229117869019
93,419,1.320182964944453
212,224,1.320132809841187
120,209,1.3200680033652608
14,211,1.320056950421482
209,451,1.3200535630269992
96,237,1.3200223745023165
37,318,1.3199852782858623
208,292,1.3199628539616695
11,214,1.3199161341423125
265,313,1.3199069108495112
134,150,1.319863519681288
431,437,1.319862677583076
145,236,1.3198172264154813
152,192,1.3197896508338633
182,220,1.3197875404509127
228,461,1.3197447104282194
140,319,1.3197381471645875
95,290,1.319735326503055
98,141,1.3197028412296337
271,403,1.319701535167446
378,429,1.319696164531275
84,170,1.3196880808953964
95,427,1.319648241796936
121,323,1.3196380546424045
202,458,1.3195927794441968
11,208,1.3195921371398027
148,427,1.319458000080889
186,199,1.3194552390553518
83,318,1.319391746977366
7,188,1.3193901149497549
97,462,1.3193720580559383
319,379,1.319371229140428
131,185,1.3193534486863105
55,93,1.3193280319594582
136,259,1.3193018083222845
131,437,1.3193018083222843
254,330,1.3192839399413836
136,147,1.319261823636256
14,99,1.3192450439848609
272,444,1.3192449986834136
118,228,1.3192448787818427
19,271,1.3192265646778023
181,204,1.3192263287282502
155,263,1.3192168282045895
186,271,1.3191313195926404
13,255,1.319102561944261
211,422,1.3190960253813089
272,431,1.319067125293729
119,189,1.3190238885170542
93,106,1.318986640430339
170,415,1.3189821165245472
179,197,1.3189821165245472
292,443,1.318981180191307
96,119,1.3189557043632925
112,182,1.3189407505508655
132,200,1.3189317602687591
14,451,1.3188668061010775
130,131,1.3188418825911805
238,265,1.3187844400467725
209,215,1.3187411843735954
195,314,1.3187278616250382
69,191,1.3187277783922817
164,462,1.3187021480102108
151,315,1.3186828249117157
336,368,1.3186785289247762
284,445,1.3186693052144896
69,173,1.31864035832221
180,391,1.3186052892677729
14,192,1.318598897451773
13,378,1.3185274242604677
150,253,1.3185158509679595
151,189,1.3185114934229478
169,238,1.3184380627994552
206,273,1.3182112534965085
286,460,1.31819064323099
63,195,1.3181337891926843
118,445,1.31812526760732
210,260,1.3181108211738766
55,253,1.3180681787331723
77,425,1.3180525986973348
111,193,1.3180463149876998
314,461,1.3180115661346992
175,265,1.317982027922263
181,185,1.317925591010063
100,256,1.3179121866312586
63,253,1.3179045874631214
257,368,1.317901643949481
261,456,1.3178844585563732
141,256,1.3178375108960514
142,316,1.3178049512843681
89,290,1.3176792899167222
253,429,1.3176553148689985
121,403,1.317633039467528
14,288,1.3176248820852745
159,208,1.3175983721075515
169,316,1.3175714127255829
155,183,1.3175709849023354
194,228,1.3175651453054595
273,316,1.317556089476761
94,439,1.3174058114255183
61,94,1.3173784683437129
137,315,1.3172835162171288
97,160,1.317275025916504
259,444,1.3172648520821935
197,288,1.3172202580915748
148,260,1.3171937026487375
135,264,1.3171849037167664
442,443,1.3171431783623115
191,255,1.3171348867784762
156,257,1.317103362819116
429,431,1.3170856513047118
425,428,1.3170625540243992
168,456,1.317047099945493
205,450,1.317016928880128
181,237,1.3169786798315322
137,459,1.3168941671826477
238,372,1.3168800506927252
134,197,1.316873797751823
178,218,1.3168584436174005
148,233,1.3168526205291404
6,14,1.3167854153435834
189,238,1.3167377370729627
69,119,1.3167221074395905
165,199,1.3166379145114615
319,378,1.316630642175613
141,427,1.3166097414356468
366,368,1.3165804669205818
169,272,1.3165027081296983
108,131,1.3164498335423425
163,188,1.3164346381968621
252,366,1.3164086815723688
132,212,1.3163774824565206
197,378,1.3163362284051872
169,185,1.3163238944968254
10,260,1.316309379625265
104,206,1.316305334582669
175,239,1.3162474049260988
134,269,1.316120759362066
95,302,1.3161120965686963
72,380,1.3160899076745975
72,77,1.3160303235648505
180,254,1.3159518084065969
79,318,1.315942640889522
142,317,1.3159420664648327
162,190,1.3159283590569868
118,403,1.3158886568460562
108,224,1.3158455809183476
12,69,1.3158326686165516
192,265,1.3158081156880923
192,269,1.3157604042801163
142,269,1.315739725166532
288,411,1.315735367161615
159,260,1.315726289239745
380,403,1.3157087209972613
115,191,1.315675169050673
104,145,1.3156474264433862
180,206,1.3156307360327406
167,442,1.3155931616948502
100,181,1.3155829789311637
253,259,1.3155630564177225
65,170,1.3155450219990843
142,170,1.3154500684989971
195,435,1.3154421793963258
156,171,1.3153950681347613
104,316,1.3153827249966454
178,443,1.3152870108591044
375,452,1.3152836367050702
179,196,1.3152816087382948
135,213,1.3152612393074699
79,456,1.315259041544676
6,391,1.315255899225107
55,196,1.3152069129227864
156,320,1.3152031881382176
104,165,1.315183872510931
172,174,1.3151811217407672
165,458,1.3151612919744473
206,290,1.3151548121392906
155,273,1.3151487226589254
175,257,1.315097651955453
224,292,1.3150503940914124
171,191,1.3150265009593913
132,168,1.3149827256819127
252,330,1.3149609321822753
132,290,1.3149516758183906
137,191,1.3149443910766523
214,320,1.314893886306147
119,323,1.314882080684876
150,173,1.3148554357981825
214,260,1.314849047980781
121,286,1.3147403334306176
156,425,1.3146741449931412
37,96,1.3146710349976412
272,443,1.3146652031017756
142,189,1.3146391889751745
149,170,1.3145866661982704
191,224,1.3145650451813793
141,343,1.314524249782401
140,212,1.3145101767602108
99,319,1.3144993338328126
180,429,1.3144712620591947
224,428,1.3144559654637742
171,210,1.3144512860569277
218,368,1.314443678956263
37,157,1.3144343853775409
255,428,1.3144196019927414
137,142,1.3143924791764758
67,155,1.3143774854970123
5,286,1.3143649462244638
13,139,1.3142602370198824
67,195,1.3142327719782294
99,235,1.3142140060756435
191,447,1.3141616766009596
100,171,1.3141406381120784
148,442,1.3140787723653393
170,458,1.3140779019752151
136,262,1.3140079778784763
37,238,1.3140062845832499
379,455,1.313993358496384
14,104,1.3138067279756096
316,450,1.3137844376177554
94,410,1.3137571102560819
264,330,1.3137411917438129
129,131,1.3137382594230105
214,343,1.3137264388626335
170,317,1.3136974406455721
186,290,1.313683216758206
148,188,1.3136486808631167
89,98,1.3136222119865761
189,380,1.3135609342706338
79,194,1.3135586495350007
181,235,1.3135244587761874
220,461,1.3135168184006634
98,269,1.3134733316528124
319,461,1.3134432473906847
211,257,1.3133847723479053
113,197,1.3133538275806271
167,445,1.31335116713529
65,313,1.3133391916256478
214,461,1.3133273546106008
67,197,1.3133060704790502
160,338,1.3132889444390294
9,60,1.3132858203450324
197,286,1.3131690121547743
224,284,1.3131564889814102
121,132,1.313118448935132
170,431,1.3131180417792416
12,349,1.3130693836002776
8,193,1.3130318484797265
156,422,1.3129994940597778
175,214,1.3129722308196732
179,195,1.3129527605045905
320,379,1.3129262796861039
205,378,1.3129191892935268
136,437,1.31290333595911
77,164,1.312892998689249
180,380,1.3127571531121678
12,60,1.312722783809218
254,343,1.312654873571566
77,296,1.3126378911921626
189,431,1.312597781237212
170,292,1.3125861298772077
288,380,1.312578824837862
121,212,1.3125141519658572
145,166,1.3124159363593453
154,186,1.3124107539932708
300,460,1.3123868682291415
176,243,1.3123527522318774
12,311,1.312274762849252
156,323,1.3122654418081807
155,422,1.3122484956406064
441,451,1.3122263237021166
220,238,1.31222187226118
95,116,1.3121874516276133
113,196,1.3121848610894362
89,243,1.3121727352860504
171,180,1.312123563481506
403,448,1.312113402980863
164,236,1.3121107934135945
237,460,1.3121043435411661
63,176,1.3119843364874675
204,212,1.3119834119238876
97,460,1.3119781655416662
93,433,1.3119763968586708
191,239,1.311970815117121
425,442,1.3119632667766294
224,265,1.3119490453653635
213,451,1.311892917887343
142,437,1.31188999279713
72,288,1.311885795877056
228,368,1.3118454134541986
254,450,1.311841145006991
158,199,1.311799781257007
425,447,1.3117857586483013
135,196,1.3117624228352476
67,194,1.3117315324495944
191,314,1.3117129921329973
9,120,1.3116098129123626
141,168,1.3116065957769252
140,164,1.3115677343253194
13,253,1.3115095459415587
93,340,1.3114585908192187
96,185,1.3114312117923626
102,174,1.311409174386302
10,286,1.311368357639176
218,232,1.3112979829144429
111,257,1.3112261772835578
11,379,1.3112245748891822
79,313,1.311203393105202
66,148,1.3111929701837994
174,368,1.3111686889622907
167,217,1.3111488345578064
338,456,1.3111352437462693
199,265,1.3111268289743314
271,338,1.3111233939333133
119,286,1.3111028037011734
8,238,1.3110935138751636
4,442,1.311080496244278
140,177,1.311079684395036
79,443,1.3110771985570535
162,461,1.3110714918320552
318,434,1.3110639665291584
206,257,1.3110620450813888
96,161,1.3110313261771542
84,182,1.3110201198961355
37,168,1.3110021189028156
121,272,1.310879650032456
13,55,1.310861729352637
211,441,1.3108239207771075
224,448,1.3107487463058058
182,429,1.3107395185513815
7,434,1.310697537834044
108,462,1.310693989998639
72,163,1.3106390369435605
11,375,1.3106004053519194
44,111,1.3105743152560803
79,316,1.310559320729049
98,378,1.310507366954446
166,188,1.3104354516797712
152,177,1.310433863261244
393,445,1.3103811576535291
37,142,1.310338765031004
6,323,1.3103338886747449
179,183,1.3103251061204668
197,217,1.3102598234082456
164,379,1.3102480342628835
292,456,1.310202870346348
151,213,1.3101989021909464
148,317,1.3101320662643525
164,429,1.3101282165437724
147,314,1.310122801302781
44,165,1.3101112899240863
96,212,1.3100804066982188
206,316,1.310064132524962
173,461,1.3099811103625798
252,418,1.3099806466117372
12,286,1.3099672999843435
197,260,1.3099546899872434
10,319,1.309946111682949
158,238,1.309868392521266
175,425,1.30986646804949
161,458,1.309849652422233
77,461,1.3098438811340234
427,428,1.309809811248612
37,176,1.3097959352151165
129,181,1.3097533748588226
209,450,1.3097522551164753
196,292,1.3097333754287857
436,459,1.3097094406804923
311,316,1.309701498587729
162,202,1.3096938314657578
104,403,1.3096187852313554
168,269,1.3095819561306161
11,198,1.3095604850350484
69,238,1.3095350192281732
37,164,1.309512801242548
173,435,1.30943671446303
79,238,1.3094055756356806
191,193,1.3093481669458105
148,426,1.309304151689319
121,140,1.309276348503762
5,165,1.3092376503968441
186,459,1.309229563808725
259,263,1.3092118051187798
6,179,1.3092085154542095
89,104,1.3091999114422226
380,447,1.309180911168733
118,145,1.3091642670966164
170,260,1.3091579984331805
182,343,1.3091535240964818
163,285,1.3091530773051254
4,343,1.3091433005293684
271,317,1.3091322364943012
147,265,1.3090793218640573
6,151,1.3090312164928668
159,171,1.309024409090331
441,452,1.309014194010076
13,141,1.308998727386698
375,456,1.3089900074377714
9,391,1.3089475346992527
198,211,1.3088870141488176
136,236,1.3086998314900462
142,199,1.3086982525551139
300,318,1.3086932020126505
314,337,1.3086873770089706
131,261,1.3086375452844026
63,254,1.3086283325473593
251,418,1.3086185699749207
77,418,1.308606111353555
161,224,1.3085649148925675
197,229,1.3084921689297087
191,437,1.3084613121945767
239,316,1.3084413183626238
10,134,1.3084158005661755
254,265,1.3084134557288694
104,428,1.3083697046889151
194,389,1.3082678256889353
323,455,1.3082652249438376
155,434,1.3082547883761626
429,459,1.3082423177021767
257,261,1.3082076384691417
137,154,1.3082030707055499
6,444,1.3081573285181993
185,450,1.3081499946837156
169,176,1.308103062248754
12,260,1.3080174509294151
5,257,1.307976359515949
162,452,1.3079087061603956
112,199,1.307876850221061
195,234,1.3078274632978233
84,460,1.3078256266457275
151,428,1.307822288241621
431,452,1.3078147700573155
185,368,1.3077940762065834
243,255,1.307767003346144
137,262,1.3077633905223314
97,368,1.3077318679544934
173,317,1.3076955012532556
95,113,1.3076629444738583
162,192,1.3076535981650685
65,156,1.30765263948327
235,455,1.3076066075838857
414,447,1.307604360833853
210,439,1.3075957682959738
165,320,1.3074991625015464
7,217,1.3074982629966434
99,429,1.3074861905386863
13,158,1.307482765363486
285,378,1.3074510916437792
72,147,1.3074094963022902
162,257,1.307407211659559
202,443,1.307390780893598
414,437,1.3072922995952057
96,444,1.3072919115498047
141,216,1.3072612009395612
141,456,1.3071862189458767
157,248,1.3071042426093902
161,175,1.3070844567561728
262,320,1.307058527172462
80,252,1.3069417680319
100,224,1.3069216797612704
212,375,1.3069000220953584
145,159,1.3067967075758307
161,269,1.3067848732343759
157,216,1.3067647426082307
255,292,1.3067539895167002
134,262,1.306718405112309
14,97,1.306672722925933
104,175,1.3066283517678865
199,296,1.30662399738387
4,66,1.3066108029020878
273,443,1.306607269342823
162,256,1.3065855133141222
214,228,1.306497124054034
142,319,1.306483143811231
191,261,1.3064730908704394
171,438,1.3064193176026693
255,269,1.3063705342231458
431,438,1.3062666236482197
120,315,1.3062617263333876
269,320,1.3062401554282932
119,285,1.3062356860556996
206,450,1.3061543406254457
120,210,1.3061310568216105
155,248,1.3060851933735913
147,422,1.3060696978101545
174,288,1.3060685570823027
89,438,1.3060520451345563
178,445,1.3060439412695102
218,437,1.3060226647360533
156,180,1.306017714229745
143,197,1.3059874349925151
176,185,1.30591699192179
337,343,1.3058905229704563
115,237,1.3058758842518552
220,269,1.3058578141253812
148,431,1.3058263365104428
97,211,1.3058086563841174
210,436,1.3058070000020723
191,431,1.3057945367564914
170,391,1.3057908292881604
108,205,1.3057797581368042
178,220,1.3057710378985143
319,455,1.305743554974969
173,220,1.3057382464077338
134,140,1.305717865232214
158,224,1.3057033076904705
44,313,1.3056881071078525
176,323,1.3056498092254027
11,337,1.305633161282057
253,269,1.3056331265499674
63,118,1.3056067731539869
139,459,1.305601067350972
44,178,1.3056004520306053
427,438,1.305591434297545
163,248,1.3055528325616383
69,459,1.3054839936040086
235,319,1.3054746736429326
147,149,1.3054709947087935
37,252,1.3053847955367455
194,204,1.3052136071153786
96,143,1.3051784064457774
44,99,1.305174212111362
10,142,1.3051716318112971
285,452,1.3051684185326042
113,155,1.3051454103312472
177,458,1.3051422522410845
178,431,1.3050961381232056
159,193,1.3050850867342532
296,461,1.30503310917187
273,320,1.3050221639988844
178,448,1.3049682484228524
256,271,1.3049538059732515
218,313,1.304947953443872
151,192,1.3049317602700512
119,134,1.3049283561762433
66,160,1.3048288121833753
98,284,1.3048075483040598
169,318,1.3047499757760852
141,461,1.3047254678108118
119,168,1.3047068704051052
129,132,1.304675604711705
167,208,1.3045185908433423
72,141,1.304500176774972
320,428,1.30447932376216
94,401,1.3044706509566764
195,200,1.3044457333209425
422,456,1.304440594063295
170,186,1.3044007280151237
368,427,1.304286792037466
134,154,1.304276362354441
171,199,1.3042244516996644
178,461,1.304178479072315
141,429,1.3039921252609021
111,113,1.3039762659831016
319,425,1.3039535422771142
6,181,1.303853943895895
375,461,1.3038501418212773
8,403,1.3038407586112677
96,115,1.3038136259772553
163,200,1.3037986884458543
4,394,1.3037956681979181
255,256,1.303782491459662
12,110,1.3037494678006065
115,145,1.30373586847502
104,134,1.3037348219249256
10,337,1.3037099872962135
194,422,1.3037096169564932
378,420,1.303578785857089
80,160,1.3035655505060137
368,435,1.3035543664383935
79,459,1.3035430909292223
208,460,1.3034636546589158
269,316,1.3034498842788094
9,296,1.303402585047308
209,217,1.3033781297544715
189,261,1.303362439334714
171,259,1.3033407138086075
179,393,1.3033362865695146
179,186,1.3033188628843513
257,323,1.3032842106558176
150,435,1.303274387907197
100,206,1.303219373431653
8,188,1.3031850255689654
8,217,1.3031668099889142
375,459,1.3031267652098644
11,72,1.303079004503025
253,442,1.3030181085934491
145,428,1.3029619203524696
271,418,1.3029379427369796
157,444,1.3029338486585138
154,286,1.302902275210703
183,254,1.302879734099908
89,166,1.3028512214333587
149,157,1.3028503230828086
209,442,1.302833744766679
121,437,1.3028026311501473
139,236,1.3028018951797706
154,375,1.3028017675425305
166,431,1.30270767504702
211,431,1.3026144034972242
269,379,1.3026016804908211
175,447,1.302545527467247
12,285,1.3025182109944877
269,458,1.3024645350081197
67,191,1.3023968804112296
119,137,1.302309480548996
238,415,1.3022815611252359
65,255,1.302206850111777
55,202,1.3021785987401995
11,425,1.302162237738266
7,343,1.3021378775409354
168,455,1.30213239748949
175,296,1.3021295133665818
55,210,1.3020569333344358
259,415,1.3020417642274553
189,214,1.3020394091320107
151,211,1.30203153778426
10,113,1.3020305256280693
174,403,1.302019647309159
131,148,1.3019958075460263
163,250,1.3019923899494548
118,450,1.3019664682929453
65,214,1.3019499103170855
14,311,1.3019235740744792
145,429,1.3019053765847484
243,429,1.3018979945159757
120,148,1.301813212240565
2,196,1.3016815486755517
292,436,1.3016015513591526
162,236,1.3015743925568606
144,160,1.3014992926447089
157,438,1.301438801598736
170,349,1.3014057647134123
65,167,1.3013940488948945
285,455,1.301383318696801
170,290,1.3013552646309243
93,172,1.3012517848198513
94,276,1.301251784819851
97,155,1.3012409328534797
173,273,1.3012204983368199
10,79,1.301205848468745
55,173,1.30118796950616
98,171,1.301184685478772
319,444,1.301172975826696
151,452,1.3011407777517827
175,337,1.3011307328887418
173,391,1.301101565773608
93,138,1.3010981710072644
182,378,1.301083148518521
66,108,1.3010046301784477
171,206,1.3009402494543514
296,337,1.3009156372367316
160,457,1.3008953943608763
72,98,1.30088753064014
135,259,1.300873453321977
259,285,1.30086021416738
165,181,1.300855775950628
55,323,1.3008328969850815
284,438,1.300680551297347
175,204,1.3006805512973465
111,204,1.3006605041448736
65,147,1.300631655309628
156,212,1.3006271892254295
253,317,1.3006111698219225
69,197,1.3006051004039443
137,158,1.3005602830283653
290,296,1.3004823834534225
224,320,1.300468516439569
205,435,1.3004235672101438
119,273,1.3004177023162602
134,455,1.3003656312332246
192,448,1.3003656312332241
89,437,1.3003638555249468
199,312,1.3003324892779713
120,313,1.30030017991386
127,462,1.3002967551874343
209,349,1.300248075235053
314,447,1.30023912147529
94,223,1.3001946428885267
253,286,1.3001087201556982
173,379,1.300078273741212
263,459,1.3000178391395887
190,428,1.2999994898206926
300,425,1.2999981182374873
95,435,1.2999977628552746
142,157,1.2999366246426147
37,253,1.2998974840926694
139,158,1.299896533514987
189,393,1.2998703419948006
4,415,1.2998668744144792
199,255,1.2998247152252893
175,438,1.2997923187002793
98,441,1.299755199435324
285,456,1.2997211800985566
206,261,1.2997005575375766
111,441,1.2996695756523795
67,368,1.2996337722582707
181,456,1.2996283740707988
251,296,1.2995983288083373
118,168,1.299579744710933
113,140,1.2995754067734069
98,152,1.299567917351789
316,445,1.2995574317651393
191,269,1.2995251339692346
108,288,1.2994971997122173
157,445,1.2994871659227254
271,444,1.2994229983887322
179,185,1.29941173431941
110,213,1.299403822540255
140,168,1.2993932216230688
178,379,1.2993546955039716
5,151,1.2993503443821084
9,59,1.2993076882006862
14,337,1.2992837294558122
337,403,1.2992675030129959
140,272,1.2992122088821083
284,343,1.2991601806041613
142,462,1.2991359914272194
253,431,1.2991303899230766
63,119,1.2990869807718042
63,147,1.2990817201980738
150,197,1.2990779028923496
316,317,1.299073608195597
145,197,1.2989880546534898
129,210,1.2989834779431653
94,302,1.2987949406953985
100,176,1.2987207652579733
152,210,1.2986918720345677
10,44,1.2986297339732549
166,443,1.29856834175867
252,290,1.2985127549428874
108,252,1.2985023099028505
135,460,1.2984626866680922
378,438,1.2984077620422028
157,169,1.2983604739772083
422,452,1.298321662524124
7,228,1.2982968938163537
265,459,1.2981970872194528
12,445,1.298184834554975
137,228,1.2981846310215173
96,337,1.2981789442850444
136,191,1.2981667596076336
6,272,1.298162213132989
118,250,1.2981516611110853
174,323,1.2980758578137126
429,438,1.2980678327926793
257,272,1.2979853637113747
170,285,1.2979498521849955
201,262,1.2979304526693665
127,209,1.2978468665071297
142,455,1.2978452892922139
314,437,1.2977918129079744
166,180,1.297784414148512
200,224,1.2977007670319916
94,146,1.2976042943778328
44,271,1.2975953676124483
151,157,1.2975740723439093
111,445,1.2975592616992933
290,323,1.2975256709551748
313,442,1.2974948806149214
427,434,1.2974493972127008
262,292,1.2974317636558725
93,311,1.2974120981415622
5,302,1.2973843335422628
96,204,1.2973842108299105
83,462,1.2973500149001722
118,311,1.2972942171602333
100,236,1.2972909284860263
135,167,1.2972142983035049
150,154,1.2971526966937934
66,93,1.2971218576569528
95,411,1.297102765379006
77,290,1.2971005500352049
428,445,1.2970946206436884
157,220,1.2970788090941199
65,157,1.2970061016326326
195,260,1.2969383574517275
134,462,1.2969293166691709
436,437,1.2969110364814405
213,397,1.296910140763706
311,447,1.2968890947670473
150,232,1.2968886534915514
151,206,1.2968875433284188
12,139,1.2968781446896538
273,462,1.2968049961020738
151,175,1.296786695756916
442,452,1.2967701561992402
131,428,1.2967580191036572
98,452,1.296750180316928
170,442,1.2967479678265452
427,461,1.2967467622288769
217,259,1.2967187698566607
427,431,1.2966642698560789
154,181,1.296653022499935
112,393,1.2965402027050452
257,320,1.2965387296671784
99,261,1.2965087886601259
89,450,1.2964236430621714
11,120,1.2964036398036496
115,255,1.2963832698272821
118,180,1.2963043870060513
442,459,1.2961504782074702
11,261,1.2961462305703368
89,452,1.2961135316056205
272,422,1.2961128966380029
197,273,1.2961032561717571
159,296,1.2960766482668207
186,380,1.2960406955077346
152,191,1.2959845743139977
425,459,1.2959613613192862
118,261,1.2959256687599858
141,311,1.295923161879138
168,272,1.2959100654234792
89,177,1.2958745856426412
69,259,1.295850705552378
72,132,1.295835082047952
69,195,1.2957936760523465
158,323,1.2957643001746497
213,215,1.2957528585266516
5,450,1.2957431708583793
11,427,1.295663968946728
228,316,1.2956327926196374
6,169,1.2956240025242418
6,450,1.2954582048754901
111,256,1.295450804394683
149,459,1.295366963373686
206,284,1.2952961035841444
168,315,1.2952883816616714
211,391,1.2952874078563252
156,260,1.2952734579596308
55,261,1.295270962087462
194,285,1.2952246704527592
253,448,1.295216961266863
186,237,1.2952075626280979
44,148,1.2951121637997507
169,213,1.2951033740033968
8,149,1.295055495518696
160,420,1.295018988181082
211,255,1.2950102430421033
136,161,1.2950090343268896
100,159,1.2949756326450201
360,368,1.294969671426915
119,120,1.294958791663671
178,319,1.2949442784840854
40,288,1.294850152533143
104,323,1.2948479016065286
257,336,1.294830363858344
154,263,1.2947074923619475
48,93,1.2946681701182625
93,188,1.2946292138445559
186,262,1.294609479459678
176,237,1.294608572173188
112,147,1.2945407791703034
243,262,1.2945212150662477
77,185,1.2944936120628452
154,248,1.2944277666101278
147,418,1.294387209228677
77,145,1.2943716436181973
63,166,1.2943674403446963
156,403,1.2943047097374756
183,251,1.294282223808139
72,154,1.294250087513908
378,445,1.294239089751532
67,288,1.2942193111454827
66,458,1.2942053104026132
9,216,1.2941539325218288
173,451,1.2941248662875728
228,284,1.2940856661860742
197,237,1.2939734546968449
149,213,1.2939577256220656
182,375,1.2939101118513296
166,210,1.293894878914811
235,458,1.293865733897717
237,253,1.2938655386227518
111,343,1.2937843925636119
273,438,1.293764193214612
175,380,1.2936987786032814
188,252,1.2936958749515601
100,119,1.293620607685613
213,420,1.2935797781034535
10,108,1.293569480807803
311,312,1.29356736195246
323,452,1.2935597258740448
113,182,1.2935207790887773
69,375,1.2935018406259184
212,251,1.2934853946741334
181,284,1.2934755820627377
284,311,1.2934654895071853
254,256,1.2934523991913338
5,414,1.2934363291449171
186,428,1.2933987998251213
316,431,1.2933938614468494
113,459,1.29339102152472
256,319,1.2933763138957846
99,134,1.2933368234034546
157,311,1.293296171957663
104,429,1.2932555341186525
204,284,1.2932293935777401
152,199,1.293190317021764
156,237,1.2931521459241648
179,191,1.2931261554403901
149,191,1.2931212628327768
343,459,1.2931207078633298
224,256,1.2930889774658076
448,451,1.2930864378362117
131,178,1.2930767303739876
316,425,1.2930728248042287
14,199,1.2930409110133576
14,461,1.293020192448046
151,177,1.29295760159835
98,458,1.292916882860937
259,265,1.2929031244558238
94,231,1.2928903802755531
257,292,1.2928726807057127
4,401,1.2928111160228453
138,460,1.2928003425559895
437,454,1.2927494958214176
136,254,1.2927199778858551
41,318,1.2927007478822967
115,286,1.2926784865342702
158,315,1.2926617353105125
250,255,1.2926572103185692
177,456,1.2926429206648147
211,375,1.292611989346669
131,403,1.292591851329095
2,170,1.2925552553482964
121,313,1.2924970365915112
224,461,1.292418160907272
10,414,1.2924093888942145
144,167,1.2923514649426922
127,288,1.2923188221247672
200,254,1.292298031302466
14,151,1.2922767392509205
97,182,1.2922618673032493
183,194,1.2922239439656478
142,254,1.2922036463702211
139,255,1.2921699339482768
165,188,1.2920962189591558
28,318,1.2920470607616896
65,173,1.291899340206499
192,378,1.2918581424582785
77,393,1.2918510059531103
111,235,1.2918204421984458
11,108,1.291816703351699
121,178,1.2917993488650774
119,177,1.2917659351271182
67,210,1.2917537198640325
132,438,1.2917312826761465
141,418,1.2917134415747595
165,169,1.291706654394612
108,236,1.2917010121036634
94,397,1.291624699560681
200,393,1.291568519168003
8,447,1.2915642847205104
160,418,1.2915039716072036
260,460,1.291502002784643
158,204,1.291487994193341
129,343,1.2914812844906143
195,349,1.2914701035484912
119,183,1.2914557998047473
3,159,1.291445208704945
138,462,1.291442674651387
44,167,1.291425339301283
157,292,1.2914180716856192
65,209,1.2913688339579172
37,195,1.2912675323518252
104,290,1.291211585490669
100,192,1.2912043712527572
236,445,1.2911314587029867
160,286,1.2911096218123665
111,220,1.2910994054436715
163,422,1.2910762134799387
136,157,1.2910389663854729
10,145,1.2909499933780582
271,445,1.2909490886938986
8,143,1.2909318577808866
139,462,1.29093099641856
255,403,1.29090251512236
141,152,1.290896342757018
199,288,1.2908807146452772
115,200,1.2908789975952124
79,189,1.290851700999051
66,251,1.2908425275661721
93,399,1.2908252156657904
6,202,1.29081284417274
80,157,1.2908103745548787
137,311,1.2906825896202916
243,254,1.2906641256087859
257,380,1.2906556168844348
224,444,1.290626887549571
164,455,1.2906117685315601
196,425,1.2906085755268788
368,372,1.2904565154906902
11,161,1.2904511523743083
179,380,1.2904364271394284
256,425,1.290422560266634
137,206,1.2903897994993816
158,271,1.2903861891197632
259,431,1.2903764792300487
5,270,1.2903433186512794
9,250,1.29034274369755
181,428,1.290337030986715
118,177,1.29026734256567
200,462,1.2902478400427628
129,192,1.290233616866716
5,378,1.2902077992158956
255,261,1.2901879338804088
182,193,1.2901335426506755
135,158,1.2901208527411523
290,337,1.2901104465807751
170,380,1.2900833030723668
343,452,1.2900766148399407
118,314,1.2900507655601796
152,237,1.290002806198816
104,458,1.2899466332790572
445,459,1.2897966664412965
160,215,1.289694428551424
135,462,1.289675732552355
140,178,1.289642963415123
104,379,1.2896249907991275
444,458,1.2896090394545676
206,435,1.2895763314651003
168,192,1.2895691814077372
157,265,1.2895574169936201
3,427,1.2895309705848796
13,257,1.2895211470019978
215,220,1.289507021405557
55,157,1.2894711210365575
265,393,1.2894365987346008
4,290,1.2893965036461212
100,368,1.2893535936634752
158,239,1.2893471129865364
196,441,1.2893442020768227
272,317,1.2893249232306
292,418,1.289309292709999
9,331,1.2892853373691542
11,448,1.289283761736879
375,443,1.2892829618509398
208,252,1.2892560324193305
264,380,1.2892352055325889
181,444,1.2892247737138403
441,445,1.289196726058435
254,284,1.289043743746863
448,462,1.289000850115061
236,256,1.2889237617222669
135,224,1.288896039304732
181,323,1.2888774484599388
132,180,1.2888518901393988
99,102,1.2888030648775128
119,414,1.2887986995028102
142,459,1.288770095742358
121,261,1.2887675079768302
316,439,1.2887462946127335
158,251,1.2887136248548983
214,447,1.28869327821791
180,238,1.2886925405509684
4,258,1.288678408771471
118,269,1.2886505313612704
89,445,1.2886318614285355
198,209,1.2886180735254646
173,193,1.2884850246741262
170,239,1.2884498851959438
210,358,1.2883515821332296
148,414,1.2883487821304238
111,260,1.288342810274886
37,132,1.2883329605689187
9,141,1.288307559541699
174,185,1.288294599308899
418,431,1.2882914468447741
262,296,1.2882649584220474
209,422,1.2882492831846644
170,320,1.288239955632834
311,437,1.2882102721298005
186,224,1.2881751853455239
166,183,1.288171138448996
67,174,1.2880628562834118
98,415,1.2880517304492618
182,422,1.2880392101899392
212,441,1.2880156669557428
172,191,1.28801473336433
121,254,1.2879880345559471
235,462,1.287925581521883
315,448,1.2878160900565212
119,314,1.287770469656566
261,459,1.2877330721668108
165,236,1.2877191727338113
131,174,1.2876972108285556
96,243,1.2876050716053509
13,166,1.2875850314585793
170,448,1.2875586866439814
132,260,1.287512776167741
131,379,1.287442456320998
257,378,1.2874067975438588
110,288,1.2874007569751813
144,271,1.2873692211208627
198,368,1.2873300340674734
415,437,1.2872880172110717
235,272,1.287249321136503
2,239,1.2872087135702293
181,458,1.287148637032609
243,379,1.2871303439246768
145,257,1.2871186892970734
115,443,1.2870518906806807
141,177,1.2870458397152609
162,425,1.2869875006817042
199,250,1.2869822026181308
213,396,1.2869498186556894
7,397,1.286929961460259
205,296,1.2868998170514783
145,459,1.2868462370151104
142,202,1.28679025734325
119,228,1.2867870063222866
72,197,1.2867335507085285
110,210,1.2866870735265363
165,206,1.2866629013242903
288,296,1.2866545973702963
263,313,1.2865531513872706
206,391,1.2864837842870236
175,458,1.286465224814751
4,215,1.2863741072657517
69,168,1.2863356109275623
255,427,1.2863331681285983
8,214,1.2863214616813297
273,290,1.2862859975716276
93,372,1.286285876115342
269,444,1.2862372992788902
168,202,1.2862372238403745
391,443,1.2862140128586506
239,264,1.2861849134015628
59,95,1.2861530566651607
195,441,1.2861020420351261
171,393,1.28606416102469
441,459,1.286016334016042
127,160,1.285969946493753
159,451,1.2859343177237788
202,403,1.285924707852614
131,202,1.2859156947197106
173,296,1.2858509072926978
139,218,1.2857947741700517
119,217,1.2857820200655228
205,292,1.2857782389202834
171,272,1.285731993812531
296,459,1.2856829895976198
12,217,1.2856540169713857
169,368,1.2856225865526711
83,98,1.285621136864303
296,323,1.285602741519486
99,448,1.2855927890412544
119,176,1.285569451761168
43,94,1.2855596002627834
121,171,1.2855477689007373
195,265,1.2855259840956785
65,69,1.2854702343244304
156,264,1.2854646531971803
152,173,1.2854505808176413
438,448,1.2854252145387917
93,389,1.2854231951905875
269,455,1.285406631900145
164,458,1.2853649974794048
149,271,1.2853638320883545
72,238,1.2853630788355175
208,318,1.2853070531817434
55,170,1.2852919027845315
176,253,1.2852329454562106
112,173,1.2852236225297582
9,349,1.2852183616244308
235,316,1.2852115291502417
195,422,1.285148669732679
69,169,1.2851053357129638
313,338,1.2851039855022965
96,113,1.2851036352725969
195,420,1.285103333324264
3,452,1.2850911127860085
10,296,1.2850603991385685
10,176,1.285018132919443
431,455,1.2849986904005346
13,79,1.2849009044496784
200,209,1.2848783359482816
204,210,1.2848293212990287
137,462,1.2848208497541327
188,195,1.2847496300237995
60,460,1.284719657780555
108,139,1.2846754231143047
120,170,1.2846421300732536
215,238,1.2846136357279918
169,251,1.284538129447149
119,269,1.2844350728411624
119,379,1.2844282844870205
142,273,1.284387639918497
192,200,1.284387140257352
292,435,1.284272994340319
288,444,1.2842695368713288
25,368,1.2842570134031281
164,461,1.2842327321547875
37,189,1.2841382351909483
115,315,1.28411359112054
12,127,1.2841029694766208
261,320,1.2840860327536734
155,312,1.2840780018315197
210,415,1.2840750239052254
178,186,1.284032646012686
13,450,1.2839593108571172
94,350,1.2839483610423201
391,403,1.2839032709191702
142,456,1.283902025032583
98,235,1.2838327592041239
260,428,1.2838243129546367
273,372,1.2838010626732668
253,458,1.2837780485088595
9,243,1.2837533870156939
8,288,1.2837406060736114
65,213,1.2837390687270063
182,441,1.2837321385336322
161,206,1.283730291407283
14,69,1.2837036425029253
151,191,1.2836622597172156
166,349,1.28365541139994
317,437,1.2836471645386291
89,202,1.2836047999561038
98,217,1.2835915865208483
195,235,1.2835835505019295
140,220,1.2835669235813738
435,443,1.2835597472687656
224,343,1.283469281729038
135,182,1.2834421973165462
288,445,1.2834224462667525
149,155,1.2832352177406783
148,216,1.2832074962468307
164,176,1.2831999998226418
162,437,1.2831905129874739
155,451,1.2831181227520891
141,378,1.2830972913518128
120,452,1.2830850868119865
96,206,1.283065564454028
157,204,1.28306417048654
236,319,1.2830324952868803
250,251,1.2830172430065174
220,272,1.2830164945054716
95,263,1.2829879858190736
13,447,1.2829872235314652
25,94,1.282949219207502
168,448,1.282915477972394
271,436,1.2829055506058211
156,164,1.2828416613841633
55,288,1.2828187143224445
4,91,1.2828175329840108
224,431,1.2827787369249233
12,113,1.2827732147766793
197,336,1.2827707821287153
159,286,1.2827459246299007
260,462,1.2827377263174293
89,455,1.282660079143557
173,320,1.2826537497489758
260,261,1.2826358643766222
3,196,1.2826085833580543
450,452,1.2826037824507046
33,93,1.282575195294444
60,313,1.2825618296818184
196,248,1.2825272133214884
94,394,1.2824603280576947
211,317,1.2824499837259467
414,452,1.282416073393289
137,161,1.2823478209224093
159,243,1.2823375999407505
131,438,1.2823365310760888
159,212,1.2822978270696874
55,104,1.282244283509578
251,265,1.2821653698800357
180,261,1.2821463937602333
79,368,1.2821404569618706
3,456,1.2821353059815546
152,159,1.2821134435683592
162,431,1.282072664358621
139,157,1.281988659317317
72,323,1.2819715148826127
238,441,1.2819278148438067
202,256,1.2818720349520112
147,431,1.281859034036302
163,286,1.281854440621576
110,118,1.281851323064798
19,213,1.2817930652722955
164,431,1.2817926764592462
202,461,1.2817880563863864
205,215,1.2817734603384392
169,205,1.28174712421233
418,459,1.2817290289221175
234,462,1.281716673488364
14,375,1.281629475061014
166,438,1.2816179967971586
178,349,1.2815500645706837
13,161,1.2815278160605912
451,459,1.2814836368250306
163,217,1.2814350357502935
165,425,1.281415906208802
7,444,1.2813553713178205
8,450,1.281336105038339
4,186,1.2813336015795884
338,378,1.2813318014146868
142,210,1.2813264835363118
2,189,1.2813231051280674
95,106,1.2813161070887655
189,458,1.281298638928153
173,437,1.2812723957877492
118,248,1.2812334049457577
127,177,1.281227907418484
11,273,1.281145989457743
343,437,1.281142071182529
40,194,1.2810655057012639
216,368,1.2809652656441082
180,262,1.2809597123186878
212,284,1.2809235633725677
77,319,1.280921421571125
95,287,1.2809097873495108
65,162,1.2808805624860617
164,212,1.2808745640393773
162,235,1.2808729198183983
150,196,1.2808133866132743
113,213,1.2808114397564996
139,253,1.2807752439328763
132,441,1.2807493697159242
167,187,1.2807128505806737
9,396,1.2806896485210981
136,315,1.2806801872697873
4,143,1.2806390622295665
97,238,1.2806252128161468
111,150,1.28051807509456
118,444,1.2804772881912172
136,148,1.280464006806643
252,397,1.2804352293997208
251,285,1.2803170879817802
10,137,1.280294553422129
69,167,1.2802775145151946
445,458,1.2802151498717822
121,264,1.2801913739395645
134,255,1.2801673015361827
251,378,1.2801668495897203
311,459,1.2801270675222032
4,334,1.2801209331302676
165,174,1.2800957189299198
169,393,1.2800440812518308
320,429,1.279978015702369
99,256,1.2799642667204278
94,219,1.2799376545731964
162,393,1.2799047761342617
204,323,1.279889376719989
145,272,1.2798221411626596
10,135,1.27981676772611
163,215,1.2797979410005276
41,160,1.2797212496846624
216,380,1.2796678432872108
265,319,1.2796274608373395
145,437,1.2796043697206412
93,395,1.2795229395072951
343,443,1.2795051317780655
7,234,1.2794932786972573
166,271,1.2794842172865233
84,316,1.2794793572127061
208,214,1.2793110275590598
174,459,1.2792494624560713
338,343,1.2791966848697505
180,257,1.2791096017464159
216,271,1.2790763513198913
204,208,1.2790691174998945
111,136,1.279047155267967
13,99,1.278991206099825
323,429,1.2789680248284758
164,292,1.2789649727835954
77,202,1.2789587948834775
193,199,1.2787889563009478
135,192,1.2787557043394433
161,435,1.2787402661102871
391,437,1.2786833888610205
131,204,1.2786697842912522
271,422,1.2786312180375075
37,343,1.278601512086918
7,169,1.278544823784617
213,418,1.278530842586121
9,419,1.2784855276080125
99,171,1.2784854727318984
214,435,1.2784768481221216
169,460,1.278473007478033
140,441,1.2784397978872017
235,425,1.278432793904533
239,315,1.278404854814242
232,273,1.2783743227450552
112,155,1.278362665377109
8,391,1.2783428784345992
317,455,1.2783266658845296
194,451,1.278294228981998
236,448,1.2782869553969693
44,253,1.2782699254771404
137,337,1.278268279855068
108,316,1.2782599786208926
315,375,1.2782147668925532
236,380,1.278205052171812
104,166,1.2781853485129258
12,434,1.2781407671560998
40,120,1.2781383695099062
185,319,1.2781302691134364
113,195,1.2781016890203771
147,288,1.278053729226727
179,224,1.2779288747453192
145,191,1.2779232161953504
183,238,1.2779201669455964
79,164,1.2778722539550407
148,150,1.2778590331591733
152,154,1.2778444489534715
44,456,1.2778230530345438
178,215,1.2777528990332576
189,284,1.2777326507422544
121,180,1.2775728263222226
450,456,1.2775633437576577
140,403,1.27753884196347
120,443,1.2775316455819836
14,166,1.2775150394398176
3,166,1.2773600852070806
183,209,1.2773523851177069
127,214,1.2773383071839413
257,462,1.277300315001021
253,422,1.2772527805072564
296,368,1.277214912967384
181,437,1.2771871193538569
79,271,1.2771276977179862
191,237,1.2771088984467984
255,414,1.2770916790614866
67,393,1.2770804883714915
256,428,1.2770764573310476
118,426,1.2770544507097914
108,115,1.2770438051622937
178,444,1.2770296569129271
10,284,1.277023424744135
77,438,1.2770007328466355
161,461,1.276991607663548
93,435,1.2769885300374588
140,288,1.276864011740411
115,261,1.2768486629720022
253,290,1.2768479015304275
147,427,1.2768347246873106
260,455,1.2768248094761918
13,89,1.2768053757911382
12,444,1.2767951525614216
136,462,1.2767791112105316
80,167,1.2766758355139374
13,162,1.2766686654664614
89,204,1.2766491555622552
13,120,1.2766361793027359
37,455,1.2766261375913095
11,129,1.2766238110793628
89,447,1.2765477657498776
171,254,1.276518012620883
288,378,1.2765058019033932
77,204,1.2764828525687835
79,236,1.2763900049172638
285,286,1.2763429504274106
141,181,1.2763428340019296
84,368,1.2762651214157208
143,167,1.2762529275971262
193,213,1.2762307487702433
95,358,1.2762106419146826
134,236,1.2760511436254358
143,154,1.2760064836650014
178,455,1.2760007057757201
69,166,1.2759777474269334
127,195,1.275953119145399
262,312,1.2759521716089888
161,162,1.2759152861074063
134,143,1.2758828896413117
254,414,1.275803879720409
296,393,1.2757928591309933
238,448,1.2757883989161114
320,323,1.275730079160493
20,93,1.2757003076271938
157,243,1.275644030779582
79,461,1.2755599783019
150,262,1.2755532070742182
188,459,1.2755510168791884
147,320,1.2754539772050075
197,220,1.2754118036067912
140,255,1.27523139920299
10,257,1.2752269866058414
140,458,1.2751946640664078
254,269,1.2751915043805873
19,452,1.2751852945707114
151,165,1.2751778031420633
44,189,1.2751483795130698
181,262,1.2751437472790108
167,198,1.2751065177550747
77,200,1.2750960518467493
192,292,1.2750389594200147
113,252,1.2750251838012099
165,393,1.2749671273003285
84,111,1.2749558717476406
95,409,1.2749383180540632
135,173,1.2749050561555466
165,445,1.2748773077541746
83,438,1.2748502408871418
253,312,1.274754423308292
194,302,1.2747393453335458
8,220,1.274738808655561
202,459,1.274732446851435
7,442,1.274619158267851
154,300,1.2746086286844154
182,284,1.2745926836666674
104,256,1.2745601380544769
265,455,1.2745578099148094
175,286,1.274549822466377
8,113,1.274545317837694
104,137,1.2745442875676474
99,316,1.2745048830334806
98,239,1.2745026354162834
98,425,1.27446916281013
141,204,1.274457225643707
239,427,1.2744326392387353
119,290,1.274432639238735
37,55,1.27430384642355
217,393,1.2743038225585523
189,461,1.2742998678327413
166,179,1.2742416771878704
131,254,1.2742209083564418
96,317,1.274172577466371
145,243,1.2741174578280758
119,450,1.274065925549816
204,264,1.2740248262318954
6,204,1.274018834886629
55,254,1.273989067968168
13,61,1.2739631569984793
292,447,1.2739461071780083
138,252,1.2739275109056007
150,189,1.2739258620245568
185,403,1.2739205647922416
55,206,1.2738654563903709
151,238,1.2738598304194417
159,314,1.2738004594942312
235,237,1.2737799173526492
177,349,1.2737756739217942
157,179,1.2737285796030244
208,209,1.2737086125889645
187,313,1.273650273900339
285,391,1.2736375505776762
238,422,1.2736258205508288
144,252,1.2735762006846998
12,330,1.273527499643135
132,284,1.273523979340764
286,313,1.2735209511274694
44,182,1.2735083802117018
163,432,1.2734915250410848
170,273,1.2734461656892693
175,212,1.2734291017860153
178,183,1.27341678650648
14,273,1.2733904025966583
79,167,1.2733896692397284
183,195,1.273338207947254
134,145,1.2733379767489719
72,232,1.2732978233179906
89,427,1.2732974768901073
5,454,1.2732653344732772
142,288,1.2732174282924968
100,253,1.2731829803344232
108,168,1.2730819736848484
4,436,1.2730331237950538
154,451,1.2730297538795874
142,452,1.2729660254019777
186,238,1.2729474843263624
96,458,1.2728639426426407
113,119,1.2728605092311445
205,349,1.2728493791772673
182,451,1.2728121745068168
161,192,1.272805314188188
99,458,1.2727500281192259
380,461,1.272738769289935
358,378,1.2727337486364962
288,414,1.2727152904300305
120,154,1.272708069357458
205,243,1.2726496839472363
257,458,1.272590488007892
195,286,1.2725853451477802
6,286,1.2725685341331667
185,448,1.2724714731083375
93,408,1.2724643387891754
147,190,1.2724600343684171
130,194,1.272434611615306
158,214,1.272391454315284
148,190,1.272273131477815
158,206,1.2722220852137782
77,212,1.2722144135557183
108,284,1.2722098648287348
273,285,1.272162201621077
296,462,1.2721563666610718
254,317,1.2721452144143643
6,150,1.2720871232241182
130,209,1.272018635600342
200,210,1.2719942669699673
250,254,1.2719446684444928
176,459,1.2719431212292935
129,205,1.2719158057562936
145,462,1.2718906250141975
205,285,1.2717958360918105
192,456,1.2717890110921692
189,435,1.2717569885302942
313,371,1.2717262603708746
215,262,1.2716713454111008
60,155,1.2716632484541541
182,264,1.2716167991179923
190,462,1.2716159869901875
89,156,1.2715590199789277
77,224,1.2715515970698383
79,170,1.2715435973887155
180,458,1.2715330833317737
80,148,1.271527819114248
170,198,1.2715236417252724
320,403,1.2715090536085638
173,216,1.2715090536085636
134,429,1.271466881683367
447,448,1.2713851713417132
176,261,1.271376429561426
439,456,1.2713333846684334
100,237,1.2713167384500301
129,206,1.2712949245437724
160,427,1.2712740615094842
182,450,1.2712628385755587
300,438,1.2712325733759875
96,455,1.2712197654052608
148,450,1.2712021143009353
195,198,1.2711721890533867
216,323,1.2710470347916754
177,224,1.2710310035350953
137,145,1.270995474474603
4,270,1.2709770482877256
93,217,1.2709554330763113
205,343,1.2708849567017968
188,318,1.2708742938799358
379,438,1.270862937166377
118,121,1.2708285968150161
84,459,1.2707299037721316
63,98,1.2707209517692426
180,202,1.270714545058009
235,255,1.2706723878357051
269,343,1.2706405724762575
132,134,1.2706071212056314
99,140,1.2705427584446145
168,428,1.2704960291274052
129,163,1.270447525990463
200,448,1.2704380976483642
94,244,1.2703312027149374
7,287,1.2701540998838312
171,313,1.2701437874622303
97,205,1.2701284370049968
175,444,1.270127149751892
119,425,1.2700633373393428
162,378,1.2700294357114688
158,337,1.2699653583031076
208,259,1.2699529456887768
165,178,1.269928987458533
89,139,1.269928223593267
113,162,1.2699178139158804
238,391,1.2699091781915617
83,427,1.2698979779106987
378,431,1.269877915030829
14,378,1.2698669392179318
5,203,1.2698116570173166
63,140,1.269755191264032
100,165,1.2697436877503145
264,447,1.2697392689946982
186,455,1.2697356730234737
72,148,1.2697240859146344
238,244,1.2697215341306738
152,178,1.269629391357267
206,292,1.2696264852204735
108,343,1.2696247221145118
44,194,1.2695634015365236
37,194,1.2695401537494466
264,435,1.2695254943388445
59,288,1.2694871060409125
98,183,1.2694816160843199
134,232,1.2694784414848295
137,316,1.2694714530699012
261,427,1.2694628466405227
427,437,1.2693930895792578
158,380,1.2693467923666217
218,255,1.2693267876295626
135,195,1.2692893083690806
167,451,1.2691842058043437
37,337,1.2691674095834016
186,391,1.2691303704036256
132,269,1.269117303588409
176,248,1.2690499892947595
104,414,1.2690247044969565
111,265,1.2690126722164476
95,434,1.26896752655767
316,414,1.2689286084909617
6,248,1.2688839935077842
69,462,1.2688732988040208
165,183,1.2688538216211664
7,190,1.268811404461208
208,238,1.2687871149281729
7,375,1.2687835583497884
55,77,1.2687705754885266
196,336,1.2687691573284559
99,285,1.2687679278291257
12,130,1.268727821796878
131,459,1.2686666625561283
313,418,1.2685755128276541
14,189,1.2685245593112597
261,378,1.268498360099896
290,458,1.2684713670604493
70,163,1.2684462591039514
139,181,1.2684440433171293
171,204,1.268426935761404
180,188,1.2683805619711133
89,162,1.2683782777562955
97,197,1.2682988700074318
4,145,1.2682394553387977
192,427,1.2681734722620994
189,437,1.2681637940766362
192,319,1.2681179424913145
147,414,1.268093890096769
438,439,1.268086860195285
261,461,1.268028890913827
6,445,1.2680256874199407
204,403,1.2680113899484242
167,414,1.267979315057473
100,175,1.2679663653774196
174,202,1.267960187477302
108,379,1.2679513177716297
158,272,1.267872928284306
253,256,1.2678611618911195
336,425,1.2678434699785248
174,456,1.267838576723034
63,182,1.2678334245945004
59,155,1.2678282883207344
192,316,1.2678222861532595
115,164,1.2678121691414508
253,337,1.2677291924500522
170,337,1.2677147973157195
185,250,1.2676604524592978
19,69,1.2676303334131762
11,391,1.2676298440596643
316,444,1.267607838663825
197,375,1.2675688027576943
178,256,1.2675412676219542
37,182,1.267540572403337
236,378,1.2675328267674313
160,385,1.267528920865866
95,306,1.2675275786031597
161,164,1.2674739847669572
157,171,1.2674716499472929
142,150,1.267470039536401
156,236,1.2674456565729848
94,298,1.2674250655956552
131,198,1.2674186057299943
70,148,1.2673961716746673
118,461,1.2673070207940478
196,285,1.2672784362684144
284,292,1.2672681507826389
166,343,1.2672480808518634
59,292,1.267229337344069
150,315,1.26722088200686
13,165,1.267195621821027
228,452,1.267191885984115
239,260,1.267190808056887
211,292,1.2671907927814015
375,447,1.2671795162379176
239,368,1.2671725220176984
119,420,1.2671651568870517
188,456,1.2671613996335607
155,234,1.2671207491373462
437,439,1.267084322909013
243,425,1.2670436202445772
185,212,1.2670433064137987
111,366,1.267002840483637
200,211,1.2669762249516516
4,114,1.266934002924965
420,460,1.2668715435205335
80,315,1.2668156935012405
316,429,1.2667898633968555
343,431,1.2667840387535354
2,10,1.2666994664983544
190,460,1.2666921433215488
134,431,1.2666466168136272
7,349,1.26660165305022
96,323,1.2665903697772478
6,118,1.2665671344978948
10,67,1.2665368054537418
178,193,1.2664679627592903
4,107,1.2664458836170385
181,188,1.2664437441499936
191,444,1.2664369244845182
10,193,1.2664051229860807
69,111,1.266402415981763
224,312,1.2664020066395751
72,111,1.2663813260095407
37,121,1.2663623395973471
191,349,1.2663345630574132
200,238,1.2663155106008241
98,129,1.2662843590634916
236,343,1.2662705715908493
80,194,1.2662134694674498
204,296,1.2661412905625733
19,254,1.2661196619336967
4,234,1.2660914421489333
176,452,1.2660319705905636
55,368,1.2659921679672486
137,251,1.265951742429653
197,200,1.2659422511684886
269,337,1.2658992807952878
264,418,1.265865672990698
312,403,1.2658066045013106
311,438,1.2657740593284326
100,200,1.2657531536812514
220,318,1.2657347485327057
250,320,1.2656452767861106
111,149,1.2656169773887984
164,311,1.2656005529520309
253,435,1.265547358928534
96,183,1.2654768342655065
188,209,1.2654655911786274
93,201,1.2654513993116459
139,180,1.2653939018731168
418,429,1.2653325550244179
147,429,1.2653189211938138
63,175,1.2652402836796708
379,427,1.265222473112334
189,312,1.2652159847213769
100,319,1.265202547224277
141,431,1.2651338403921952
176,265,1.2651081618910254
195,248,1.2650364829864726
11,172,1.265022033072599
157,375,1.2650169847431705
220,456,1.2650022636760607
177,438,1.264987623827362
7,311,1.2649552772291328
99,121,1.2649415459164766
244,245,1.2649071023724967
296,318,1.2648902604546384
319,422,1.2648801826003484
238,442,1.264854298336468
67,316,1.2648412740490231
253,418,1.264776602739021
238,312,1.2647061305551706
236,425,1.2647061305551703
121,156,1.2646846507930427
210,391,1.2646654409858487
197,300,1.2646510764355623
271,451,1.2646000778645181
131,286,1.2645793943772627
115,131,1.2645793943772625
139,272,1.2645738136441873
28,262,1.2645688794809444
380,444,1.2645555190213105
60,159,1.2645494466417266
425,444,1.264531011349429
197,434,1.2645093094009106
97,318,1.2644492246377104
147,343,1.2643883651157999
323,393,1.2643277317525685
142,180,1.2642974858010085
211,235,1.2642150019632692
379,443,1.2641711598892234
261,436,1.2641700722442029
186,458,1.264167999049939
168,320,1.264125475120213
165,314,1.264088964255677
2,121,1.2640835117703761
132,442,1.2640815200043403
140,199,1.2640766678045388
214,336,1.2640335146088688
98,296,1.2640098426142248
171,264,1.2640035292917449
202,284,1.2639495920309982
37,70,1.2639446139368953
131,166,1.263935325233553
100,180,1.263935233727139
33,160,1.2639246607788932
165,288,1.26389357294711
135,191,1.2637924933301135
159,239,1.2637581887855787
108,443,1.2637384296395906
159,265,1.263673842089787
10,162,1.2636652826178518
163,234,1.2636442689240228
168,284,1.2636189710850783
9,312,1.2636002143933918
95,311,1.2635840859760443
261,368,1.263523237615626
255,443,1.2634776629650357
181,236,1.2634677404154604
343,448,1.2634384274591401
111,418,1.2633990967241304
208,271,1.2633915597569336
130,147,1.2633329081776468
193,403,1.2633320977227502
209,314,1.2633110123271916
69,157,1.2632844676062267
168,447,1.2632524097399895
199,378,1.2632415441053495
288,435,1.2632413699319132
98,220,1.2632175258693519
112,167,1.2632024390810475
95,234,1.2631946161017011
5,336,1.2631516527233202
243,460,1.2631128802113483
13,178,1.2630810149250773
10,178,1.263075953973868
148,391,1.263050059814206
6,188,1.2630111298031135
170,220,1.2629150606346424
161,186,1.2628954266166288
118,265,1.26284921579953
235,438,1.2627803083832743
179,462,1.2627649402499006
204,232,1.2627649402499006
147,235,1.262733741134053
159,174,1.262701628804288
72,271,1.2626862626379882
204,456,1.2626785054878837
139,152,1.2626743156976417
238,414,1.262670517022776
140,254,1.2626662775360473
140,158,1.2626397711892496
251,431,1.2626290693339528
262,422,1.2626210980139432
182,285,1.2626049937288502
188,204,1.2625666943317635
206,255,1.26255932299461
188,452,1.262546307871564
84,132,1.262441985343929
14,263,1.2624307780420914
158,236,1.2624272028848955
318,450,1.2624058514339138
69,99,1.2623743650927906
167,441,1.262316409608225
197,216,1.262286578232069
6,44,1.2622729087380071
10,441,1.2622513180459864
375,428,1.2622095030571843
77,127,1.262200301223961
112,163,1.2621877264330297
119,261,1.2621758077592544
210,394,1.2620944652215256
84,252,1.2620902562062357
7,214,1.2620723362831558
199,445,1.2620638522919199
159,442,1.2620500239910304
224,414,1.2620255797019495
12,97,1.2619919301406182
139,441,1.2619892959768915
55,343,1.2619552277831674
206,285,1.2619527749074735
9,426,1.2619347281619404
99,273,1.2618767684800773
72,118,1.2618642138687177
10,378,1.2618444190501388
6,121,1.2618290363833853
119,181,1.2618094169699705
162,445,1.2617826810592712
115,135,1.2617398620926468
161,429,1.2616426687738949
154,391,1.2615998806738042
127,211,1.2615391887070704
55,209,1.2615354607133598
99,216,1.2615086326924403
158,237,1.2614723469148328
131,151,1.2614464761224868
171,211,1.261420359302375
292,427,1.2614044626454506
312,462,1.261393905233936
63,206,1.2613685995251493
120,147,1.2613607076867726
257,286,1.261340190169532
127,173,1.2612912485096566
134,292,1.261229758344629
228,259,1.261171801745297
69,165,1.261142395490922
204,218,1.261030843364162
202,343,1.261009580378012
151,210,1.2609673161712307
10,375,1.2609579704138807
66,173,1.2608231028605201
165,435,1.2608195325480305
99,239,1.2608026572074282
119,235,1.2607557747866776
5,264,1.2607546627667137
11,151,1.26073164878481
5,172,1.260730538925333
118,343,1.260715326185684
12,59,1.260609311440612
296,379,1.2605955300827105
444,448,1.2605432064823228
137,380,1.2605244629439831
6,127,1.2605146817639632
136,167,1.26050137896518
141,176,1.2604959382964684
44,177,1.2604720784120114
159,217,1.2604555925825436
182,243,1.2604443299393904
160,372,1.26043015881704
144,159,1.260429990085325
164,191,1.2603901170247525
185,202,1.2603748941201107
8,435,1.2603161455643974
403,445,1.260266061237043
66,460,1.2602421831474535
99,255,1.2601925007384212
438,451,1.260114941862969
127,236,1.2600545559596568
147,220,1.2600268274993809
179,313,1.2599944641854994
111,216,1.259895018140534
113,318,1.2598477685747351
216,272,1.259841407774324
429,448,1.2597966535261669
168,235,1.2597520443505223
259,435,1.259701595729937
63,202,1.2596736921768623
237,261,1.2596669300300767
119,243,1.2596135012106187
77,261,1.2595439202267635
127,320,1.2595179732476154
302,313,1.2595004793018898
169,186,1.2594997535289159
288,326,1.259491684192036
292,320,1.259446810544168
318,433,1.2594153049386743
234,254,1.259381300564683
180,264,1.259365802656517
204,368,1.2593539796410609
10,177,1.259335394880037
391,435,1.2593174707876782
141,239,1.2592805261382543
431,456,1.259272586490236
55,164,1.2592529122075562
224,235,1.2592207999734268
393,431,1.2592190191960002
161,255,1.2591631373027192
263,271,1.2591366482654893
174,272,1.2591350048717924
159,422,1.2590710605787
119,448,1.2590662191347202
180,428,1.2590628694452186
243,250,1.2590589664056953
134,422,1.259038957629563
14,429,1.2589984238974674
368,445,1.2589772563365242
67,95,1.258918052403092
158,462,1.258888543493594
220,296,1.2588335694936448
377,397,1.2587717258781217
318,378,1.2587496853614917
95,396,1.2586056777372205
156,216,1.2585801860124664
148,176,1.2585692474666632
151,403,1.2585570921290123
248,316,1.2584970108331
205,284,1.2584910170822838
100,140,1.2584847486916018
121,157,1.2584295922444555
37,316,1.2584134962151214
3,189,1.2583485080968102
8,84,1.2583397832423062
11,150,1.2583396150612918
134,164,1.2581977186027142
212,429,1.2581860636282525
95,361,1.25816291112828
127,257,1.2581528683768775
139,162,1.258150854009091
285,447,1.2581310369991163
403,427,1.258125994584347
255,438,1.2580586809757484
176,269,1.2580129809834302
150,257,1.2579629219330875
70,194,1.2579565452201424
175,391,1.2579506707946901
418,428,1.257929269416466
179,459,1.257896428422058
110,211,1.2578668427196436
106,119,1.2578354545283275
151,205,1.2578308017738293
192,257,1.257823247835572
186,212,1.2578104493686586
458,461,1.2577623124268573
144,462,1.2577580325000826
3,5,1.2577560641285173
151,252,1.25774603471827
69,248,1.2577277437988352
285,443,1.2577128290383903
9,149,1.2576108092681095
173,292,1.2575447702928995
138,139,1.2575415326069372
104,260,1.257525484942477
149,358,1.2575149675076578
255,452,1.2575133850771951
141,296,1.2575041654856567
157,215,1.257469723937743
269,447,1.257466827811892
131,425,1.2574364391410413
180,368,1.2574356060811707
2,205,1.257425813763051
185,447,1.2573850756426053
14,177,1.257320658596841
338,428,1.257287149520563
163,229,1.2572527307538335
3,285,1.2572516403995608
7,336,1.257227252869601
140,162,1.2572168585771295
156,220,1.2571879535291397
147,208,1.2571808370505715
205,217,1.2571519239419595
99,135,1.2571493951103234
8,314,1.2571153909639972
140,236,1.2571141653766444
137,323,1.2571116676812253
11,263,1.2570801833829244
411,459,1.2570388216992787
72,182,1.2570032763298813
5,250,1.2569835314848894
418,458,1.2569413147249981
269,429,1.2569241198258365
169,431,1.2568839326311958
179,205,1.256851348503734
176,235,1.2568262156360481
84,343,1.256799642182497
336,460,1.2567183948903318
166,224,1.256710354465182
149,205,1.256661346309881
216,254,1.2566116957212468
255,431,1.2566074751648397
99,379,1.256533611803283
5,190,1.2565076154304762
420,425,1.2564132397360643
108,175,1.2564080129304993
65,168,1.2563628757401157
140,185,1.256357130008612
442,460,1.2563547107420592
99,447,1.2563318553578864
137,150,1.2563140056865074
110,259,1.2562846125386664
243,462,1.256278684595059
210,349,1.256267611353994
317,380,1.2562306891620156
63,252,1.2562132327017663
121,431,1.256186202204027
180,393,1.2561389721667078
13,429,1.2561389721667076
77,190,1.2561200463558806
139,175,1.2561041608814532
167,248,1.25608908193655
317,456,1.2560889651229976
154,418,1.2560688273780076
368,415,1.256065361259796
167,343,1.2559306330131668
205,422,1.2559150614611858
228,251,1.2558995212316548
67,211,1.255878429712237
142,191,1.2558713978799838
7,192,1.2557634790554841
243,393,1.2557470110061675
94,356,1.2557272136052187
89,140,1.2556625006453115
115,269,1.255653477704745
156,158,1.2556432066052152
206,415,1.2555541960880285
166,269,1.255551186983576
435,456,1.2555366045873078
148,435,1.255517055075763
94,246,1.2554312795575997
131,145,1.2554306966641593
171,174,1.2553898094894316
173,442,1.2553837258563751
181,269,1.2553705550412713
139,164,1.2553529009149087
163,216,1.2553420936436033
254,391,1.2553366023767885
292,379,1.2553308550086526
135,253,1.2552803733992428
89,461,1.2552347501802432
44,173,1.2552212299345065
183,224,1.2552077877155698
204,459,1.2551443248005452
319,438,1.2551299595559542
2,232,1.2551248476033212
148,286,1.2551154375310174
164,445,1.255080170485838
271,434,1.2550798458852273
343,462,1.2550451839084231
174,253,1.2550044279596861
111,208,1.254950223950164
60,456,1.2549492505394169
286,459,1.254889024760178
135,458,1.254756206811411
167,201,1.2547202205025596
173,414,1.2546638879636915
162,183,1.254558572453979
13,69,1.254557069096393
104,243,1.254486566611656
248,256,1.2544852044904136
156,393,1.2544768024891344
243,316,1.2544563564737625
393,425,1.2544080039506444
11,174,1.2544045115959106
139,178,1.2543164923417287
147,445,1.2542990244931194
121,414,1.2542765481788376
149,167,1.2542763475558896
316,435,1.2542743240776757
100,257,1.2542234558862126
181,232,1.254199737157846
140,197,1.2541933898010922
55,111,1.2541631912975182
182,427,1.254120713643711
349,456,1.2541164588178002
273,375,1.254109537766037
69,89,1.2541071133320936
6,212,1.2540974664708044
177,393,1.2540785582091143
195,312,1.2540691193139843
154,422,1.2540218615023409
237,428,1.2540217236924298
137,175,1.254010520587444
313,336,1.2539940846822428
163,397,1.2539478254161744
158,456,1.2538591032775943
189,448,1.2538534543827122
37,166,1.2538033308369685
185,269,1.2537949339860608
178,429,1.253774176499116
178,337,1.2537626534921213
185,300,1.2537481350137951
4,150,1.2537451922921399
438,461,1.2537225794900042
336,358,1.2537203174176086
216,337,1.2537200183287507
6,139,1.253679454819034
148,358,1.2536677898872022
77,235,1.2536632737482758
391,462,1.2536570610997493
127,213,1.2536055952714378
113,272,1.2536044354555307
156,204,1.253584332030741
260,403,1.2535777333061962
161,443,1.2535624367107756
134,192,1.253533521843833
336,438,1.2535128815069234
311,443,1.2535065258805849
134,216,1.2534424973026121
7,235,1.2533699843487276
200,269,1.253368139985933
224,323,1.253342783347036
96,169,1.2533217001657315
234,460,1.2532606946443305
323,443,1.2532448823486193
192,337,1.2532394962179103
165,192,1.2532132732237629
131,164,1.2532052568308494
150,161,1.2531725638736115
94,303,1.2531656138961391
349,375,1.2531483073813645
150,211,1.2531482157397549
435,455,1.2530257595811147
93,101,1.2530201924480455
121,206,1.2529401392653643
197,349,1.2529148680931237
441,442,1.2529014186181207
163,208,1.2528807034205551
198,313,1.2528479145229185
150,182,1.2527823787040608
101,102,1.2527081559748994
349,443,1.2526980239079708
72,156,1.2526838138992518
220,337,1.2526791614303165
204,261,1.2526604966841175
89,257,1.252589559543606
205,389,1.2524977044550631
217,428,1.2524886825483594
112,194,1.2524738714210835
44,166,1.2524005649084182
235,450,1.2523889835590236
201,202,1.25238348880317
220,261,1.2523704408741143
157,323,1.2523547543613187
7,396,1.2523406589929105
235,239,1.2522907443802493
418,437,1.2522906411171058
238,435,1.2522661734459826
186,429,1.2522136933012975
149,452,1.2520414632825336
260,443,1.2520174772991297
5,183,1.251997730693059
138,271,1.2519810295505103
313,415,1.2519715261581894
164,414,1.2519646971075233
119,337,1.25195938765264
169,174,1.2519360237646753
119,442,1.2519263352036334
140,260,1.2518453300861492
253,320,1.2517888929144318
254,445,1.251757131760549
44,272,1.251632195541735
95,394,1.2516196305343545
37,197,1.251616332107199
330,425,1.2516027622878585
176,183,1.251563821057323
145,180,1.2515598293727777
7,168,1.251541797758253
7,344,1.251526043753488
9,193,1.2515196176058039
99,288,1.251513375128688
143,160,1.2514922065756071
243,459,1.2514872230360243
165,429,1.2514633905033883
261,447,1.2514586263962744
37,378,1.251429420148011
254,426,1.251421016422536
120,197,1.251414230316222
211,260,1.2513957522317898
175,260,1.2513837702107482
134,199,1.2513640804537578
137,180,1.251242949298872
250,403,1.2512214852454147
358,368,1.2511159079890595
113,262,1.2510202870664173
216,236,1.250956700291584
69,272,1.250937211776053
210,237,1.2509284320563032
155,418,1.2508340308057344
152,167,1.2507966598257465
173,300,1.2507648590598681
451,456,1.250745478730097
262,435,1.250744515399511
149,259,1.2507415317106405
111,201,1.250684411588802
323,337,1.2506461005102154
156,337,1.2506423020365034
145,206,1.2506299831579237
168,180,1.2505472483224873
259,317,1.250495731061838
139,455,1.2504899114509138
89,134,1.250467311139251
148,237,1.2504515902776627
9,83,1.2504009526095516
262,300,1.2502973260518864
323,461,1.2502580449227674
161,199,1.250255271136546
118,411,1.2502276535049912
337,458,1.2502259040697057
216,378,1.2501918909444558
156,378,1.250161383931598
118,442,1.2501430232373856
164,437,1.2500869705470847
89,169,1.2500678438054686
272,435,1.2500530116226147
190,192,1.2499196872666278
160,434,1.249882908950306
181,379,1.249860014101382
121,290,1.2498580445085012
435,450,1.249851367811616
212,269,1.2498329970852007
139,156,1.2498017986243843
5,29,1.2497914212507109
37,108,1.2497745596393517
3,176,1.249718972489556
151,170,1.2497156581924151
10,202,1.2496987836736018
186,202,1.2496844980851252
77,447,1.2496649784035434
178,375,1.2496578295951757
270,460,1.2496472326780539
135,437,1.2496382147169947
2,98,1.2496203416297953
273,456,1.2493391176984665
252,394,1.2493190097292006
271,442,1.2492918510835482
10,65,1.2492745820145095
130,167,1.2492557481522748
5,292,1.2492181701391185
208,255,1.2492111758294961
60,254,1.2491995711244233
444,455,1.2491749700959522
174,461,1.2491710489084484
224,435,1.249148567663674
288,431,1.2491252552451217
256,443,1.2491023686846212
13,67,1.249078953981086
285,437,1.248994953489403
119,216,1.2489816100599693
180,319,1.2489545245539877
55,159,1.2489326107267786
9,336,1.2488532444626073
89,314,1.248821400478879
196,286,1.248795758430384
67,259,1.2487908678957247
44,205,1.2487730165178006
118,152,1.2487602042767536
66,213,1.2486734655772056
189,391,1.2486353335647007
198,262,1.2486233215513822
141,190,1.2486187011707393
99,462,1.2486037065439215
269,336,1.2485959172580592
167,312,1.2485698660265607
55,180,1.2485454457347447
115,429,1.248535696152706
142,177,1.2485191201959331
79,425,1.2484873801794614
188,236,1.248472663293323
201,460,1.2484614334401467
44,213,1.2484059373685983
162,176,1.2483932003665632
380,396,1.248379278303878
19,160,1.2483216392897476
164,319,1.248294788223554
209,429,1.2482225647699512
199,454,1.248206062962865
148,161,1.2481794732541294
318,441,1.2481760709083611
89,250,1.248142971114223
12,336,1.2480844541037075
197,425,1.2480634273758913
14,60,1.248019084567756
165,431,1.248003660646316
211,263,1.2479856278352226
194,198,1.2479457565144334
174,214,1.2479352859707198
8,108,1.247931165890033
391,461,1.247923324677425
84,119,1.2479183750023675
186,257,1.247906654479561
159,420,1.2478758915191155
186,261,1.24781827572217
201,462,1.247801834330602
436,444,1.2477485756258755
145,378,1.247736876915873
165,220,1.247730243901708
211,415,1.2477202222544814
14,239,1.2477091357693035
130,155,1.2477050553098055
233,378,1.2476891846182878
158,458,1.2476747637106342
165,317,1.2476655109037127
63,443,1.2476620544076582
77,183,1.2476590954548716
98,222,1.2476182692054565
210,273,1.247501092410112
317,458,1.2474829357990995
55,96,1.2474483416853064
6,315,1.2474176058388233
120,191,1.2473968193401872
72,194,1.2473667864203526
323,459,1.2473498412244
97,154,1.247324179841306
243,461,1.2473088343211305
272,445,1.2473003963031126
175,418,1.247295311629902
191,235,1.2472888710969599
206,396,1.2472740539363367
186,456,1.2471979932259696
220,271,1.2470921202714358
272,314,1.2470460320953927
252,302,1.247034866237075
150,393,1.2469273052448624
151,180,1.2469247345744794
368,414,1.246906903116691
315,336,1.2468985884699066
9,65,1.2468975403821307
2,448,1.2468789065444024
165,260,1.2468331562771722
89,319,1.2468153596065121
127,256,1.2468148997333048
37,393,1.2467998688218502
113,254,1.2467665544228903
13,448,1.246749899585694
66,259,1.2467307122065527
55,167,1.2467175727239
8,338,1.2467161556456026
151,162,1.246698682000468
194,366,1.2466963214670568
11,19,1.2466793523963702
200,318,1.2465571354362517
216,262,1.246539949024645
264,273,1.2465026839842657
316,427,1.2464949084860644
147,237,1.2464677410905083
129,429,1.2464557630370208
12,420,1.2464277106815842
99,396,1.2462902009645294
174,220,1.2462395794198209
96,162,1.2462344700020584
157,296,1.2461879895056371
211,286,1.2461646279278658
272,296,1.2461382239258634
14,220,1.2461325244100032
5,263,1.2460766523045848
148,218,1.2460730296309042
37,320,1.2459938533676667
167,220,1.2459210964537182
19,252,1.2458871709401187
251,379,1.245851583034232
55,186,1.2458484360739763
162,171,1.2458095249414267
44,181,1.2457816882931116
9,288,1.245756047023045
66,147,1.2457325596889868
368,444,1.2457313331956117
119,296,1.245720954303561
186,286,1.2457073874198097
255,284,1.2456293842443982
216,251,1.2456066837421766
77,80,1.245596534828886
72,378,1.245595827990762
147,420,1.2455879031839285
72,262,1.2455580006908429
98,120,1.2455543145098695
182,292,1.2454636689042804
131,257,1.2454461475218563
120,251,1.245424704402214
37,443,1.2453756760488286
110,252,1.245362512901672
239,461,1.2453427461661974
318,389,1.2453312148479017
156,349,1.245322883145862
148,300,1.2452892479985345
253,450,1.2452877269896856
134,437,1.2452692240008385
206,379,1.2452677059125536
63,403,1.2452420485593378
98,273,1.245229213606627
426,437,1.2452136216905552
190,204,1.2451930949333985
134,180,1.2451677445149287
258,313,1.2451398849020565
196,216,1.2451193960681706
437,444,1.2451080787976099
154,204,1.2450819351913691
5,63,1.245079852352231
55,326,1.2450675182027795
206,320,1.2450468947647273
169,236,1.2450090579548614
111,152,1.2450025118230583
209,343,1.244930579011547
135,194,1.2448704824485473
259,336,1.2448548606244543
67,205,1.2448542632055968
167,263,1.244768666404127
159,418,1.24476437199376
103,104,1.2447390573645072
288,358,1.2446892645148748
213,330,1.2445444964829013
5,65,1.2445327837605755
161,455,1.24452977647767
177,452,1.2444403184321122
202,238,1.2444372564670296
311,380,1.24442869454647
251,429,1.2443572406209085
182,445,1.24432669497667
9,102,1.2442614908399654
191,317,1.244253278761573
380,391,1.2442197099159782
96,108,1.2441929250897497
8,187,1.2441881571174738
156,396,1.244139551853813
55,393,1.2441116366823983
152,236,1.244107451387086
137,157,1.24405994210403
161,337,1.2440236188016724
250,456,1.244011398104597
171,212,1.2439988233136658
93,354,1.243997692880739
175,250,1.2439379702343254
79,458,1.2438346472652841
182,425,1.2438190781501228
183,271,1.243725221045514
156,186,1.2436814196024555
313,330,1.243671262957475
14,233,1.2436280709196008
66,456,1.2434554819513781
137,170,1.2434530429099437
100,232,1.243410052251205
89,315,1.243368077834869
2,156,1.2433658806162156
158,461,1.2433487776429295
77,208,1.2433290538606196
195,263,1.2433078895196867
160,226,1.243271686785476
89,180,1.243259519762431
116,313,1.243195104201847
44,157,1.2431826822113876
337,435,1.2431718180607887
208,251,1.2431493123451895
169,261,1.2431324824527987
255,425,1.2431278260236869
95,152,1.2431233800789356
77,314,1.2430176943450868
13,261,1.2430035718827996
166,455,1.242973299661671
391,452,1.2429503231676875
44,98,1.2429153855202137
140,256,1.2429145326475781
183,368,1.2428839159454645
220,254,1.2428749566725188
142,205,1.2428613322869861
167,425,1.2428073500016867
164,179,1.242793454462148
201,316,1.2427421107394863
10,151,1.2427276972873604
161,438,1.2427266292718337
197,451,1.2427113412695094
96,168,1.2427064818385087
204,224,1.242683937922834
284,458,1.2426601195079316
271,420,1.2426589665174697
228,403,1.2426217648717988
213,229,1.2426018746280976
142,178,1.2425929934099533
255,437,1.2425882029836146
3,460,1.242585724624565
99,349,1.2425227846330944
104,176,1.2425001126039021
214,445,1.2424765201035541
108,111,1.2424525789930105
100,239,1.2424303078013048
169,181,1.2424176829824938
3,150,1.242400169939946
155,314,1.2423390874883729
139,292,1.2423382396604807
158,188,1.2423262508197466
253,314,1.2422993752400866
137,264,1.2422921341419513
190,196,1.2422160347609044
150,159,1.2421889667080421
158,314,1.242157181177497
200,202,1.2421454947084514
96,320,1.2421245409439312
300,443,1.2420864378058514
131,169,1.2420619152399732
96,284,1.2420426144365277
14,256,1.2420215894729656
170,418,1.2420029908042884
63,460,1.2419904788454232
72,196,1.241983960304237
318,420,1.2419300870300922
115,181,1.241847203349662
427,455,1.2418363491573225
44,460,1.2417804218659005
313,394,1.2417065710954476
239,255,1.241703470499822
66,318,1.2416795184122453
176,202,1.2416562553493264
257,265,1.2416389853718348
100,151,1.2416015820915547
115,192,1.2415984339511734
191,265,1.2415625307584848
186,254,1.241537011565559
167,418,1.24152148730831
317,452,1.2415009794826717
4,149,1.2415000545868484
195,375,1.2414636997622073
132,319,1.2414483343330462
134,228,1.241394819512397
193,259,1.2413728922095557
214,366,1.2413684090262278
136,253,1.2413231335439363
197,218,1.2412521733081565
77,176,1.241216140412364
137,269,1.2412093213352924
79,232,1.2412018660737703
60,111,1.2411261185561602
187,236,1.2411199015252343
222,271,1.2410298683589298
152,427,1.2410265877811633
264,315,1.2410079530191098
98,193,1.2409883954771443
12,41,1.2409379890359094
157,273,1.240919136452261
213,248,1.2408956764773749
113,163,1.2408945400208413
163,204,1.240888376350962
96,443,1.2408638421441422
136,428,1.240819869430419
77,437,1.2407850932168483
8,120,1.2407830440461025
94,116,1.240759932989773
336,343,1.240673274658439
152,189,1.2405297014843595
96,152,1.2405161953338864
264,338,1.240499487652374
97,272,1.2404641875424909
204,314,1.2404386086204071
157,228,1.2404264416056237
44,96,1.2404198500998302
161,315,1.2403952761973247
214,442,1.240387937931036
65,456,1.2402913053101179
198,455,1.2402810903108816
428,444,1.2402416365292217
120,320,1.2402415009605208
208,431,1.2402415009605205
14,115,1.2402398152526928
19,224,1.240197862674914
77,165,1.2401863621968543
316,323,1.240177947553525
235,264,1.2401275824123716
104,461,1.2400888666265648
152,181,1.2400817773943418
171,176,1.2400719295146727
220,323,1.2400478669484756
154,441,1.240045526650459
175,200,1.2400117993938142
121,181,1.2399801385686409
98,317,1.2399686497360423
166,458,1.2399630979535927
294,358,1.2399277621046036
145,186,1.239908652114775
12,61,1.2398104051957561
148,285,1.2398058706704151
139,165,1.2397961592595423
11,63,1.2397925839626207
188,262,1.2397740983461802
160,218,1.2397673601692654
5,136,1.2397662544252266
177,204,1.2397427929913079
60,262,1.239706377927586
174,393,1.2396887316720802
232,441,1.2396624842829007
296,455,1.239626833567629
80,94,1.2396056731544585
89,443,1.2395912196960068
132,151,1.23958805848297
175,319,1.239554017962009
178,380,1.2395393097297263
60,209,1.239520512689878
89,212,1.2394821312437017
80,111,1.2394706154395778
220,375,1.2393653165443994
120,290,1.2393621815267415
119,343,1.2393383014348385
121,368,1.2393277184476315
300,320,1.2392534173804441
168,186,1.2392338958442533
253,296,1.2392042397634877
147,451,1.2391965278928359
55,139,1.2391728848423882
72,202,1.2391697661659558
206,337,1.2390964434178204
177,428,1.2390851840747228
311,397,1.2390825438779471
156,311,1.2390819069841508
194,286,1.2390812520207475
200,212,1.2390351767753967
202,438,1.2389703390770697
220,255,1.23896916577579
12,152,1.2389589110422925
239,428,1.2389521031264847
83,259,1.238950414632395
127,271,1.2388030945032236
140,264,1.2387157472638073
162,177,1.238687122241891
195,326,1.2386630522547801
165,237,1.238599206492991
110,460,1.2385725102007146
173,418,1.2384889349188088
155,436,1.2384658004575406
292,428,1.2384411766030596
160,441,1.2384336260171065
183,213,1.2383899022275306
14,391,1.238376371734507
96,228,1.2383263910545836
108,243,1.2383074102207476
195,229,1.2382665809224462
147,349,1.2382250279697762
8,285,1.238161921946093
181,239,1.2381188247639638
137,456,1.2381068700619307
5,337,1.2380898502050999
67,167,1.2380769034118768
414,461,1.2380566861860478
243,284,1.2380270269039528
93,406,1.238012764087584
197,201,1.2379771366737955
192,224,1.2379739839825616
238,358,1.237952635576734
134,323,1.2378966921253711
233,441,1.2378945743161813
44,368,1.2378575168205237
145,162,1.2378279202447067
210,442,1.2378223815250138
8,336,1.2378059184612475
99,427,1.2378003979748189
210,292,1.2377898290555451
343,438,1.2377670583392246
151,438,1.2377623475411108
403,437,1.2376701748937262
55,257,1.2376530982528153
199,243,1.2376463436660345
129,195,1.2376049799160513
205,375,1.2375768490695658
188,199,1.2375570505017683
320,458,1.2374258766198405
108,132,1.2373735937165848
202,380,1.2373589007270307
104,269,1.2373501815294716
178,422,1.2373114568873573
136,165,1.2372811999768079
250,450,1.2372669855127334
69,113,1.2371978759002844
164,315,1.2371282991113173
10,141,1.2370964298930982
142,236,1.2370690524565457
99,220,1.2370504938104268
168,264,1.2369997939836188
257,427,1.2369855372651022
262,338,1.2369667201145578
149,438,1.2369084822991645
104,378,1.2369008531247119
169,323,1.2368915336578628
158,269,1.236838995509674
427,436,1.236837278833435
60,163,1.2367933434672354
435,459,1.2367844778876582
100,272,1.236688809477955
93,289,1.2366760100268641
134,189,1.2366699711038334
213,415,1.23665325391878
141,319,1.23661919101769
4,41,1.2366172017257144
151,319,1.236592717860671
136,224,1.2365603187788283
19,72,1.2364519145117032
235,236,1.2364456316542916
14,94,1.2363864108712894
8,432,1.2363506020986461
145,447,1.2363003568546622
220,437,1.2362847864952184
89,151,1.2362209636390675
113,224,1.2361859238099693
211,273,1.2361771424132346
178,320,1.2361548019371251
202,455,1.236139403876017
77,169,1.2361134644421328
111,234,1.2361016920211652
164,243,1.2360708722561622
378,396,1.2360312031748126
192,208,1.236018783917851
100,260,1.2359971588385466
4,260,1.2359952835512074
161,379,1.2359524825787886
93,278,1.235887648848443
98,179,1.235849416797321
165,269,1.2358323619792888
80,140,1.2358247450248836
233,425,1.2358106850732669
224,429,1.2358011307048986
164,323,1.2357774353238715
100,269,1.2357568064067597
159,216,1.2357512123682632
145,170,1.235740306111115
141,212,1.2357311262530848
151,158,1.2356995148266579
393,436,1.235670888598245
263,403,1.2356648807505295
10,450,1.2356293571516814
132,201,1.2355914150279226
111,444,1.2355788188185157
154,296,1.2355497419652306
379,429,1.23554875988464
95,215,1.2355111592428825
104,284,1.235500381678178
89,403,1.2354743390734386
253,343,1.235371315184783
180,236,1.2353004497835476
441,462,1.2352451901409338
98,204,1.2352340582654049
206,260,1.2352195199145177
130,213,1.2352092465690232
19,163,1.2351760537746659
135,210,1.2351689886078443
70,316,1.2351662146666367
11,343,1.235114662223161
146,252,1.235096665034277
337,422,1.2350540246932835
182,216,1.2350344270775386
182,311,1.235018632788285
84,156,1.234945038284302
7,28,1.234936350631591
403,444,1.2349278581919336
224,286,1.2349106890854453
251,286,1.2348822291690251
37,262,1.2348557756139131
6,425,1.2348509171908066
190,197,1.234778672636175
232,300,1.2347646605762008
139,443,1.2347366016635437
3,77,1.2347167724736021
93,291,1.2346970025308772
196,396,1.2346673444159715
159,183,1.2346548169029672
104,393,1.2346007830865255
261,380,1.2345273629329676
97,213,1.234506172064519
144,155,1.234451810352627
84,196,1.2344464910848219
311,452,1.2344266311407566
100,214,1.234419501061076
67,262,1.2343362598499978
191,243,1.2343062530570954
429,437,1.2342723924485324
167,375,1.2342069352168785
349,380,1.2341870957943017
11,60,1.234154757328188
8,317,1.2340898345392977
132,171,1.2340707307296344
115,214,1.2340671540857073
134,452,1.2340531907204704
166,171,1.2339766572606141
189,263,1.233973073153768
13,80,1.2339702489861115
121,337,1.2339167256620351
77,273,1.2339002801681964
141,144,1.233798391925245
261,337,1.233782659153522
137,425,1.2337745793510202
83,429,1.233772967491944
37,375,1.2337620619065959
12,441,1.233692568983409
189,414,1.2336913849287192
171,179,1.233682402663013
140,156,1.2336691647933267
185,320,1.2336659482853634
11,130,1.233659073699691
186,205,1.2336341374704158
59,264,1.2335484796013045
204,378,1.233547106816656
77,137,1.2335469616325112
232,314,1.2334369598816632
98,161,1.2334148480339375
337,391,1.2333610448445522
13,72,1.2333332912624337
138,425,1.23331618397112
252,450,1.2332600688488673
37,296,1.2332458523389649
9,143,1.2332210598309856
66,271,1.233132529681179
264,311,1.2330793285578368
251,273,1.2330339335653027
72,224,1.2329984861076193
237,393,1.2329672490978794
6,431,1.23295820487549
191,288,1.232874185117711
312,323,1.2328149898642988
143,194,1.232773447625066
11,286,1.2327691577182587
182,290,1.2327613926365506
202,319,1.2327482597173471
7,80,1.2327166705523225
132,296,1.2327107991603012
171,190,1.2326370585829647
131,337,1.2326298012759485
130,252,1.232611347718119
83,195,1.2325938137488126
3,319,1.2325629090495334
251,260,1.2325437246177091
165,235,1.232542265704243
290,366,1.2325290609409816
272,439,1.232509672538493
198,452,1.2324118439252956
140,165,1.2323823559545408
29,163,1.2322403510736368
44,315,1.2322223198020565
265,452,1.2321596751401998
206,444,1.2321324147272963
265,272,1.2320896688952683
175,248,1.2320034757616514
142,447,1.2319788852752893
163,415,1.2319613127966464
217,462,1.2319290271048526
104,136,1.2319111687130735
236,349,1.2318766033594308
55,425,1.231872593452017
10,429,1.2318002005149915
191,391,1.2317898193889538
196,217,1.2317550134718347
98,337,1.2317231477876176
4,33,1.2317210707388957
441,450,1.2317069781986347
7,130,1.2317044633335557
235,380,1.231671197406093
284,319,1.231635940353686
180,323,1.2316156786938364
119,200,1.2316090797773458
220,290,1.2315446820065485
2,272,1.2315183987046365
259,273,1.2315093081920911
115,311,1.2314999557529842
69,212,1.2314872261400645
264,436,1.231432716315983
77,444,1.2314221923297382
171,459,1.2314216541907277
104,115,1.2314055832359236
147,273,1.23135155301855
311,458,1.2313469982654188
173,200,1.231283749824299
186,236,1.2312741345619354
14,200,1.2312113536816174
176,262,1.231195219451255
139,425,1.231189393206801
154,202,1.23117694793215
149,253,1.2311389826746435
84,259,1.2310890730080708
180,214,1.2310818798072272
189,273,1.2310728461354485
12,436,1.231069493607437
134,393,1.2310656492314518
121,169,1.2310395035057837
118,220,1.231020077622782
220,403,1.2310200776227818
191,427,1.2309960840368122
285,380,1.230973005324628
65,316,1.2309524152614484
263,455,1.2309118157961483
60,251,1.2308978008493656
108,429,1.2308928598179094
80,141,1.23089067073569
93,374,1.230856298386412
104,444,1.2308410209643779
272,450,1.2307981005690989
7,174,1.2307701017629715
269,273,1.2307499608733323
220,264,1.2307062109898808
118,212,1.2306828790110742
104,186,1.2306583839618037
174,460,1.2306319048576464
186,311,1.2306250780730694
171,403,1.2305885556453098
7,436,1.2305588858801433
115,379,1.2305208993802408
77,151,1.2304658470456586
11,169,1.2303978482437976
273,452,1.2303962285853944
183,272,1.2303721224626947
315,436,1.2303610515135885
196,218,1.2303567480046083
96,441,1.2302904244576347
163,439,1.2302650829121933
178,273,1.2302239633580363
137,393,1.2302081238452798
337,459,1.2301781456515235
212,450,1.2301700210623232
160,302,1.2301599636455511
112,205,1.230158100882687
9,223,1.2301351861083543
248,271,1.2301157883241531
98,290,1.2301143106126298
228,272,1.2300972123230918
93,233,1.2300498357275456
97,196,1.2300393344602305
131,186,1.2299768829726947
8,179,1.2299699280440526
176,315,1.2299393470475697
111,330,1.2298831858687929
199,343,1.229870759318818
150,170,1.2298498331038143
414,456,1.229840396748776
8,218,1.2297968054829895
162,169,1.229777693968128
152,403,1.229722714682263
131,180,1.2296765500126965
162,436,1.2296508020258856
14,120,1.2295809890566511
65,183,1.2295421786735183
238,431,1.2295367834557016
292,375,1.2294763570884022
100,134,1.2294566580630353
77,237,1.2294295049522552
216,444,1.229408854313711
195,287,1.229327401611726
271,300,1.229325526183411
164,220,1.2292950025298834
140,320,1.2292746330990594
112,213,1.2292580622007048
215,462,1.2292421279902235
232,414,1.2292113824297723
84,210,1.2290967071376986
253,338,1.2290784536380344
193,250,1.2290611359163046
139,166,1.2289652964166111
191,292,1.2289627417040967
177,320,1.228960394280775
425,431,1.2289541089412392
211,349,1.2289455520139936
8,442,1.228911431193405
265,284,1.2288256698545734
142,343,1.228716543811746
182,263,1.2287127663021513
119,151,1.228706111671268
165,217,1.2286293995580002
129,211,1.2286225408067764
147,375,1.2286150559767524
63,159,1.228604715107804
159,288,1.22856793825028
269,288,1.2285197999981985
292,459,1.2285098321231573
115,156,1.2285019086478173
192,288,1.2283966721603061
96,188,1.2283686166184158
134,185,1.2283480335578116
121,228,1.2283448149501166
65,224,1.2283361241123385
69,296,1.2282856353512797
262,451,1.2282721296940646
121,319,1.2282253871223612
10,139,1.228186689115285
147,217,1.228181347513966
98,447,1.2281722149732623
313,334,1.228135509034711
41,313,1.2280768422166675
134,378,1.2280485657148439
200,315,1.2280456539001356
10,183,1.2279995098473213
69,255,1.2279811857117997
8,292,1.2279714983190229
177,235,1.2279433206713843
142,391,1.2279347452436116
202,429,1.2278943497013162
256,448,1.227843234041934
178,284,1.2278331001721323
208,211,1.2277899624094268
156,445,1.2277811974631354
121,255,1.2277702702198428
100,164,1.2277533764940372
183,462,1.2277376851846704
160,426,1.2277258811649743
8,198,1.2276962524782444
121,393,1.2276082154778423
166,379,1.2275980936527744
257,264,1.2275402422132842
13,284,1.2275165345547245
98,108,1.2275074533371257
142,145,1.2275024635447553
67,104,1.2274651013658995
149,177,1.2274555501295328
196,317,1.2274273434548704
210,217,1.227412420757633
160,397,1.2273508441774608
163,172,1.227321042144228
33,318,1.2272535079032514
167,286,1.2272334380342613
183,210,1.2272103153489338
164,256,1.2271967606911
179,184,1.2271887410041258
135,257,1.2271883609462775
111,290,1.2271459568458123
211,243,1.227134567831324
185,429,1.2271284600937735
89,428,1.2270704500776648
145,161,1.2270371445021924
14,171,1.2270076026380934
236,269,1.2269730535898562
158,452,1.2269558702365
248,462,1.226936897161367
11,186,1.2269308657822304
259,414,1.2269034135815986
68,94,1.226879433984158
129,182,1.2268558248602586
104,204,1.2268556611011165
243,290,1.226839095903707
178,343,1.2268195549633447
65,155,1.2268146826324606
170,235,1.226807902306357
89,215,1.2267794105196492
262,366,1.2267755194901002
161,380,1.226771982438934
5,83,1.2267696624782511
216,261,1.2267683892153864
420,438,1.2267548471774274
12,106,1.226735105958859
228,232,1.2267301727919475
157,198,1.226695076202505
159,200,1.2266851359948432
442,447,1.2266339319427493
181,214,1.226603325793122
84,162,1.2265969270770056
99,264,1.2265606485077123
171,185,1.2265544521731973
108,232,1.2265445637232675
233,290,1.226535413736026
7,422,1.2265081611255693
162,455,1.2264509126535834
228,314,1.226425330283341
143,252,1.2263688422489651
129,196,1.226331140960394
145,455,1.2262939983614027
147,448,1.226260986044954
393,456,1.2262065495310526
323,437,1.2261513649091493
97,209,1.2260801176914915
112,254,1.2260395552451944
55,205,1.2260271411820334
189,218,1.226009425689498
248,460,1.2259962808470632
193,460,1.2259721154165664
167,193,1.2259598145870154
13,216,1.2259415801280358
108,255,1.2259083186133937
313,434,1.2258652294068315
164,290,1.2258456776470903
448,452,1.225828757633491
37,379,1.2257681990688332
166,256,1.2257430373387423
6,129,1.2257270759947108
63,169,1.2256417108326452
158,220,1.2255600768901416
214,428,1.2254520969657772
100,115,1.2254409380811786
189,255,1.2254343874255835
136,238,1.225433653479449
167,314,1.225411209564359
13,343,1.2253840410511527
337,441,1.2253764768592612
150,185,1.2253594259764289
10,228,1.225342971117847
97,428,1.2252969386012726
55,162,1.2252766048402668
94,371,1.2252553104735915
147,179,1.2252038767421092
318,435,1.2250942375107017
137,199,1.2250490034711266
10,55,1.225046581666796
316,448,1.225045676988912
313,360,1.225032366116848
142,272,1.2249707821096838
170,193,1.2249310437672467
166,447,1.2249286596744253
265,443,1.2249218591204665
188,205,1.2248672890779924
296,343,1.2247810774127652
194,216,1.224769679004147
239,256,1.2247312778039265
284,287,1.2246949607825617
176,212,1.2246926967251783
139,415,1.2246276292936453
83,197,1.2245915650686556
113,173,1.2245620154953112
104,108,1.2245343803900466
44,238,1.2244758756804421
214,237,1.2244658035922384
94,240,1.2244248322895548
69,445,1.224352440837743
179,255,1.2243413996223902
285,379,1.2242951020465096
418,462,1.2242759423044378
291,368,1.2242670753556866
77,174,1.224187528598562
156,443,1.2241837278740029
156,235,1.224081064390453
4,60,1.2240573211513073
162,447,1.2239828513468354
217,224,1.2239528612299744
80,100,1.2239181481025336
83,160,1.2238999839061546
63,437,1.2238887590239682
8,286,1.2238653834250732
164,257,1.2238567421781903
104,185,1.2238350993890725
5,101,1.2238200092112679
314,448,1.223753912456919
269,403,1.223743541181222
151,185,1.2237197527974792
379,441,1.2237171849577215
96,174,1.223701617770441
151,316,1.223596817457445
177,337,1.2235875963307625
33,271,1.2235832448874318
14,130,1.2235352438945575
55,189,1.2235003540661749
236,285,1.2234640022593612
149,425,1.2234310083283295
119,418,1.2234039887201344
120,167,1.2233746676667008
379,447,1.223355565954402
155,450,1.2233514103675034
2,319,1.2233433186115303
11,292,1.2233128803245679
137,164,1.223182782524055
427,448,1.2231533077071095
161,228,1.2231263808883073
188,290,1.223095025797595
180,284,1.2230833218945245
67,232,1.2230813891185677
238,263,1.223064523273269
118,431,1.2230341046538522
131,269,1.223023264134274
393,447,1.2230144421251405
63,199,1.2229521284630753
161,316,1.2229096974959193
139,176,1.2228708833336486
196,418,1.222851134927415
98,264,1.2228504365421002
77,406,1.2227984657083502
5,108,1.2227829285465648
159,220,1.2227084717472123
156,290,1.2226696589143176
80,262,1.2226600283558127
199,263,1.2226355084882408
146,228,1.2226312867405675
8,150,1.2226073455664201
337,338,1.2225941626264498
2,119,1.2225797618424914
197,418,1.2224338645612551
95,383,1.2223641785914845
130,160,1.222359225569055
5,435,1.2223304875142202
156,317,1.2223280278868598
201,232,1.2223105594711883
168,206,1.2222971445147475
135,443,1.222261305103409
121,164,1.2222566652704572
3,177,1.2221938989115575
10,174,1.222187629774719
411,460,1.2221775151718728
164,444,1.2221750006572605
336,443,1.2221615583813117
391,444,1.222152427099084
13,156,1.2220944986971936
72,113,1.2220446639866265
202,437,1.2220297369540787
182,296,1.2219012177249573
173,448,1.2218982499334619
99,137,1.2218676577258
60,95,1.221857978233494
188,315,1.2218527282970748
168,204,1.2218499131227263
161,202,1.2218470539121467
175,256,1.221846984481158
113,456,1.2218354472691524
147,296,1.2217384946635699
175,434,1.2217237092585045
451,462,1.221618749991017
145,176,1.2215879255935471
104,257,1.2215726111642127
191,379,1.221564237639644
132,145,1.2215538096223546
142,165,1.2215493088519234
119,403,1.2215349550781882
196,263,1.2215293382252081
118,216,1.2214263095958904
288,447,1.2214112145518896
272,349,1.22140047025653
148,217,1.2213996486646224
185,201,1.2213618746001196
214,427,1.221301614051387
182,320,1.221284366870555
217,314,1.221280915793988
152,214,1.221269264209662
288,442,1.221267633639638
14,285,1.2212573900857264
215,232,1.2212573506015183
11,83,1.2212287993822282
99,120,1.2211932902998957
172,313,1.2211652684245116
425,461,1.2211347944044457
136,459,1.2211260428585549
212,323,1.2210674157366352
132,208,1.221064603815481
120,253,1.2210533947909663
10,292,1.221047263290473
212,257,1.221024486290072
93,436,1.221008049932619
164,186,1.2209972188368718
80,195,1.2209963407089561
66,252,1.2209659799528476
144,459,1.2209490440948623
215,460,1.2209433518732333
100,121,1.220930543854952
239,312,1.220918353233686
40,292,1.2209090422890052
111,217,1.220892316051616
63,111,1.2208766705048744
63,318,1.2208735866468103
8,192,1.2207957616285658
137,138,1.2207643095934104
118,296,1.2207624046089016
135,251,1.2207605736561395
5,457,1.220726404396674
243,248,1.2206732383614691
199,349,1.22066758219669
157,200,1.2206567473133456
120,162,1.2206224613869747
135,178,1.2206159337943974
120,427,1.2206148562573162
111,179,1.2205603603878317
256,445,1.220544283148052
426,428,1.2205168951884733
194,300,1.220515480585253
199,375,1.2205027899122933
194,290,1.2204881994734162
110,194,1.2204592870432998
210,265,1.2204363549785096
232,243,1.2204290830725337
171,455,1.220399661047741
193,271,1.2203901170247524
138,257,1.2203880543080485
150,157,1.2203661768828185
108,179,1.2203304763672829
155,289,1.2202831700757462
147,200,1.22023980561769
251,263,1.2202392693338118
93,371,1.220175521464345
218,393,1.2201657700075212
149,159,1.22007877972587
11,296,1.220043179836873
104,113,1.220010349760139
13,181,1.2200017489016475
336,452,1.2199740799190661
237,255,1.2199472054118807
236,375,1.2199317881262577
19,251,1.2199282429429863
140,284,1.2199274631885761
237,378,1.2198825320468274
194,349,1.219866257212879
161,168,1.219862799695559
208,236,1.2198584149613365
89,131,1.2198034923964463
139,393,1.2197717484048127
134,456,1.2197451526041785
195,389,1.2197249525627
205,451,1.2196751233961525
142,379,1.2196666876119278
257,459,1.2196506794590225
12,84,1.219643924280304
79,315,1.2195836308870696
98,255,1.219572331035971
111,112,1.2195681589570915
67,182,1.2195318121121423
169,199,1.2195192536195592
108,438,1.2194977939534297
204,452,1.219496162932744
37,254,1.2194649423229558
131,142,1.2194332612161687
84,191,1.2194267813221191
156,175,1.2194212101023814
141,174,1.2194180367123277
130,192,1.2193349606044066
173,450,1.2193325536021344
13,19,1.2192450715262289
63,192,1.2192280917887515
100,264,1.2191898813775688
205,414,1.2191730352123529
139,284,1.2191008203258644
157,391,1.219073870802175
176,272,1.2190643044243894
175,320,1.2190169084306888
152,162,1.2190088190711674
111,411,1.2189980274670642
6,80,1.2189749994333776
60,79,1.2189561239743634
63,320,1.2189170860407774
314,343,1.218916088141131
237,452,1.2188927679401373
378,459,1.2188815436638223
37,260,1.218872247447436
202,255,1.2188673094708646
222,252,1.2188467285989466
99,115,1.2188355675421345
191,445,1.2188228147489721
120,199,1.2187634452699643
120,422,1.218716036726255
220,235,1.2186833196522184
145,164,1.218677105064058
131,264,1.21852013435401
143,146,1.2185163216046655
37,292,1.2184982549316095
14,290,1.2184863899815965
104,255,1.2184684148895792
186,315,1.218441382231838
248,313,1.2183667016441293
141,448,1.218306936892157
155,336,1.2183025923980293
172,187,1.2182562638343513
239,311,1.2182490101860326
186,393,1.2182314767210856
14,414,1.2182294923537116
55,238,1.2182084893632312
147,260,1.2182019678856986
7,260,1.2181941495445419
171,456,1.2181634374722377
193,238,1.218144986457732
14,138,1.2181386739407283
84,185,1.218134287202054
129,253,1.2181300629956582
152,171,1.218076636786861
137,272,1.218055656829882
131,450,1.2180262190451514
243,261,1.2180180449779887
396,445,1.2180022217751318
14,448,1.2179730157842352
239,431,1.2179375828989853
431,447,1.2179141797204667
149,460,1.2179054002615128
216,220,1.2178505917681528
167,216,1.2178474573860538
13,391,1.2178124527685796
194,372,1.21780999671008
272,418,1.2177598503400422
198,208,1.2177590817550186
171,255,1.2177473060874184
5,343,1.2177434641226212
286,452,1.2177405136883046
70,160,1.2177165672381876
378,422,1.2176614293890737
192,255,1.2176070476880294
144,251,1.217605049855219
63,189,1.2175827038202105
198,236,1.2175759132603212
119,391,1.2175740072075736
313,436,1.2175700711071893
141,243,1.2175594793457196
93,189,1.217514129217546
37,206,1.2174954978670456
160,336,1.2174899354562934
256,447,1.2174811129956131
14,89,1.2174782613195283
143,425,1.2174720984411738
108,156,1.2174617993569092
67,196,1.2174405882752848
127,232,1.2173824201623673
170,248,1.217375652584648
232,420,1.2173247398509048
110,254,1.217291895760723
441,448,1.2172623726875693
262,287,1.2171656900827317
104,462,1.2171417468599635
70,313,1.217133313716742
393,427,1.2170777666959325
6,441,1.2170073762130549
65,232,1.2169211425023154
271,312,1.216912931033857
319,337,1.2168599966720974
9,138,1.216857148805227
437,442,1.216844859398799
60,455,1.2168096975929348
166,206,1.2168012205430916
171,273,1.2167517043219367
239,444,1.2167257478478006
427,433,1.2167229095056353
11,243,1.2166665379961044
97,189,1.21663788418608
120,271,1.2166226772475173
174,380,1.2165974939754614
262,441,1.2165862069012048
160,330,1.2165645687154747
429,462,1.2165228920125002
182,323,1.2164932413218952
96,180,1.21648077565169
178,260,1.2164707506267383
185,292,1.2163851300531754
127,238,1.2163620889913551
198,259,1.2163600156222556
290,459,1.2163576387559862
69,232,1.216350079030454
316,461,1.2163265281472497
171,269,1.216325703710591
4,130,1.2163155690666425
121,142,1.2163147877652751
165,200,1.2163065428008042
431,435,1.2162977932129029
157,193,1.2162746715308401
379,418,1.2162567032865403
272,448,1.216209644249013
96,391,1.2161824311242668
319,375,1.216175242584227
447,454,1.216068097995747
202,261,1.2160658378331706
59,93,1.2159734035293486
142,162,1.215960719379876
7,402,1.2159115911605851
183,315,1.2158939104505744
202,208,1.2158926143479476
59,462,1.2158630519344025
191,234,1.2158045210787558
296,314,1.2157742851393902
6,183,1.2157714741050687
148,448,1.2157633676473574
380,418,1.2157581987142658
14,158,1.215753423596159
232,290,1.2157415845168777
140,145,1.2157125535240483
311,445,1.2156616068178077
254,435,1.2156273108454754
165,171,1.2155750107615204
180,443,1.2155392304447423
94,347,1.2154842884248316
89,261,1.2154758770817078
132,188,1.2154434633073363
164,174,1.2154040048661394
168,236,1.2153815300312876
197,290,1.215373913831036
69,104,1.2153495870637268
191,285,1.215323593147966
129,170,1.215279011575128
96,97,1.215262534612229
178,200,1.2152401056928088
146,425,1.2152054895279911
69,177,1.2152049652948427
90,94,1.2152023739210494
72,96,1.2151983831945832
98,218,1.2151937662989658
137,185,1.2151772581850009
145,228,1.2151759162962443
147,193,1.2151556416461662
425,445,1.2151463201650383
439,445,1.2151379149303134
444,450,1.2151302756244444
99,217,1.2150836482397578
98,164,1.2150766575798195
134,316,1.2150723811034172
169,443,1.2150677053716932
214,425,1.2150545347004333
11,220,1.2150175018502432
149,257,1.2148900816724384
163,366,1.2148875499727787
93,287,1.2148793303641285
199,414,1.2148255731669013
29,160,1.214822947368263
202,232,1.2147216881442067
234,261,1.2147049216210208
185,456,1.2146936355655114
198,460,1.2146829104985946
391,458,1.214674501618258
218,272,1.214672337621935
137,189,1.214666844801433
212,316,1.2146453756012248
7,418,1.214605274882567
152,180,1.2145974534411632
145,431,1.21456215992266
159,292,1.2145492933515039
65,237,1.2145300158225112
190,238,1.2145265539343388
219,220,1.2145046463072648
181,455,1.2144679759024304
5,79,1.2144492332289034
162,284,1.2144312189332824
436,438,1.214366573002466
157,427,1.214179002064017
96,112,1.2141651084825025
318,436,1.2141531114838517
72,104,1.2141357346439718
253,285,1.2141027101344504
273,379,1.214035337093257
96,121,1.2139907662199596
163,190,1.2139715296024225
233,313,1.2139461382684007
447,462,1.2139315480907817
14,296,1.213862068116115
139,145,1.2138303277165499
442,455,1.2138252867930706
110,205,1.2137479879272157
319,380,1.2136862745630965
152,319,1.2136776449840243
196,422,1.2136621372932124
186,437,1.2136261340279377
224,391,1.2136240453699023
199,235,1.2136238178534284
98,169,1.2135898834137326
129,288,1.213564472485312
127,155,1.2135439944372008
261,448,1.2134981801056608
65,462,1.213483995176435
9,290,1.213469682443651
37,438,1.2134450167201025
132,255,1.2134198061128172
60,166,1.213419590650574
173,358,1.2134110590998164
253,260,1.2133946154472464
108,140,1.2133476149138194
127,159,1.2132539337871446
206,269,1.2132474679371357
80,255,1.2132474679371354
213,439,1.2132322672671851
6,174,1.2132102534458227
269,437,1.2132070449965064
269,375,1.2131837838702146
197,439,1.2131759545048346
118,204,1.2131703176877182
349,438,1.2131251579601108
284,314,1.2131176581938816
3,259,1.2130883261882068
217,272,1.213083800803574
261,312,1.2130402485171832
264,391,1.21303372172638
116,132,1.212958261374139
259,448,1.2129498764832023
141,151,1.2129112583120134
187,196,1.2128707341659215
173,312,1.2128640896031058
44,237,1.2128541426167199
144,148,1.2128340241302062
44,239,1.2128333631583905
79,213,1.2128229770643448
176,216,1.2127661461710408
7,215,1.2127589486884287
177,237,1.212741006151857
6,168,1.2127098649769628
445,450,1.2126809379931933
437,462,1.212677889883741
174,271,1.212605174885627
97,251,1.212537757220913
136,158,1.2125291445745048
60,167,1.2125212080729255
366,378,1.212510074226703
212,443,1.2124894101868626
143,181,1.212472579419239
80,438,1.2124677492194664
439,447,1.2124615843769295
163,336,1.212429872452921
204,269,1.212422111751331
63,104,1.212385590568322
10,84,1.2123515855130762
188,251,1.2123509246889306
12,218,1.2122930713550641
403,411,1.212278235929416
198,264,1.2122633028389376
72,181,1.2121551102515984
202,260,1.212133227641027
147,263,1.212117643431698
110,111,1.2120965351439934
69,437,1.2120733598549511
162,239,1.2120301245918481
121,145,1.2119942174014082
315,429,1.2119937259070295
11,176,1.2119780576328416
132,142,1.2119498063547771
228,262,1.2119329014081384
132,425,1.2119252785071393
9,334,1.2119227035500402
164,288,1.211909090047067
127,368,1.2118965108223576
265,437,1.2118795264191091
191,343,1.2118623663848063
190,315,1.2118553583655411
143,155,1.2118449402073497
143,205,1.2118266966895002
80,460,1.211818303597335
186,292,1.2118069310522317
161,181,1.2117021701016564
145,175,1.2116769389194015
237,447,1.2116544439120167
84,380,1.2116510150643438
177,218,1.2116206797438442
191,218,1.2115792136076853
80,318,1.2115506752397274
192,285,1.2114967843690037
265,316,1.211488438223124
37,211,1.2114803655669424
8,112,1.2114782906843549
139,264,1.2114462218786841
320,427,1.2114190369907292
239,269,1.2114128320866522
272,336,1.2113731321687098
150,337,1.2113686928521223
167,243,1.2113492853241008
100,261,1.2113232503101294
264,285,1.211317169156899
19,191,1.2112814934432596
139,461,1.2112793753410203
150,403,1.2112718304239127
172,182,1.2111902617614623
196,215,1.2111823582888899
79,255,1.211098231189979
112,368,1.211093883841597
435,458,1.2110403402261365
216,224,1.2110348159293263
12,250,1.2110185351148335
193,315,1.2110024538717026
261,428,1.2109865347269626
229,313,1.210946045167471
160,451,1.2109356336119808
65,288,1.2109306437155878
262,396,1.2109251884772982
5,334,1.210801621331162
37,214,1.2107895281834549
100,118,1.2107641149242234
147,442,1.2107481263694488
152,194,1.2107414307383726
93,344,1.2107287771416202
236,396,1.2107262598372424
138,140,1.2107094819335695
70,213,1.2107058844565979
180,320,1.2107014842756003
316,349,1.2106950539325603
132,288,1.2106904303872688
269,319,1.210674988425958
248,438,1.2106667772296584
202,239,1.2106466050224274
63,134,1.2106160105729367
151,437,1.2105517605834448
65,192,1.210488233126259
10,112,1.2104483244652207
120,462,1.2104444403656145
61,160,1.2104150472177737
7,300,1.2103839426464897
144,232,1.2103705135874172
420,452,1.2103169461609238
167,435,1.2101828053712538
200,251,1.2101676116855682
79,427,1.2101385537654465
450,461,1.2101333851492997
176,319,1.2100559510955629
183,211,1.2100559154410089
177,425,1.2100470661802105
248,259,1.2100307329295095
97,173,1.2100115435799534
250,462,1.2099551255768837
108,182,1.2098901023362596
202,214,1.2098774272857666
237,269,1.2098762442640132
108,425,1.209858078471641
238,260,1.2098273862476663
140,214,1.2098135092952544
150,458,1.209772541912167
67,272,1.2097660267500416
100,162,1.2097297609921178
145,152,1.2097098504447659
161,450,1.2097020212209677
120,139,1.2095979166957507
148,292,1.209501169844115
206,442,1.2094488900173097
12,28,1.20941479734016
320,425,1.2093859260013233
214,233,1.2093575765056177
60,196,1.2093524819847319
288,422,1.2093464843926123
113,455,1.209313535421154
60,177,1.209308791050349
97,98,1.2093074297055018
80,459,1.209304448539665
320,435,1.2092634249286627
209,260,1.2092609678707213
178,366,1.2092473080162471
288,300,1.2092221798246834
151,235,1.2092015649791665
380,450,1.2091714456811276
159,435,1.2091437227225612
163,187,1.2090388292054348
151,456,1.2090364751552303
152,428,1.2089634355823375
108,180,1.208933378300596
192,437,1.208871490603394
234,238,1.2088605767258154
119,144,1.2088195271381197
261,444,1.208779106934257
118,243,1.2087727933501906
114,195,1.2087182945105899
162,186,1.2087133021816656
286,378,1.2086868900981997
445,461,1.2086824057946777
208,315,1.208664217250191
112,271,1.2086557860962235
140,149,1.2086374653555858
152,261,1.2086352657900261
248,262,1.2086170356301502
188,259,1.208562713581987
198,210,1.2085521042760337
254,448,1.2085521042760334
166,337,1.2085304536420727
173,441,1.2084802576303513
98,260,1.2084745694852157
138,155,1.2084610013918342
418,452,1.2084500568980254
236,427,1.208386387444081
209,226,1.2083715815817757
108,320,1.208367399072319
6,164,1.2083359173700239
273,317,1.2083237403608464
178,378,1.2082598805249392
8,327,1.2082463162233639
200,205,1.2081957721772374
89,269,1.2081795838350757
199,292,1.208138635885248
108,161,1.2081164755164502
285,428,1.208103864314799
37,99,1.2080697579863986
9,144,1.208060593162212
380,415,1.2080440257050695
138,163,1.207993442308965
237,403,1.2079926773330887
176,188,1.2079901159714284
60,195,1.2079870802531985
139,428,1.2079722236879937
11,113,1.207971935187786
120,205,1.207910427988668
145,259,1.2078952879351148
9,228,1.2078844419433912
235,317,1.2078674106475893
257,284,1.2078655507255969
192,243,1.2078632012108004
166,217,1.207851923058927
131,152,1.2078206820961144
183,202,1.2078177913142851
173,380,1.207803507086117
228,257,1.2077890484250946
194,394,1.2077794034630915
84,148,1.2077710936084076
271,446,1.2077677817844272
195,330,1.207705253146889
206,218,1.207680796460485
8,434,1.2076723818276656
257,317,1.2076591223243744
155,366,1.20765649593085
199,248,1.2076403174562524
11,250,1.207499284101849
262,317,1.2074985831983236
190,199,1.2074778581843122
98,300,1.2074580360016192
158,420,1.207451807450075
443,450,1.2074270649715555
142,161,1.207364859694765
176,428,1.207271838369842
14,257,1.207257647206933
429,461,1.2072330563592142
119,375,1.2072261451193507
6,380,1.2072260534286485
262,418,1.2072254684363029
93,446,1.2071946881204247
228,296,1.2071868596029305
10,60,1.2070691378547196
193,316,1.2070246465767913
157,429,1.2070116602015648
184,185,1.206992890445509
173,366,1.2069867696955496
178,243,1.2069847601568968
172,213,1.206966149658957
136,211,1.2069427204311716
2,6,1.206908425151817
317,460,1.2068616197027122
113,170,1.2068601389426723
171,183,1.2068431584740873
120,196,1.2068401538407312
7,135,1.2068184742335981
134,235,1.2068049162101477
167,391,1.206755860970776
93,401,1.2067372332368311
219,252,1.2067334933786396
115,171,1.2067088968589166
162,179,1.206685126986745
270,313,1.2066795726051855
111,434,1.2066773857546924
177,429,1.2066669649355095
136,427,1.2066168653505671
296,447,1.2065967127734052
158,378,1.2065825163233317
173,434,1.2065571865095166
313,446,1.2065327170894002
143,380,1.2065195414159102
100,255,1.2065031300212443
12,66,1.2064751493748624
89,145,1.2064594046342587
10,458,1.20645397936803
318,397,1.206447555333195
256,320,1.2064427852747015
156,261,1.2064417466880648
69,368,1.2063611619170365
62,313,1.2063316886812414
134,136,1.2063278262782466
136,452,1.2063236831007766
220,320,1.2062732406801269
210,285,1.2062604185396346
151,202,1.2062442789943504
196,397,1.2062429527895215
145,165,1.2061943905269827
95,308,1.2061754725373108
190,209,1.206166017181731
134,418,1.206161097049653
248,425,1.2061541448117703
162,220,1.2061384630722511
99,193,1.2061286386036774
96,288,1.2061200765997897
429,445,1.206065313086364
6,255,1.206044268695653
11,418,1.2060137887150426
132,378,1.206005344280162
232,250,1.2059661788100453
10,391,1.2059648990532859
185,337,1.2059324776946803
120,292,1.2058984408450923
77,330,1.2058938388840448
96,208,1.2058859999209577
243,375,1.2058422300733316
201,315,1.2058362124276552
150,437,1.2058206640355562
65,165,1.2057486949509475
3,375,1.205690883957846
251,450,1.2056767327119442
311,455,1.2056665287032855
100,427,1.2056365354802536
89,157,1.2056157300292152
135,157,1.2056022157467157
80,168,1.2055652043207532
262,425,1.2055496355459367
111,391,1.2055284521921759
220,380,1.205450806006224
191,418,1.2054206613433687
94,385,1.2053959856876417
37,159,1.2053899988599983
96,450,1.2052300277312757
205,380,1.2051293648192878
96,260,1.2051254611521374
165,212,1.2051126166710668
118,448,1.2050822683450177
185,191,1.2050615591408613
265,323,1.205053828676692
156,414,1.2049759139356206
243,319,1.2049729014849313
188,460,1.2049001664180112
252,396,1.2048974209535415
98,180,1.20486529510616
3,99,1.2048357881687999
100,150,1.2048317439662928
79,393,1.2047968499450685
157,288,1.2047498508155285
243,256,1.204734114872692
79,205,1.2047159644306988
127,196,1.2045455894077286
290,316,1.204518102557997
372,380,1.2044943597325068
366,380,1.20447822785464
201,209,1.204428739170537
152,176,1.2044166003149577
158,202,1.2043900880938612
269,414,1.2043896400849208
14,142,1.2043819770890403
260,288,1.204361214707546
72,166,1.2043535993777954
273,318,1.2042783279252605
323,403,1.2042591744787279
165,461,1.2042400211587903
141,269,1.204237682801264
261,451,1.2042149646080587
12,172,1.2041692238451633
132,285,1.2041444234522132
160,366,1.2041343048639765
6,378,1.2041246989333922
72,191,1.2041050220503902
188,314,1.2040824078306767
427,456,1.2040694483690575
14,108,1.2040260065432888
435,444,1.2040129558069241
63,438,1.203989520274693
72,165,1.2039517923266128
108,323,1.20392423836024
55,232,1.2038704867770422
79,98,1.2038675217786128
150,205,1.2038645739362284
179,315,1.2038522325500554
136,456,1.2038089974447
7,439,1.2038049674490616
67,459,1.2037946508904545
14,63,1.203708483188111
9,179,1.2036902733992902
37,196,1.2036893650856384
319,445,1.2036875155691904
131,177,1.2036812732181685
190,403,1.2036600349226627
217,460,1.203658714665929
208,368,1.2036374859757628
158,172,1.203626253515578
394,428,1.2036239663531347
156,391,1.2035807853471414
435,447,1.2035311017670978
193,257,1.2035167944907905
65,211,1.2034832493504177
191,312,1.2034825808835548
313,425,1.2034825808835545
37,173,1.2034765380976407
10,208,1.2034283275490054
69,98,1.2034266842444372
99,286,1.2034045551273216
98,292,1.2033823231229774
121,427,1.2033431149336242
52,94,1.2033430562838954
260,323,1.203311012504247
263,456,1.2030792815149876
181,425,1.2030432163623308
292,429,1.2030404151841922
131,237,1.2030211819707985
292,296,1.2030116458838827
166,444,1.2029880848759353
209,435,1.202968852456872
151,169,1.202917533589474
228,318,1.2028938237276163
236,284,1.2028837126710796
323,447,1.2028529113338033
375,415,1.202819372548642
70,251,1.2026639429979018
434,443,1.202662781219182
4,446,1.2026557416527048
8,174,1.2026407131327743
131,418,1.202638868493427
161,343,1.202611634866255
162,204,1.2026066003830027
235,452,1.202546682519189
358,396,1.202531578925787
253,263,1.2025184532150066
165,337,1.2025013837660035
312,443,1.2024966367527472
296,428,1.2024869286732192
177,431,1.202443632597711
243,380,1.2024213485514075
243,269,1.2024191454134756
96,177,1.2024114650049202
129,154,1.202358628225313
204,254,1.2023471299590376
218,224,1.202322923740665
161,236,1.2023110941092776
185,239,1.202281599908369
84,272,1.2021691464698196
195,442,1.2021561270226446
7,63,1.2021389260698052
166,290,1.2021117564122057
66,459,1.2021037299499355
318,446,1.2020732579599283
195,406,1.2020460122480607
418,434,1.2019838084769185
201,213,1.201955571240542
314,458,1.2019442736181096
72,199,1.2018764693783355
112,132,1.201870595968508
208,380,1.201849578321105
28,271,1.2018140046397716
7,136,1.201757596928355
186,296,1.2017429758820948
41,154,1.2016547774705268
228,438,1.2016475553920156
104,314,1.2016383612660746
72,192,1.2015988493460772
89,164,1.201501637398123
181,257,1.2014895127213707
168,337,1.2014666025292173
269,323,1.2014250806749747
130,205,1.2014109068068701
59,379,1.2013822836939565
145,177,1.201374915900644
11,61,1.2013744105055943
323,435,1.2013725247876477
177,187,1.2013465608821399
99,336,1.2013285367124589
96,198,1.2013258956323658
256,316,1.2012945520651037
63,167,1.2012484517009712
142,284,1.2012345712056747
273,393,1.201205481881906
14,254,1.2011977379583803
145,456,1.2011536197158603
77,451,1.201124573753456
441,461,1.2010891917903879
13,285,1.201072928178023
166,257,1.2010429207967495
261,316,1.200996026969434
132,451,1.2009565281653105
118,200,1.200948603555895
236,337,1.2009411076464862
14,444,1.2008897540700925
28,173,1.2008654973183803
159,190,1.2008310974759175
115,166,1.2008173765241463
69,438,1.2008130759173539
175,273,1.2008026324761252
28,462,1.2007655698860062
2,178,1.2007456941073718
236,257,1.200703753961969
212,442,1.2006665792807536
12,83,1.2006004626019329
28,140,1.2005998995909508
214,269,1.200562747699011
260,444,1.2005541525263903
141,178,1.2004734455657018
5,61,1.2004422822781613
108,190,1.2004421290542189
177,323,1.2004020540350913
110,209,1.2003708699825897
154,235,1.2003671691742617
138,205,1.200277328196931
59,251,1.2002511077064175
89,108,1.2002049664002263
292,431,1.2001782314602225
111,250,1.2001629227836648
136,251,1.2001552896770387
239,296,1.2001417912688108
161,427,1.2000556536882514
197,285,1.2000291855770995
9,446,1.2000260013721658
288,375,1.2000256791838984
188,403,1.2000221879940356
113,316,1.2000145503209396
137,173,1.200005679090555
99,113,1.2000013724411989
113,452,1.1999485377653472
96,442,1.1999468175721206
185,216,1.1999344118220336
344,380,1.1998774363427054
211,450,1.199863506184428
188,239,1.1998100635501132
452,457,1.199806507297919
70,323,1.1997886423190693
10,14,1.1997665344378492
180,288,1.1996987609951337
257,444,1.199697277115366
115,444,1.199663446324521
285,458,1.1996618980643883
119,220,1.1996214610700693
318,394,1.199584322393601
2,210,1.1995812306460647
397,429,1.199572081801461
141,237,1.199560341612997
265,269,1.199540310975831
89,343,1.199526012698091
164,263,1.1995196614368813
183,428,1.1994818176844428
163,338,1.199426277028672
96,149,1.1994118336527284
129,160,1.1993632091136943
132,218,1.1993605124956541
232,375,1.199333877551696
259,422,1.1993267823379439
290,437,1.1993258770138249
173,190,1.1993179931779918
120,286,1.1993163203230557
129,252,1.1992498941356964
425,426,1.1992282934731107
186,317,1.199123248000359
192,444,1.1991228006466403
255,429,1.199099507621584
194,217,1.1990692126731086
186,445,1.199069072565021
208,337,1.199065799781918
214,420,1.1990484753754311
168,188,1.1990480270123518
378,436,1.1990414339391642
118,136,1.1990384270049494
212,458,1.1989906070609053
65,111,1.1989881141243006
66,121,1.1989555524293656
60,220,1.1988040911558266
243,447,1.1987957199752293
378,462,1.1987592243466683
156,429,1.1987010101292905
172,175,1.1986807084687778
212,435,1.1986071467259727
96,136,1.1985888989735376
195,285,1.198563610361796
132,139,1.1985364427605065
375,403,1.1985343270226751
108,257,1.1985243668017256
188,368,1.1984795457020117
259,338,1.1984677318943773
100,284,1.1984353616362524
102,131,1.1984262231195042
176,256,1.198416584491945
318,326,1.1983900201728865
204,461,1.1982726433880444
79,214,1.1982332728134826
55,147,1.1981661952228388
403,451,1.1981500198868775
154,183,1.1981484575475367
3,7,1.1981174211304033
451,455,1.1980958219987767
185,349,1.1980348938037435
343,450,1.1979991551384226
169,239,1.1979851333975848
6,458,1.1979612125683956
186,204,1.197945829156978
131,441,1.1979432309913343
104,311,1.197921738801135
139,320,1.1978977263872514
186,272,1.1978927469601734
145,212,1.197855655724621
427,458,1.197831761342779
66,119,1.1978169487323258
140,425,1.1977914412883846
232,308,1.1977769770444149
214,422,1.1977233204031
253,366,1.197662793078208
163,198,1.1976517153403723
171,237,1.1976242619850705
119,152,1.1976100813430695
170,366,1.1975649105814037
115,228,1.1975579205045537
250,427,1.1975556867841117
330,337,1.1975455485945639
83,194,1.1975261797025867
112,200,1.1975194126133095
97,148,1.1975110370994315
165,420,1.1974750371085972
127,456,1.19747402697356
115,137,1.1974369303006358
144,205,1.197414773315589
320,441,1.1973668301141558
132,235,1.197335784817388
214,219,1.1973157648598582
143,163,1.1973042985511946
79,447,1.1972921013683526
2,163,1.1972549840921156
127,262,1.197238808153623
197,312,1.1971597234241491
210,215,1.1971411290843923
189,220,1.1970551622135654
204,462,1.1969913015379616
185,190,1.1969872968170754
290,425,1.196935459637538
37,158,1.1969050913872303
116,213,1.196889533050193
234,318,1.1968844457851033
220,349,1.1968797224790153
120,437,1.1968310643000506
192,198,1.196813274190419
98,272,1.1968011165645147
292,437,1.1967963765514544
69,70,1.1967859413584143
228,256,1.1967593952365854
165,256,1.1967449408955724
220,288,1.1967079799341795
131,429,1.1966825415015168
60,69,1.1966320227590308
94,383,1.196574564066937
379,434,1.1965525970924942
4,144,1.1965409570371703
439,452,1.1965117862845207
190,313,1.1965076144187488
115,250,1.1965007313587293
72,431,1.196486982072228
118,286,1.1964840550061115
66,163,1.1964664638673024
136,422,1.196432254229222
147,366,1.1964230628111694
67,141,1.1964010728364558
314,428,1.1963971926135857
257,435,1.1963864104468658
253,360,1.1963623870271987
190,259,1.19629820135622
250,272,1.1962504443310327
151,259,1.1962282295574977
164,427,1.1961871810316207
131,292,1.196119076111244
4,361,1.1961135111934509
236,261,1.196109803702972
131,315,1.1960973630014147
193,438,1.1960571092903394
44,174,1.1960216193211048
143,460,1.1959916808919993
2,111,1.1959247520026934
397,438,1.195903884344537
44,251,1.1958727725630256
131,201,1.1958272694470584
14,144,1.1958257379726092
113,368,1.1958186899381964
218,414,1.1958073124775905
170,289,1.1957409865721385
93,306,1.195709628799731
208,232,1.1957003638837564
177,378,1.1956805292272095
139,317,1.1956346222029552
183,236,1.1956218830460883
63,154,1.1955904417584655
108,134,1.1955822623538688
69,257,1.1955584992245567
170,302,1.1955430125076345
206,319,1.1955385798220433
192,425,1.1955149741437743
9,422,1.195499719162198
114,211,1.1954735962239158
98,186,1.1954617610895963
232,296,1.1954243531848214
99,248,1.1954070879224377
196,234,1.1953761706693316
65,166,1.1953742150966886
147,286,1.1953432512644473
111,336,1.1953039068106486
182,184,1.1951866754551281
12,215,1.1951358156301508
315,317,1.195117550025732
161,288,1.1951135581970178
175,201,1.1951039579702922
179,262,1.1950910004898763
177,284,1.1950767726915361
115,165,1.1950637599610938
119,431,1.1950339371718242
154,200,1.1949933325511963
391,455,1.1949783999869654
197,228,1.1949349115856416
119,436,1.1949138633598653
236,431,1.194882964410067
186,425,1.1948732679415641
216,458,1.1948519536641593
112,209,1.1948226407338256
8,330,1.1948036800176223
251,451,1.1947132803081926
142,182,1.1946887075193675
179,253,1.194616880442214
162,273,1.1945487477390895
182,234,1.1945453626323068
95,344,1.1945291472940855
120,254,1.1945084467109433
148,454,1.1944690354032208
96,202,1.1944637910055498
194,441,1.194443387425181
235,290,1.1944198451405628
140,311,1.1943904481339345
11,177,1.1943801856117506
84,147,1.1943690138397822
8,152,1.1943519694079114
14,145,1.1943514224288505
164,200,1.1943479338716247
136,140,1.1943459140364538
98,445,1.1943160980980145
193,319,1.1942131652864596
13,379,1.1941636888983698
238,425,1.1940817919484554
155,190,1.194018345343495
11,285,1.1940165145762174
7,389,1.193999081081103
202,220,1.1939827028535546
93,334,1.1939592513355664
80,163,1.1939542386249578
140,176,1.1939489540785742
135,427,1.1939307601608498
142,149,1.1939144289435017
118,260,1.1939123802700748
89,296,1.1938855945309528
181,243,1.193881955677525
313,331,1.1938325829990801
191,204,1.1938246931065082
115,239,1.1938213457905857
99,366,1.193801436868712
338,460,1.1937702281897236
69,192,1.1937440448569094
37,205,1.1937303784706133
175,311,1.1937261875447172
77,349,1.1936929883941483
113,209,1.1936681089989758
97,461,1.193646128211485
66,462,1.1936176346176226
243,438,1.1935949897277678
232,317,1.1935852315149784
108,194,1.1935488586629612
380,435,1.1935367954061213
135,316,1.1935209511274698
89,422,1.1935140929894363
137,255,1.193506191579214
99,260,1.1935051324957051
77,180,1.1934363065100198
217,255,1.193419174195832
100,461,1.1933388147161785
292,316,1.193337113602991
212,288,1.1933090581135102
115,428,1.1932994303512197
111,135,1.1932795438266286
8,454,1.1932013340760563
66,156,1.1931954449663449
154,397,1.1931945919201399
251,414,1.1931859526821527
255,450,1.193162987053335
288,437,1.193154368008345
204,255,1.193151141294395
199,311,1.1931487808451835
195,201,1.1930811435108473
137,296,1.1929839500795174
60,194,1.1929527424785087
10,152,1.1929478332594288
166,429,1.1929290624977775
131,176,1.192893220481079
138,253,1.1928741749160379
211,336,1.1928629920029827
4,453,1.1928265637772308
189,292,1.1928143107356295
196,201,1.1927870069621735
13,96,1.1926028294009412
189,235,1.1925480433425486
151,224,1.1925468676869813
284,285,1.1925357986260963
165,441,1.1925176671704538
97,271,1.1925124836203767
13,314,1.192492756428065
96,429,1.1924852409524385
202,204,1.1924844609163436
149,378,1.1924742592328703
115,312,1.1924400529875707
115,380,1.1924321593509373
245,252,1.1924256530818742
169,194,1.1924222518260836
228,243,1.1924142371898072
349,428,1.1923738391609298
288,428,1.1923441395499068
115,447,1.1923288084890353
164,237,1.1923217031945839
250,438,1.1922971127082211
167,234,1.192290508453434
65,140,1.1922815838844143
434,435,1.1922724890326117
138,196,1.1922662666736479
176,314,1.1922537048150756
3,131,1.1922318126882412
121,158,1.1922223443069915
393,451,1.1922208998885382
19,148,1.1921983979840685
141,183,1.1921441939847761
98,408,1.1921364679043323
6,192,1.1921133210406334
211,215,1.192093060790942
174,264,1.1920433464257998
14,135,1.1920120305374597
166,378,1.192007452219581
173,245,1.191932665631477
313,401,1.1918957618817474
195,336,1.1918930149193403
448,456,1.1918925794630995
167,229,1.1918429187350321
99,152,1.1918145727288507
13,290,1.191774183785309
316,385,1.1917042589455082
292,336,1.1916509866335383
72,175,1.1916479484276332
171,224,1.1915773737742286
132,161,1.191550550135293
210,220,1.1915100135047614
44,147,1.1914993232352937
37,319,1.1914904586053752
4,314,1.1914430796240392
167,434,1.1913203143569866
134,284,1.1913066805950088
216,243,1.1913018385586598
205,314,1.1912981611039115
161,180,1.1912804856476382
148,401,1.1912636805903565
316,451,1.191216544026428
208,256,1.1911646649492509
204,380,1.1911312488584325
216,255,1.1910670881016674
127,254,1.1910406085960363
174,204,1.191020570288256
211,394,1.1910179753106123
454,455,1.190994649621249
164,201,1.190989988856621
239,271,1.1909766172843683
171,319,1.190959674837683
118,218,1.1909495016197504
65,290,1.190937668478473
5,193,1.1909312992546912
6,218,1.1909276433771647
2,202,1.1908861745990311
111,151,1.1908582981569076
320,349,1.190852694035961
178,184,1.190847594691605
290,315,1.1908422058096253
65,459,1.190713924831846
239,251,1.1906473802800623
77,135,1.1906057806176416
14,80,1.190573385954936
234,393,1.1905686890949714
6,260,1.1905093615821871
94,446,1.190461037990322
132,185,1.1903978482437974
237,441,1.1903661951543956
95,216,1.1902891691434911
8,83,1.1902593840484967
166,193,1.1902556048493493
137,378,1.1902537708105854
164,260,1.1902091325211877
137,447,1.1901966784762315
115,177,1.1901648883265543
154,265,1.1901480922122434
150,158,1.1901423753553295
13,176,1.1901404619179996
251,320,1.1901401828808267
149,380,1.1901363128186728
5,300,1.1901279045332094
60,132,1.1901043912673483
206,448,1.1900824716966174
146,196,1.1900735669877092
224,397,1.1900570385399447
349,455,1.1900189368741911
156,190,1.1900097342504563
193,269,1.189988250018945
14,250,1.1899731268966038
425,434,1.1899519002444452
443,451,1.1899349885561026
84,189,1.1899340025784646
236,435,1.189897847954551
245,313,1.18988957343115
131,442,1.1898666946833099
6,142,1.1898303149261802
164,343,1.1898070769756126
178,257,1.1898054298871437
215,393,1.1897975439912531
189,250,1.189797404439696
422,438,1.1897871360992918
136,164,1.1897703789735308
108,120,1.1897362279733785
44,206,1.1897338080146602
251,425,1.1897261826719236
315,445,1.1897083794206011
178,312,1.1897020652651773
77,256,1.1896808503878638
18,94,1.1896763215021657
112,175,1.1896105902256116
151,186,1.189596762709078
308,462,1.189593719066449
132,366,1.189592756136483
270,271,1.1895767815791058
8,451,1.1895630070214207
11,300,1.1895440094852987
263,269,1.1895388004683674
403,441,1.1895275743524285
83,213,1.1895175631131734
236,429,1.1894869770205176
194,234,1.1894324040601987
89,208,1.1894176180905314
429,441,1.1894092246583612
12,375,1.189388062012739
121,165,1.1893615105817834
273,319,1.1893176812028592
98,151,1.1893176255801212
115,202,1.189315254102814
166,428,1.1893063997245874
3,191,1.1892750707107134
165,250,1.1892201558250588
232,446,1.189199993721364
288,336,1.1891982531782377
336,456,1.1891816552214354
178,300,1.189156777652566
273,336,1.1891548098083584
145,255,1.1891545060333015
160,358,1.1891001517789708
190,232,1.189088244931532
112,189,1.1890410360817403
235,262,1.1890306223325295
237,284,1.1890113685754309
164,178,1.1889779511924328
137,431,1.1889747910802766
96,217,1.1889532019037454
235,403,1.188933839502725
312,396,1.1888884253893932
243,456,1.188859127423079
237,429,1.1888576557787707
142,256,1.1888316487720145
253,311,1.1887929635966963
199,228,1.1887759148909554
65,195,1.1887241450670134
235,443,1.1886955891976818
132,198,1.1886914420609493
166,243,1.1886564508702864
65,236,1.1885596639764935
145,171,1.1885381445010177
111,130,1.188533937939328
183,265,1.1885210168880733
94,421,1.1885175796349035
285,427,1.1885059069907493
2,256,1.1885032961320736
314,403,1.1884839494319839
142,444,1.1884837356237556
234,284,1.1884632856028268
11,70,1.188438268218558
144,210,1.1884166282031667
140,285,1.1884119568622036
284,403,1.188407827754852
99,110,1.1883857506605944
168,179,1.188368796724693
44,290,1.1882543665628782
161,200,1.1882325454603024
138,316,1.1882245220029306
197,397,1.1882181286841216
120,208,1.188215561179727
164,447,1.1882139420475122
129,191,1.188204963159431
177,184,1.1881964189464962
112,169,1.1881661008765823
292,306,1.1881159643443608
100,429,1.1881094978844486
208,378,1.1881093757383239
429,444,1.1881083982207166
214,316,1.1881078609088584
218,460,1.1880668024155396
147,435,1.1880281647694066
13,59,1.1880116779609393
171,214,1.1879359200332682
177,288,1.187892481071988
320,448,1.1878357703867803
72,195,1.1878250366069332
156,255,1.187791463669359
41,456,1.187717013784695
254,366,1.1877077151259325
140,343,1.1877027173580523
104,201,1.187687886001869
4,190,1.1876857572742188
168,445,1.1876413726406039
250,315,1.1876277477490331
115,448,1.1876262857158488
194,248,1.187615533378248
290,455,1.1876089512468406
181,228,1.187573478478536
138,154,1.1875433041945076
218,447,1.1875384973228968
10,448,1.1875317070271991
200,455,1.1875218425834413
252,391,1.1875196337259784
187,188,1.1874553955936675
165,403,1.187452609319562
77,120,1.1874412743085774
300,455,1.1874194702555003
55,212,1.1874034232843826
83,315,1.1873941229818037
218,403,1.1873767310980448
239,441,1.1873622326359237
171,288,1.1873564455045789
235,393,1.187356113583371
269,450,1.187319268451187
439,460,1.1872905416340338
296,456,1.1872655401385785
200,232,1.18724271738665
256,393,1.1872369743397986
77,142,1.1872072887074285
236,300,1.1871596391936259
37,224,1.1871302273847217
216,461,1.1871203445092173
199,425,1.187115510046747
13,180,1.1871147612221509
243,288,1.1870902425866556
145,269,1.1870895051839305
75,94,1.187084058726975
185,422,1.1870571628337754
115,256,1.1870377210864125
70,320,1.1869710210391566
196,371,1.1869592465891348
199,308,1.1869299558111965
14,149,1.1868510509266954
139,391,1.1868497839505268
202,285,1.1868462488329663
80,462,1.1868447686748442
99,172,1.186840518852776
159,202,1.1868126129776666
181,429,1.1867876344731951
12,183,1.1867726130454237
72,209,1.18674959905328
152,256,1.1867214217133197
95,386,1.1866898576839133
180,272,1.1866596701004695
162,375,1.1866407476697474
77,286,1.1865858324571634
7,138,1.1865442055946485
212,237,1.1864301199814007
110,160,1.1863914717943769
235,349,1.1863790112286354
169,243,1.1863782373327214
236,314,1.1863671865884482
14,445,1.1863636742656074
261,269,1.1863617281730954
59,271,1.186313504990936
273,292,1.1862893483130286
208,403,1.1862729601208128
199,256,1.1861804698943446
175,343,1.1861586118162584
157,312,1.1861210859514066
152,320,1.1860518244136333
8,323,1.1860336645474685
112,456,1.186022105550643
83,224,1.185991970822198
119,422,1.1859882348953676
108,442,1.1859685925280001
251,337,1.1859569300466866
257,316,1.1859442174949346
152,269,1.185910142975394
314,378,1.1858961743780525
80,251,1.1858735041696258
161,165,1.185862666329518
69,140,1.1858466669332315
166,380,1.1858294878340514
72,429,1.1858119495518578
118,135,1.1858024427042368
220,452,1.1857565903723806
380,436,1.1857342862996219
89,176,1.185643300339764
174,269,1.185588185875863
72,259,1.1855775262526178
40,147,1.1854963516440045
69,176,1.1854789146650857
164,239,1.185465286856434
12,151,1.1854572336880502
67,139,1.185383152902253
63,148,1.1853368160759392
256,269,1.185333441109447
245,262,1.185329950322054
135,431,1.1853056821472585
288,448,1.185277325489772
192,445,1.1852662294705734
312,368,1.185216126832387
65,98,1.1851582866584955
189,200,1.1851439007037794
181,427,1.185092947769031
104,193,1.1850516252081051
169,437,1.1850377650036479
181,447,1.1849493062108452
237,296,1.1849317184971797
89,375,1.1849179487256567
127,164,1.1848899712810816
99,107,1.1848011678108745
132,193,1.1847738233983494
422,443,1.1847615428730003
194,338,1.1847498215877
338,380,1.1846290374972428
148,174,1.1846101501438726
300,337,1.18458174186732
59,197,1.1845147741302713
261,393,1.1844991311812538
95,451,1.1844616334257012
60,182,1.1844423480025814
120,182,1.1844064703970263
181,378,1.1843553626786387
135,144,1.1843552367493997
158,264,1.184332069587559
96,142,1.1842996954187306
55,429,1.1842912133366523
144,150,1.184236743079081
201,205,1.1842340583014963
2,262,1.1841657850155876
316,442,1.184122145352639
96,456,1.1841108726068137
195,434,1.1841051864798655
79,154,1.1840918541329035
163,411,1.1840836042136982
420,437,1.1840479082679158
14,314,1.1840434678210687
162,286,1.1840422877041767
131,212,1.1839953746163214
213,426,1.1839765851261437
14,188,1.1839721683181759
319,429,1.1839552137538334
63,461,1.1839187088582734
176,443,1.18391684592913
62,237,1.1839058204183806
189,217,1.183786651626494
425,435,1.1837739673594225
320,426,1.1837555086284393
130,148,1.1837250925628577
70,121,1.183680868099632
217,264,1.1836715252686227
59,458,1.1836634886804098
185,379,1.1836612558796444
411,456,1.183659507233746
5,222,1.1836550899262186
84,313,1.183627895955279
112,315,1.1836117678313565
161,176,1.1836009283630309
55,431,1.1835868514463663
112,460,1.1835761439607735
12,415,1.183568080490707
83,444,1.1835531255902976
97,380,1.1835440176330043
234,379,1.1835118762030579
13,142,1.1834713816710782
77,97,1.183449230664987
118,435,1.183440567996143
206,237,1.183440567996143
164,330,1.1834395949485632
6,152,1.183426859110066
9,454,1.183405282263167
161,391,1.183377474963331
151,288,1.1833769337869426
195,411,1.1833695673246043
93,149,1.1833598804840892
288,368,1.183312022799269
158,208,1.1832995561870019
166,461,1.1832769562020313
115,161,1.183269201366196
131,391,1.1832669742855417
209,300,1.183226188223437
292,330,1.1831999150049797
44,264,1.1831817078207307
136,180,1.1831528124653168
120,262,1.1831013690185124
224,422,1.1830730408245396
61,251,1.1830204330694212
178,336,1.1829942430154534
96,292,1.1829740324758256
315,447,1.1829350860479146
145,214,1.1829086346889273
172,196,1.1829007793015547
69,142,1.1828806902293456
104,218,1.1828509165145045
180,379,1.182772925801909
170,445,1.182753990394432
208,462,1.1827172729096833
127,438,1.1827064952277273
6,104,1.1826418226837743
243,271,1.182603689235088
80,211,1.1825998371912603
99,414,1.1825992088935384
69,265,1.182596874261328
159,312,1.1825715372138208
142,403,1.182559155409369
202,314,1.1825546889175826
98,411,1.1825409574421812
290,319,1.1825343854529433
134,427,1.1825301788661275
161,323,1.1825285721863497
183,284,1.1825061813139928
219,262,1.1824824946186627
259,451,1.182454496210859
99,150,1.1824400199464866
434,460,1.1823678395796158
175,290,1.1823500582308129
206,314,1.1823402942045662
152,368,1.1823080613822492
77,188,1.1822911594091672
158,414,1.182290746930274
174,255,1.1822857825421835
236,444,1.1822848177921346
67,131,1.1822652027846734
137,422,1.182264626654132
132,140,1.1822599842342123
233,368,1.1822491536896524
142,239,1.182243344567219
69,319,1.1822335249011993
218,456,1.1822308894816316
176,447,1.1822287088900918
243,443,1.1822019915464086
222,337,1.182167002215719
202,426,1.1821665367954035
41,167,1.182137057238607
169,452,1.182125118732021
28,447,1.1820921479064002
6,198,1.1820770533046976
95,120,1.1820763324946106
63,205,1.1820713694850944
318,358,1.1820592099314604
178,450,1.182048933794933
108,427,1.1820459935988226
141,208,1.1820424042527597
202,337,1.1820153840432497
251,349,1.1819926152303681
150,224,1.1819853526172486
136,182,1.1819622650740371
12,108,1.1818825614245587
84,443,1.1818772123180032
213,300,1.1817983948259019
131,158,1.1817970571355378
180,198,1.1817687927817595
172,176,1.1817687292415244
428,442,1.1817512718084557
77,435,1.1817421761445968
148,248,1.1816673459227915
119,150,1.1816085104387366
218,271,1.181592358996059
9,127,1.1815723692899132
254,415,1.1815606708057818
188,200,1.181522719858339
14,396,1.1815118530236728
13,37,1.181497399748476
79,224,1.1814254544376748
185,445,1.1814057421381363
69,141,1.1814033052643378
170,451,1.1813732517149995
131,455,1.1813718434941265
100,438,1.1812873453021424
154,442,1.1812732540691082
55,284,1.1812431543565078
140,228,1.1812225878401916
11,235,1.1811567711621958
148,250,1.1811385770353733
216,320,1.1811238579883392
13,127,1.1810616277826556
110,129,1.1810074519402163
148,366,1.1810074350322044
65,318,1.1810019544893908
10,216,1.1809985153399423
252,360,1.18096456319218
9,406,1.1809554307531582
136,264,1.1809058888225337
313,358,1.1808540083847736
155,270,1.1808195399306367
150,320,1.1807584709882022
156,183,1.1807342810341481
162,379,1.1806706532106066
220,438,1.1806600701198269
163,263,1.1806434010043712
199,273,1.1805981937834797
210,451,1.1805536292303573
285,438,1.180551415505018
141,317,1.1805384690771634
291,313,1.1805318854615159
205,396,1.180499370779736
284,336,1.1804987906948634
151,188,1.1804890243327908
80,132,1.1804497913616727
83,155,1.1804230766272534
89,97,1.1803841282462189
197,311,1.1803235289364156
191,286,1.1803067947553818
83,443,1.18030453209319
250,393,1.1802963122834051
218,238,1.1802618054901515
204,379,1.1802524840748978
235,429,1.1802191219222096
152,458,1.1802168205503147
115,265,1.1802162864511798
190,211,1.1801804924965822
156,265,1.1801468230793033
84,262,1.1801086845870437
142,314,1.1800985938904203
111,129,1.1800651365933255
10,129,1.180035926785171
308,318,1.180029799329563
142,181,1.1799924163081603
300,378,1.1799047229756283
287,425,1.1798672402947346
127,157,1.1798671407943802
12,451,1.1798613949137027
104,142,1.1798560277954895
171,428,1.1798516385129676
156,218,1.1798459287777228
69,288,1.1798358008210486
151,167,1.1798230842288904
77,136,1.1797806471766457
183,186,1.1797760039970522
44,195,1.179743646909672
11,97,1.1797354667663005
77,217,1.1797236476061468
141,220,1.1797223467037157
111,190,1.1797006234689893
378,428,1.1796474002003932
271,369,1.1796288897337504
72,368,1.179596954271758
72,272,1.1795738892230179
442,450,1.1795685734649548
55,311,1.179548223568363
166,190,1.179536079103041
108,269,1.1795334946253082
121,285,1.1795303212352541
202,379,1.1795062874128017
6,79,1.179491093105909
137,438,1.1794714009980192
145,448,1.1794623283182006
19,262,1.1794413047716086
136,458,1.1794242037425167
8,411,1.1794107829156144
2,168,1.1793676418325907
149,164,1.1793582129115108
176,292,1.1793305946660213
256,452,1.1792679383174378
3,261,1.179257287365974
255,265,1.1792450477781735
131,427,1.1792115587359104
113,189,1.1792100382119868
129,251,1.179208361865723
209,397,1.1791875681758746
13,220,1.1791797510660647
287,313,1.1791767584141581
19,194,1.1791661918226264
191,201,1.179110047308711
44,121,1.1791017755562314
79,147,1.1790886440897796
80,197,1.1790133134538026
19,318,1.1790010322341713
89,264,1.178997698869718
212,414,1.178975764248071
175,375,1.1789619991897946
212,264,1.1789498166486303
2,456,1.1789441014514328
212,438,1.1789016769528644
254,425,1.1789008110467385
232,338,1.1788908201207478
157,285,1.1788392167207096
137,448,1.1788279161543949
316,343,1.178820167477738
252,354,1.1788111856895647
235,273,1.178781780761298
169,253,1.178757529726168
154,312,1.178739401478582
181,261,1.1787345602585633
191,216,1.1787290895714613
6,437,1.178728908203315
415,442,1.178709566655757
132,379,1.1787067595310572
269,349,1.1786811768993979
67,238,1.1786657432059333
148,193,1.1786605091423408
438,450,1.1786425337348523
271,286,1.1786283663143762
138,167,1.1786194580427871
142,448,1.1785775767726252
63,380,1.1785624470630216
180,212,1.1785497636367246
211,248,1.1785497636367244
121,256,1.1784871928666576
95,450,1.1784849890925313
3,210,1.1784628615273929
193,254,1.178444385292258
9,311,1.1784440658907533
84,319,1.1784241258889576
251,270,1.1784204054714902
150,259,1.178386777649515
255,337,1.1783759329652144
134,144,1.1782702723456109
208,262,1.1782216141666462
239,290,1.178206196868159
66,443,1.1782011703662778
115,176,1.1781394754297692
12,40,1.1781308068520067
285,290,1.1781283919380638
11,67,1.1780628484794209
63,174,1.178010534183059
315,360,1.1779560019499773
127,147,1.1778867959566877
188,461,1.1778701195934922
19,95,1.1778673182918782
96,414,1.1778480731871073
72,140,1.1778044010407858
119,136,1.1777828846293295
40,195,1.1777682134728702
4,287,1.1777526655500625
14,181,1.1777492066348698
188,238,1.1776979667651606
41,93,1.1776942711037668
201,254,1.177671792551103
4,29,1.1776383163977096
161,191,1.1775820707390692
14,394,1.1775600506963055
261,323,1.1775518004093704
168,429,1.177538299054863
118,190,1.177486446506539
320,431,1.1773990426737524
170,338,1.1773553320705614
96,239,1.177348244983995
12,112,1.177339260189145
65,132,1.1773385578453348
104,448,1.1773113707384846
130,197,1.1772727359758064
131,189,1.177234868812987
178,201,1.1771899222069382
99,116,1.177184650086056
180,235,1.177181219893602
150,462,1.1770954419497914
55,448,1.1770690582827266
99,442,1.177035063516755
265,438,1.1769931547105439
212,391,1.17698498631002
158,228,1.176980985521824
63,236,1.176946043355396
10,454,1.1768909449915583
151,462,1.1768037172862906
180,269,1.1767905169631936
253,336,1.1767902296166564
236,273,1.1767687751008338
180,292,1.1767403393864986
118,414,1.1767257135887235
214,250,1.1767248000621209
215,261,1.1766760997633399
212,218,1.1765833115350017
80,254,1.176531935904635
391,429,1.1765286944405517
210,397,1.1765250933413136
215,378,1.1765181930168649
169,428,1.1764695788513577
139,403,1.1764334795126
96,308,1.1763986960285173
132,137,1.1763891328939813
63,378,1.176332715681328
151,159,1.1762935222519633
178,265,1.1762893471222666
211,396,1.176282516744613
100,168,1.1762749261143681
25,214,1.1762656931868645
198,199,1.1762601496826683
60,255,1.176247994371931
164,448,1.176238759094071
132,286,1.176208919734369
375,437,1.1762072011538136
63,96,1.1761889168408295
13,44,1.176131730281753
296,375,1.1760846317154554
13,83,1.1760804730893188
161,178,1.1760586107754543
10,235,1.1760224522532827
296,431,1.1759113253586293
152,254,1.1758884266611838
193,253,1.1758873943608714
84,456,1.175877130670043
208,393,1.1758717974421646
380,442,1.175846895595783
8,426,1.1758391063635585
212,315,1.1758259384333742
260,312,1.1758087428426243
69,261,1.175772327105264
428,435,1.1757534933878178
183,191,1.1757482982222953
132,261,1.175735125903999
77,436,1.1757053824486239
9,263,1.175691346110429
290,442,1.175669029193593
202,448,1.175667355492677
121,188,1.175571452932495
238,285,1.175521196762886
155,338,1.1755179032221235
422,455,1.1754953055663981
284,320,1.1754092062560935
55,118,1.1753975641518175
55,456,1.1753944435524564
194,411,1.1753690585923762
9,439,1.1753658099594197
79,197,1.175318807921845
175,187,1.1752939584523656
83,163,1.1752662256124113
113,315,1.175200943980815
174,458,1.1751388056072218
190,256,1.1751053408972079
179,428,1.17509985546293
163,326,1.175098214851457
139,239,1.1750871368049602
12,406,1.1750591885828654
63,177,1.1750589361139951
174,262,1.1750470870676304
89,121,1.1750411938568526
254,358,1.1750064943146257
168,243,1.1749783548182815
229,259,1.1749635907701035
261,284,1.1749605145749937
220,285,1.174951195255301
37,317,1.174925469464062
84,337,1.174911457527951
182,228,1.174783776520175
97,253,1.1747749340245253
182,198,1.174773400658569
174,183,1.174739262239202
176,425,1.1747192841299954
154,336,1.174718947379284
10,140,1.1747023677412882
160,308,1.1746991963271698
13,393,1.174679203917898
163,312,1.1746743365684327
254,338,1.174600061600617
375,455,1.1745895846556775
142,166,1.1745727177442717
224,375,1.1745580082860918
84,224,1.174536725082507
209,233,1.1745233507406854
134,447,1.1744889199965622
182,418,1.174373278779068
337,446,1.1743072984551985
40,192,1.174263347329881
120,414,1.174232123015237
99,450,1.174230855381768
150,452,1.174228005983626
358,375,1.1742068436184079
167,300,1.1742014314152784
151,176,1.1741567388087066
130,318,1.1741562726393868
67,462,1.174149956770881
144,154,1.1741217997602689
77,311,1.1740862996834804
315,378,1.1740812724632494
243,245,1.1740399748270707
141,447,1.174025992797867
84,155,1.1740167867408666
8,151,1.1740125087928515
286,427,1.1739880122381035
108,189,1.1739749240417097
439,455,1.1739306170907369
197,327,1.1739080578739867
8,397,1.1738944072652138
420,462,1.1738885397939145
181,445,1.1738824156569079
450,462,1.1738602520933938
200,204,1.1738417371454166
142,185,1.1738393982163864
284,455,1.17383838977953
100,161,1.1738334510500468
5,37,1.1738000994195714
8,216,1.1737855952216478
150,165,1.1737635752205198
112,168,1.1737552873484847
191,290,1.173743017358636
99,438,1.1737027900834656
253,441,1.1737026790120355
380,458,1.1736905315171433
14,193,1.1736758527274866
142,212,1.1736663672991503
262,349,1.173654426940177
208,443,1.1736145100185842
175,445,1.173601101643151
14,320,1.173555554454994
79,254,1.1735020265105947
89,186,1.1734684338205812
28,155,1.1734388067209423
224,314,1.1734259881400722
63,204,1.1734059031555235
134,403,1.1733926256704132
79,173,1.1733907191245674
313,326,1.1733892351421435
150,459,1.173381378128476
196,439,1.173378289196841
250,444,1.1733042761874484
437,448,1.1732882001041216
393,442,1.1732562359406384
7,248,1.1732455080087938
6,113,1.1732242417265009
198,462,1.1732056591557902
436,450,1.17319513432986
162,300,1.1731801882703297
142,262,1.1731630644184146
192,418,1.173157243820412
6,396,1.1730713634659964
147,250,1.1730448605166566
5,106,1.1730174851339656
6,436,1.173014845480222
264,349,1.173001508736107
136,438,1.1729659393096017
136,197,1.1729549828250831
119,239,1.172941249747305
12,327,1.172939904600611
134,156,1.1728996461243093
4,248,1.1728768075200486
180,448,1.172871788236784
141,320,1.172868449047057
211,218,1.1728414453845069
112,224,1.1727785726957922
157,250,1.1727653264781344
414,459,1.1727605144691229
100,288,1.1727578120782582
239,320,1.1727326486380818
284,442,1.1726405013490078
244,246,1.1725638524903892
139,323,1.1725494089368844
213,454,1.1725171001777863
65,159,1.1725163554733338
67,292,1.1724946726129026
243,458,1.1724919868429593
44,199,1.1724825027369343
149,175,1.1724583095974446
257,445,1.1724552173544411
104,312,1.172444759851272
149,165,1.1723685240852628
252,356,1.1723604843599764
5,217,1.172341866679829
112,251,1.172329444791596
149,181,1.1722694109378575
129,368,1.1722394308158546
41,195,1.172236993994735
67,192,1.1722044700920005
181,343,1.172191632401649
210,454,1.1721853318650017
159,218,1.1721633042076767
108,452,1.17215820578224
209,391,1.172115380228243
3,98,1.1720797085160972
174,224,1.1720593434747273
183,316,1.172038404678336
11,80,1.1720381007541143
448,461,1.1719736495595436
72,391,1.171972822734994
6,108,1.1719567795189765
95,291,1.1719562423335794
8,396,1.1719284219715376
108,391,1.1719150917901342
213,434,1.171875152036334
379,461,1.1718689612487836
260,265,1.171834688979573
380,422,1.1718272038516475
13,239,1.1717462802147027
368,439,1.1717429135525916
145,441,1.1717396400195028
8,67,1.171727072458905
447,450,1.1717063236197132
204,288,1.1716740642769825
44,154,1.1716606833288359
140,143,1.1716542883097363
157,235,1.1716420979618063
163,406,1.1715697202325348
319,458,1.171521933436605
13,136,1.1715079704132836
44,403,1.171479624439934
164,235,1.1714756389920125
173,261,1.1714433517886882
97,167,1.1714191361475144
263,461,1.1713940649973758
314,393,1.1713811805114176
318,396,1.171355521085033
14,442,1.171352081935585
115,168,1.17133638762268
121,192,1.1712885306673584
253,415,1.1712560461267556
14,336,1.1712553226549056
113,259,1.1712189518699534
7,447,1.1711685206192373
121,435,1.1711337814105043
72,252,1.1710982434233401
216,296,1.1710952644760488
11,311,1.1710878026508094
145,156,1.1710781805801023
120,272,1.1710733173409953
4,222,1.1710628471661155
100,248,1.1710537003707182
77,375,1.171028069117917
168,198,1.171001009260259
229,318,1.1709417515503406
175,190,1.1709282564429686
115,257,1.170878230038306
152,175,1.1708641118155974
264,306,1.1708335311195035
89,292,1.1707950805755571
4,172,1.1707814470785958
3,425,1.1707451641566862
284,431,1.1707033876801916
132,415,1.1706824017715256
169,214,1.1706727486606248
96,146,1.170658498461782
144,195,1.1705957520997547
210,426,1.1705904782924623
206,312,1.1705903748864792
44,319,1.1705566525794495
113,253,1.170553651139931
143,179,1.170543168591451
286,316,1.1705245913638216
6,379,1.1704842562581723
202,257,1.1704280133921634
60,147,1.1703731817038232
311,389,1.170364468813017
243,455,1.170340219396834
170,396,1.170324373994425
135,447,1.170298406827
189,375,1.1702343422542252
260,393,1.1702135249006034
256,264,1.1702096260166472
60,214,1.170173723372948
79,438,1.1701706606974398
248,315,1.1701503708989476
186,288,1.1700970186693886
193,204,1.170086988052851
145,393,1.1700613413321437
220,379,1.1700560228367702
29,462,1.1699757547127612
95,193,1.1698716784447867
379,450,1.1698515130270668
210,234,1.1698495770807096
118,292,1.1698386386539867
37,220,1.1698366465861227
55,214,1.1697910096934268
66,262,1.1697006484170402
136,214,1.169673922824219
72,212,1.1696580003954866
180,337,1.169617323526253
164,425,1.1695605763703052
217,443,1.1695470316417693
37,452,1.1695179069875554
236,311,1.169504183862879
169,188,1.1694582953983643
72,292,1.1693922741828437
157,188,1.1693805770958685
112,165,1.1693386424047312
66,154,1.169316734160652
263,393,1.1692929962176548
144,213,1.16928929425399
197,330,1.1692673593538812
84,211,1.1691995059842877
14,222,1.1691962506924836
44,323,1.1691277423015876
6,143,1.16910348037298
104,208,1.1690790667481217
94,117,1.1690734144090937
130,182,1.1690256988696273
200,456,1.1690233885383468
220,393,1.1690041856670157
185,380,1.1689971306274534
135,232,1.168974767927121
118,391,1.1689242276855945
194,296,1.1689179121588746
155,317,1.1688956680061051
176,438,1.168887535680229
337,375,1.1688861144636518
150,427,1.1688725189885367
98,349,1.1688200036025302
154,349,1.1687939990764058
141,201,1.1687589050657181
150,156,1.1687573406327312
142,296,1.1687268920624556
112,452,1.1686394266425435
8,291,1.1686155471058852
311,320,1.16859497110378
255,273,1.168578668019251
80,145,1.1685785461878397
6,397,1.1685644431995963
127,343,1.1685557195840748
11,152,1.1685543330618973
69,461,1.1685310365126946
415,443,1.1685207254598187
264,442,1.168490890912786
271,396,1.1684456535372887
148,204,1.1684250871092914
37,315,1.1684112191193523
235,378,1.168382872886259
14,55,1.1683711079380104
170,208,1.1683665686085098
308,375,1.168343079309825
37,104,1.1683426350262454
204,236,1.1682827475747288
262,454,1.1682687502711047
113,186,1.1682574764024887
145,375,1.1682354694760588
69,181,1.168231235069394
77,257,1.168215005040818
255,349,1.1682112499674533
135,163,1.1682047223748755
162,450,1.1682033125896785
436,452,1.168170190522067
414,445,1.1681305919032403
238,250,1.1681254365362181
158,444,1.1681217064915301
84,167,1.168113960834187
158,257,1.168100973730343
211,411,1.1680692951525162
336,445,1.1680610595695682
236,442,1.1679772984002217
234,315,1.1679656808913648
129,167,1.1679445587895214
252,454,1.1679067860896137
100,265,1.16788939776355
116,182,1.1678621446392379
396,460,1.1678602766958086
197,248,1.1678582567019382
106,147,1.167844394062184
8,222,1.1678323669110182
118,237,1.16781821673058
314,317,1.1677980638469836
379,431,1.1677851289026464
112,148,1.1677542665643244
163,451,1.1677113521695373
285,403,1.1677089154604279
185,461,1.1676717575756945
163,454,1.1676651772989692
108,121,1.1676576132550116
72,253,1.1676389971077317
174,206,1.1676199508960832
12,453,1.1676124125405924
3,165,1.167590529263498
96,448,1.1675539521150076
315,366,1.1675469414322277
172,186,1.1675291433228008
108,292,1.1675114981879895
205,228,1.1675104525969187
336,428,1.1675074511574
10,250,1.1674929076892644
285,296,1.167472668478324
55,192,1.167468870612242
248,456,1.167454581981003
212,263,1.167409674771393
264,445,1.1674063694808092
97,214,1.1673953022537558
104,431,1.16739519549169
144,147,1.1673313323205123
149,162,1.1673253242629844
224,228,1.1673171264530986
161,260,1.1672965296370434
156,431,1.1672946924037884
239,403,1.1672725250487375
33,272,1.1672681001641678
152,393,1.1672507893164834
300,431,1.167247583327137
217,380,1.167244306986792
262,420,1.167241773664868
173,286,1.1672075495693264
192,217,1.16719591006331
139,450,1.1671817362003154
183,452,1.1671681207607865
170,172,1.1671380462266165
343,435,1.1671318166353866
206,436,1.1671138254129063
145,181,1.1671131135971053
84,118,1.1670932740978865
397,445,1.1670562262943402
181,200,1.1670448351009097
343,375,1.1670070670148072
265,380,1.1669934137828366
9,432,1.1669885393219777
60,368,1.1669778897406518
14,446,1.1669250657289245
235,375,1.1668941635132462
216,269,1.166861372585889
425,450,1.166729491480487
160,396,1.1666970024284338
189,248,1.1666693254050935
286,438,1.1666626992379328
338,429,1.1666469543523428
13,444,1.1666252928722771
358,460,1.1665772793536684
336,429,1.1665541020474515
202,264,1.1665309765835647
89,311,1.1665286185387547
130,224,1.166522634382876
8,228,1.1665068854519909
269,285,1.166496950520442
199,444,1.1664883231160479
138,160,1.1664719927038878
93,219,1.1664556198248226
93,361,1.1664556198248226
80,185,1.1664195126842243
168,314,1.166387727198733
171,235,1.1663861178186856
118,418,1.1663422712818012
113,154,1.1663330743540938
233,252,1.166315919856143
115,141,1.1662462837559908
77,113,1.1662439364670774
201,206,1.1662369838530777
108,437,1.1662180490286675
143,191,1.1662050199350726
84,232,1.1661917966159825
77,215,1.1661657287048834
180,455,1.1661247304375322
121,176,1.1661204700379297
115,285,1.166099571519871
121,269,1.1660828349672925
129,461,1.166074180152612
157,201,1.1660558077117318
196,229,1.166055021831392
72,186,1.1660341673165886
28,170,1.16601834688217
189,429,1.1660005394658
190,438,1.1659950022829368
239,393,1.1659371140672596
63,164,1.1659228695869464
95,289,1.1659212269171528
232,442,1.1659087499732605
94,355,1.165885150264076
265,425,1.1658796483725336
115,273,1.165830876915248
113,375,1.1658200671779695
228,445,1.1658168251290173
272,285,1.1657962830923787
115,190,1.1657845121692134
312,452,1.1657338890566056
118,169,1.1657319120599792
165,444,1.1656705451232028
151,427,1.1656325166864456
112,204,1.165613077824401
183,189,1.1655967022730225
112,162,1.1655892596388187
208,379,1.1655800469017763
6,13,1.1655242373675736
183,205,1.1655239006493447
139,435,1.1655129493512357
155,220,1.1654628361729364
137,182,1.1654421800334562
100,188,1.165426230205334
80,98,1.1654198841739583
250,443,1.1654118691670798
108,208,1.1653393572471202
14,317,1.165331110941032
135,452,1.1653088335935933
98,188,1.1652678811899553
134,165,1.1651894491878088
156,314,1.165177919535754
316,434,1.1651284067668832
273,450,1.1650851167041059
220,257,1.1650380114070489
181,320,1.1650298046890781
269,292,1.165027587323098
59,154,1.1650221959362042
136,292,1.1650051827412646
89,129,1.1649881173887473
228,460,1.1649762400075319
79,104,1.1649709603887497
3,391,1.1649632555969822
102,168,1.164955855316124
254,286,1.164908111118873
10,436,1.1648800382933842
206,311,1.164867715104858
108,251,1.1648602631327667
70,255,1.164764789858995
190,251,1.1647498993598915
140,150,1.1646885532397435
135,243,1.1646629669667132
69,151,1.1646477250424172
140,261,1.1646397805923128
189,343,1.1646367791527943
168,391,1.1646289251971087
145,461,1.1646136564674663
63,259,1.164609569410617
169,455,1.1645874338373559
456,457,1.164551284411084
208,254,1.164527508971482
131,323,1.164523377229971
135,189,1.1644570017667288
89,429,1.1644471816851591
319,448,1.164423967408772
389,393,1.1644060691595777
136,337,1.1643875558898777
189,243,1.1643456456961985
19,459,1.164332314890398
190,205,1.1643304308686415
115,414,1.1643237754269902
168,171,1.1643022670885945
84,173,1.164294890938634
224,396,1.1642745794220786
168,261,1.1642728493487
3,420,1.164255982876253
98,406,1.1642144716856664
166,319,1.1641979633189645
80,259,1.164196217647844
422,428,1.1641452961940573
186,273,1.1641434417930436
106,197,1.164054620378793
7,411,1.1640323028039408
142,311,1.164001518559295
243,272,1.1639536828830985
260,319,1.1639433867659492
220,391,1.1639401815529302
372,437,1.1639383549448268
178,237,1.1639135589882357
237,442,1.1638687676075397
142,168,1.1638642469688538
243,312,1.1637570046845163
142,336,1.1637552243097706
111,349,1.1636919175722764
380,427,1.1636425373266772
100,425,1.1636394288499696
4,426,1.1635584070214904
130,428,1.1635379556172476
180,431,1.1634936818863797
77,193,1.163485464398633
94,193,1.1634669541469458
94,409,1.1634669541469458
59,131,1.1634342453936524
2,269,1.1634318448152468
165,414,1.1634078435327817
115,263,1.1634054606988524
451,461,1.163342193958654
119,415,1.1633369776158784
130,271,1.1633063507887702
193,437,1.1632958046241617
63,131,1.1632799539571408
162,420,1.1632333950754055
189,190,1.1632009273135286
315,431,1.1631323702652139
141,451,1.1630977771284663
8,229,1.1630590043337565
129,318,1.1630483081743823
70,259,1.1630132565539806
185,243,1.162946705503026
95,347,1.1629416543095819
201,272,1.1629316006676678
177,375,1.1628952131538253
145,288,1.1628881732257526
162,414,1.1628746071675553
10,72,1.1628231553233346
10,201,1.162813008732238
132,320,1.1628019880355331
79,428,1.162776518198501
191,337,1.1627254977923023
190,314,1.1627232084375285
104,261,1.16269726162914
139,273,1.1626588974367467
222,368,1.1626288779037621
189,285,1.162604021292181
170,439,1.1625802339098485
313,439,1.1625352502578148
118,300,1.1625040819248826
216,288,1.1624450198237801
245,318,1.1624368871623545
217,456,1.1624282064788003
13,177,1.162376574129277
285,343,1.1623439445887396
132,349,1.1623377001225803
3,378,1.1623076183318823
77,216,1.1623035114249578
120,180,1.1622781913135314
95,366,1.1621779394052802
177,455,1.1621510574722178
179,264,1.1621326842589106
250,459,1.162129998488968
292,315,1.1621232381381355
269,452,1.1621002528013986
135,166,1.1620714158132002
211,439,1.1620661826652297
262,391,1.162054890966209
319,435,1.1620522542158513
142,218,1.1620302065148311
41,460,1.1619899971982353
139,445,1.1619630766984477
161,425,1.1619602026933262
102,391,1.1619571425359865
115,149,1.1619432587231848
290,338,1.1619240167444354
129,313,1.161908846789768
120,461,1.1618944010935328
99,441,1.1618707188282025
269,300,1.1618281194288032
55,251,1.1618110295169521
28,393,1.161758956016937
6,37,1.161753301914909
154,187,1.1617078896075737
134,436,1.161681424898199
63,271,1.1616500726569792
272,414,1.1616226065687016
77,228,1.1615831441450737
190,234,1.1615246470462144
98,311,1.1614781832006515
212,444,1.1614651236394522
129,215,1.1614460371093203
237,420,1.1614427369073292
99,425,1.1614203553071651
135,445,1.1614116069376035
166,422,1.1613511382140709
72,161,1.161308127605188
228,462,1.1613054332030257
136,232,1.1612959832873915
191,389,1.1612456725740192
115,343,1.1611851335710888
121,134,1.1610538755622393
168,260,1.1610422261978581
118,349,1.1609948748645091
5,260,1.1609814784127388
104,319,1.1609495216609278
55,438,1.1609489099977228
236,263,1.160945518106442
236,250,1.1608559361728228
441,444,1.1608556186851
375,429,1.1608009377668331
181,212,1.160704141786743
290,399,1.160676622084779
100,456,1.1606690943893592
98,391,1.1606618411379206
55,191,1.1606040026901843
204,315,1.1605853660361805
69,175,1.160572970640632
99,142,1.1605694590007745
436,439,1.1605194238480034
256,429,1.1605112429716256
110,163,1.1605062807316975
179,375,1.1604875457136508
259,410,1.1604761724296841
158,261,1.1604228955645797
156,442,1.1603955695688923
214,265,1.1603904968347958
89,448,1.1603823748183921
7,454,1.1603800314390635
13,131,1.1603318799133275
212,312,1.1603051009899112
104,200,1.160301304949526
237,431,1.160255835569968
152,158,1.160183432747916
239,429,1.1601534250952963
99,149,1.1601150058145477
145,284,1.1601035965450124
224,290,1.160071138441002
148,234,1.160068524235652
205,441,1.1600337470408726
312,439,1.1599639017986971
98,135,1.1599596472870783
143,159,1.1599480630762942
296,415,1.159920977316979
269,425,1.1599084303595553
127,460,1.1598738637428005
319,343,1.1598624437288954
149,210,1.159798017792931
115,391,1.1597751694134222
224,338,1.1597729614389276
194,326,1.1597160964559685
257,438,1.159710176924767
106,194,1.1597060826985193
314,375,1.1596886057931781
119,441,1.1596678141284034
284,415,1.1596449009203667
137,458,1.1596014671724588
98,451,1.1595804475102907
94,184,1.159580175731463
200,313,1.1595774937198737
98,137,1.1595290725078833
428,448,1.1595266303306513
148,411,1.1594861540151633
118,415,1.159480329112366
343,425,1.159469876522605
11,228,1.1594330271022448
97,456,1.1594141545059067
158,216,1.1593442217656715
150,214,1.1593330230839534
19,155,1.159314547470039
77,414,1.159314142585651
194,415,1.1593102571363343
179,272,1.1593081802630039
89,286,1.1592994356127027
396,455,1.159234151710932
157,441,1.1592278643955627
199,450,1.1592052792002159
452,454,1.1592039502727183
9,130,1.159194327407229
313,423,1.15918902054906
269,330,1.159167880240946
70,224,1.1591642176699941
70,456,1.1591611970143547
63,459,1.1591423955550793
265,315,1.1591377514608188
131,171,1.159117550339068
196,290,1.1591107954680695
162,292,1.159058013820791
250,319,1.159035985892146
273,315,1.1590052655608487
186,343,1.1589768087151084
165,443,1.1589347904959133
2,253,1.1588639814315413
269,435,1.1588630896734549
431,462,1.1588365114836217
65,431,1.1588320877862086
67,337,1.1588233644148234
162,451,1.158822689065491
238,436,1.1588181990428796
69,185,1.1587959073969767
174,316,1.1587896810125682
451,457,1.1587389413833444
102,211,1.1587330228082862
182,349,1.1586970513177242
180,190,1.1586854360213097
55,168,1.1586838199161238
67,391,1.158675529698014
152,185,1.1586381442219391
198,393,1.1586121393662403
285,462,1.158595724186755
212,311,1.1585897728989198
316,441,1.1585518399527175
12,33,1.1584944889575748
135,315,1.1584939086287211
210,218,1.1584924274264823
65,191,1.1584423749675052
104,375,1.1584074042457115
93,114,1.1584071095903992
49,290,1.1583961206619333
150,175,1.158368181520255
396,452,1.158349991501218
162,429,1.1582744904461675
89,181,1.1582451837354057
256,368,1.1582367781872336
315,441,1.1581787412483788
98,379,1.1581779209103948
211,436,1.158138476342274
168,239,1.1581268095108423
429,450,1.1580782387438855
77,114,1.1580440204365352
140,431,1.1580119991995805
130,195,1.1580061924772975
114,155,1.1579187495305125
379,436,1.1579166299941726
265,368,1.1578255267801731
5,436,1.1578143584819622
244,248,1.157806576166033
115,204,1.1578004134453461
156,188,1.1577987798660287
55,396,1.1577940600705903
12,149,1.1577883707356595
44,132,1.15773465928581
111,451,1.1576587809839662
212,378,1.1575964884384435
158,284,1.1575806684093926
189,441,1.1575655528780124
205,300,1.1575499313871607
169,438,1.1574954458823432
7,193,1.157490584752931
263,443,1.15747027142636
28,288,1.157466360524063
174,235,1.1574597064890622
199,218,1.1573547511491602
179,220,1.1573361748358613
150,380,1.157326922924778
119,204,1.157277540242697
41,104,1.1572451693810273
60,96,1.1572288380540396
159,263,1.1572121271802558
261,343,1.1572030840195455
196,394,1.1571858476234138
14,312,1.1571677852066649
185,444,1.1571055968633277
186,188,1.1570212914203453
248,458,1.1569896295687796
60,271,1.1569891040613425
99,188,1.1569010818697614
181,270,1.1568539521690018
97,403,1.1568474863045712
311,336,1.1568346975233594
72,131,1.1568159645014373
66,195,1.156801792626627
2,11,1.1567861986841639
166,375,1.1567686832507758
195,425,1.156757879326737
185,311,1.1566758603328329
445,451,1.1566525281004443
177,290,1.1565788153542036
100,380,1.1565711950836746
114,118,1.1565681032941322
62,368,1.1565661474456839
209,415,1.1565546949451
152,224,1.1565515224881837
131,162,1.1565442181893983
237,455,1.1565156113884907
254,418,1.1564947731528987
94,123,1.1564791764134206
5,66,1.156448801868101
144,264,1.1564255844972071
213,371,1.1564118097404956
140,296,1.1563958231778153
320,445,1.156383283651114
72,379,1.1563787955022968
136,261,1.1563720920813234
162,323,1.156349213567419
80,261,1.1563260956488928
130,445,1.1563251041401195
142,427,1.1563167004734107
130,185,1.156314596137484
446,452,1.1563081644951951
91,425,1.1562118251629092
211,397,1.1561782528951754
257,448,1.1561441102656869
195,366,1.1560962396560186
176,429,1.1560838590449252
444,447,1.1559968862197907
183,264,1.1559611395488294
182,217,1.1559419864443474
397,456,1.1559404051157636
317,428,1.1559307310645293
12,454,1.155922050655102
316,330,1.155919084266417
19,313,1.1559137615793544
315,396,1.1558275554043511
181,248,1.1557947043641241
211,425,1.1557553147803845
114,318,1.155751362293003
3,178,1.1557342188372808
292,434,1.1556896815548214
140,180,1.1556767086226447
65,425,1.155666964376349
93,347,1.1556616964508901
111,317,1.1556294692570792
179,214,1.1555673278063208
55,290,1.1554936114995367
59,77,1.1554870858025996
111,436,1.1554610857190917
79,96,1.155459763611833
84,379,1.1554424376435397
59,195,1.1553974023311222
37,403,1.1553716381173473
156,444,1.155368749084793
261,265,1.1553619598144877
44,254,1.155320286184254
59,252,1.155315278886709
102,155,1.1553037399646184
213,401,1.1552724820800921
104,285,1.1552698875511263
163,396,1.1552482100878094
155,201,1.1552478649856206
113,460,1.1552026497089523
65,251,1.1552025757771933
175,442,1.155179219851409
187,318,1.155134611602054
72,162,1.1551336350527222
195,396,1.1551314779272266
198,378,1.1551314779272266
44,141,1.1550583496877331
220,448,1.1550443388263767
205,442,1.155040501143589
6,312,1.1550287377419612
214,431,1.1550126880076887
256,311,1.1549851218710443
84,98,1.1548889004592098
141,179,1.154882722559092
211,217,1.1548709698211728
431,436,1.154870408565035
414,462,1.1548605570666495
10,218,1.154859567238217
211,250,1.1548072543554162
285,337,1.1547998330334155
69,337,1.154782779563867
67,237,1.1547716964517214
131,451,1.1547339543027721
257,429,1.154716569085497
77,408,1.1547106300089272
391,445,1.1547103828590544
8,65,1.1547060099909459
142,320,1.1547023756853092
177,444,1.1546568957725316
108,214,1.1546490156820963
131,296,1.1545895983938053
91,456,1.1545788359739673
216,462,1.1545430033687032
120,232,1.1545077843417113
228,375,1.1544403046456149
180,425,1.154436607787438
130,313,1.1543721659884603
110,313,1.1543721659884598
232,302,1.1543527144233212
14,255,1.154324853281748
256,314,1.1542724791288264
69,112,1.154260164760127
130,288,1.1542571311504624
209,292,1.15425559228494
157,290,1.154174319576581
19,197,1.1541688096746807
136,380,1.1541239181411358
261,292,1.154088974508303
300,368,1.15408650929793
228,255,1.154086391010548
288,418,1.1540834193793945
235,323,1.1540612386015012
5,187,1.154059737730007
142,443,1.1540479343611862
191,208,1.1540429621330643
422,459,1.1540408803844284
10,380,1.1540132973030446
12,425,1.1539839470977988
2,166,1.1539566942153965
89,236,1.1539552018254673
77,411,1.1539359568247063
323,338,1.1539350180596546
112,195,1.1539106814950637
292,391,1.1538922381166545
209,436,1.1538887859383655
55,224,1.153842036960715
180,243,1.1538210099439123
102,119,1.1538034083168263
375,462,1.1537983817301138
191,198,1.1537395509650508
140,181,1.1536859533115267
429,436,1.1536826617016425
121,260,1.15367447222901
215,461,1.153668782553497
152,455,1.1536624542334843
200,380,1.1536239560257706
436,441,1.1536205460592643
170,441,1.153612390873402
288,312,1.15360523685458
171,314,1.1535596735947562
186,443,1.1535483742588386
132,135,1.1534972740437441
232,245,1.153490025916025
216,316,1.1534498537070323
193,206,1.1534333971094972
185,248,1.1533567674209246
178,212,1.1533414383188771
102,197,1.1533254313429235
102,236,1.1533254313429235
11,290,1.1533167330196417
131,150,1.1532827484918635
113,256,1.153246637319203
256,458,1.1532100993400514
419,460,1.1531925250335255
137,214,1.1531858749222859
161,177,1.1531606369774097
182,436,1.153155849073006
252,439,1.1531433798237034
139,311,1.1531415869836337
8,28,1.1531407482667202
44,176,1.153120790714208
69,202,1.1531063994816177
259,389,1.1530907207212748
177,190,1.1530883670850822
134,349,1.1530650720990057
271,415,1.1530474997077407
99,411,1.1530238513293827
72,447,1.1529880939477588
236,248,1.152961364492984
63,141,1.1529573293512292
214,379,1.1529191921901996
8,349,1.1529139139897666
70,220,1.152912657128076
248,255,1.1529115312234586
191,378,1.1528873028337254
119,265,1.1528624736581154
218,273,1.1528562655512087
112,318,1.152816147240646
296,429,1.1527744135750555
145,286,1.152738517547179
95,426,1.152736181487073
193,272,1.152726264846866
84,271,1.1527205019619957
70,147,1.1527181741181431
192,193,1.1526173283347212
63,441,1.1526129606568873
113,288,1.1525996622394867
180,447,1.1525969710993504
132,414,1.1525712231125391
237,271,1.15254875941716
113,380,1.1525307151079582
358,377,1.1525014992053597
140,161,1.1524876168548426
121,379,1.1524687926064547
179,337,1.1524603370173458
67,129,1.1524602622183953
135,288,1.1524447258554784
79,259,1.152441057106467
198,447,1.1523952808189784
251,317,1.152362672757894
135,177,1.1523621654819354
134,239,1.15231359279374
169,378,1.1523090419068087
110,120,1.1523058625019484
70,288,1.1522924388428835
190,236,1.1522746279208191
195,454,1.1522724483416478
129,208,1.1522694204522663
100,104,1.1522275568709452
149,456,1.1522262144129036
185,228,1.1522180690562538
63,115,1.152182150929256
336,437,1.152161717765894
177,273,1.152110501595349
232,234,1.1521046045862275
108,238,1.1521043549668677
172,368,1.1520505463363537
209,389,1.1520445768755538
263,428,1.152029410311371
349,462,1.1520193796948341
83,214,1.1520114008345732
181,190,1.1519742443262817
120,156,1.1519694894646766
10,120,1.1519293642144546
162,343,1.1519148050031842
97,141,1.1518841060047929
191,200,1.151881663854498
158,273,1.1518812907807063
243,264,1.1518555713445002
312,320,1.1518331537471722
125,252,1.1518327219472537
185,443,1.1518123467335197
168,183,1.1518059335651751
218,236,1.1518016991585103
171,188,1.151791449237056
74,93,1.1517374334224666
33,173,1.1517362662076154
300,316,1.1516965805494912
111,422,1.1516845806704266
181,431,1.1516482205603291
181,187,1.151648220560329
69,72,1.1516418451312143
79,379,1.1516115713372832
65,141,1.151607164442987
121,137,1.1515571135840437
97,165,1.1515542933571907
199,435,1.1515497151682355
176,284,1.1514830348872322
129,157,1.1514726212680453
150,254,1.1514436444823457
10,110,1.1514090785393856
162,337,1.1513935791696377
70,111,1.151374398943978
115,174,1.1513683280175206
216,452,1.1513678688131919
110,262,1.1513618469388247
65,99,1.151354082081307
11,187,1.151351768636429
292,461,1.1512420745598133
118,183,1.1512320286281255
425,441,1.15122599801332
216,456,1.1512109548478646
209,439,1.1511950821284187
112,115,1.1511370814931219
319,323,1.1511213033081478
257,315,1.1510932247371113
4,317,1.15100504902385
8,234,1.1509958808340968
136,461,1.1509922050005994
131,431,1.150985080161662
152,456,1.150983384791723
450,459,1.1509617253199111
175,229,1.150957514447213
183,257,1.1509172878823741
11,338,1.1509104843847113
222,232,1.1508642992871498
94,453,1.1508308490048822
84,175,1.1508157924306965
44,452,1.1507636202212879
104,300,1.1507595023457933
139,296,1.150736408875698
119,317,1.1507094345534805
323,418,1.1507087049128388
197,426,1.15067163388521
228,448,1.150663382888793
67,175,1.1506058649535469
165,185,1.150587512213201
96,286,1.1505807742877512
121,135,1.150575810558904
286,380,1.1505456922863808
6,234,1.150538149153489
110,155,1.1505266424291343
9,397,1.1504815980038872
142,238,1.1504727018895518
144,191,1.1504613688648055
208,257,1.1504544497481017
119,260,1.1504478901931703
97,288,1.1504434621261295
19,253,1.1504287118404397
259,397,1.1503589158945797
161,444,1.1503482643066991
67,379,1.1502687416453639
118,171,1.150230951521854
426,443,1.1502181648335625
233,284,1.1502116476603184
166,208,1.1501453604684184
285,319,1.1501137724264705
168,237,1.1500955037148302
271,366,1.150082659957752
154,220,1.1500728800403621
130,162,1.1500506843981253
254,349,1.150036861492584
148,441,1.1500186023404926
59,418,1.1500122607234597
156,285,1.149963336123455
132,396,1.1499472681251426
167,290,1.149933259813923
147,338,1.1499174450054936
49,94,1.1498816188306162
177,250,1.1498796167985812
97,444,1.1498757030727247
103,197,1.1498652854631186
197,442,1.1498615729442712
28,343,1.1498403802187123
181,256,1.14983425121551
167,436,1.1498127402360312
155,394,1.149812029035782
185,256,1.1497940145733418
168,290,1.1497739620290286
414,429,1.1496991288600562
208,323,1.1496853604928121
28,104,1.1496772386991618
165,265,1.149660304937421
358,452,1.1496494618173754
154,190,1.149597261505952
155,215,1.1495922238624763
131,156,1.1495840273766833
290,452,1.1495732994852348
135,236,1.1495306116808246
102,181,1.1495100053304685
239,323,1.1494490705538065
132,317,1.1493984508438229
84,113,1.1493956345970524
147,218,1.1493650556495225
121,161,1.1493631137917317
66,313,1.1493453980344985
173,439,1.1493415116192067
178,441,1.1493241093855435
148,330,1.1493120593178043
337,433,1.1492859856754312
206,438,1.1492783494617909
2,197,1.1492553971685
93,304,1.1492369388716528
286,379,1.1492364538477247
169,172,1.1492069527121147
169,254,1.1491929917053867
45,94,1.1491825391877548
112,314,1.1491762620688033
175,441,1.1491638860530613
138,213,1.1491615329216236
134,208,1.1491529646595393
100,183,1.1491489907545656
177,265,1.1491468457910934
236,265,1.1491445737852837
84,161,1.1490766599806135
286,315,1.1490638780351263
97,199,1.1490413041660186
220,265,1.1490013728749864
67,380,1.148990316179519
422,447,1.1489745303288035
118,208,1.1489744573513423
360,378,1.1489338690728115
175,330,1.1489333200986827
149,224,1.1489253100773413
108,192,1.1489240449471578
195,291,1.1489104951324973
11,216,1.1488929834767523
8,439,1.1488388029344698
69,290,1.1487655161849775
218,237,1.1487590101877312
185,273,1.1487284658135963
108,445,1.1486778623056515
190,316,1.1486733176664672
420,428,1.1486299563454585
236,411,1.1486152816799704
155,397,1.1486130568560022
199,216,1.148589588209442
19,232,1.1485812390399224
188,212,1.1485771746699647
176,257,1.1485555964815184
194,396,1.1485512180454707
60,459,1.1485420319276274
197,331,1.1485101694383897
191,450,1.1484963719480286
8,215,1.148465689887817
183,438,1.1484537903263285
257,379,1.1484482555493045
108,201,1.1484400641830215
63,343,1.148416800179097
158,243,1.1484127197508562
182,439,1.148401561007326
108,181,1.1483795988963996
161,448,1.1483723636189798
95,327,1.1483615938548293
95,223,1.148356877307014
253,439,1.1483532627702913
169,296,1.1483318417948232
40,326,1.1482041221279835
44,337,1.1481963605431547
272,375,1.1481629292390934
228,236,1.1481278109566069
186,243,1.1480650266400425
148,198,1.1480258936623426
216,429,1.148009153502623
99,103,1.1479771287723592
112,269,1.1479615364744875
113,211,1.147939766438202
183,256,1.1478929534945825
238,418,1.1478870828640697
176,455,1.1478637739547615
93,410,1.1478525731244182
152,461,1.1478245264827538
135,138,1.147821411781366
257,290,1.147787221613597
132,426,1.1477519399044744
89,120,1.1477463331273698
173,336,1.1477303048050806
149,403,1.147690426064973
151,253,1.1476849313091195
95,143,1.1476804813721093
66,111,1.147631617453253
95,233,1.1476235495987461
177,414,1.1476084879057786
426,455,1.147608263558462
235,260,1.147603816942784
8,331,1.14760328562151
6,102,1.1475859896374032
96,343,1.147541740710801
127,178,1.1475295815343731
152,429,1.1475170554424141
176,224,1.1475106738675172
55,330,1.1475073469598591
253,426,1.147502968476336
379,397,1.1474805076678434
80,431,1.1474572631408342
5,91,1.1474384250913543
256,261,1.1474151626156461
176,393,1.1473970421358148
140,292,1.1473923736005482
37,431,1.1473867816049674
168,444,1.1473354471185426
263,316,1.147304834188937
127,175,1.1472660315416063
317,443,1.147240109038731
104,422,1.1472363601590299
239,455,1.1472021409884514
19,209,1.1471936575660764
131,422,1.1471463945991363
130,253,1.1471294053824035
106,195,1.1470502855823683
102,380,1.147048892792946
264,375,1.1470406291155901
222,460,1.1470336467564004
286,437,1.1470284676843792
111,120,1.1470253968298179
127,313,1.14701569352509
218,316,1.147012161058639
183,443,1.1469434165563803
127,425,1.1469258421617112
14,292,1.1469241357955433
67,425,1.1468925387928737
83,437,1.1468618344462702
391,448,1.1468616370682525
163,245,1.1468540280789787
141,375,1.1468524893295973
212,447,1.1468477547680602
12,201,1.146836740037602
77,260,1.1468360838274705
70,232,1.146833091519686
284,358,1.1468323709849262
149,315,1.1468228661804856
199,422,1.14680495225919
37,183,1.1467933721781431
111,243,1.146780999805162
14,176,1.1467742199201747
180,456,1.1466985077983796
190,213,1.1466921433215491
338,438,1.1466751831810396
135,262,1.1466243455754357
95,298,1.1466207215126676
11,190,1.1465981876462705
254,260,1.1465725222602958
44,192,1.146556953793534
119,263,1.1465475835834997
44,69,1.1465474106710618
158,320,1.146546048109449
121,312,1.1465423148795637
165,292,1.146529286893033
144,206,1.1465185217970606
200,239,1.1465104299295905
215,224,1.1464693903344612
7,120,1.1463506054420336
216,292,1.1463411231800613
264,326,1.1463229718159422
97,264,1.1463111008490838
84,318,1.1462962852343728
72,427,1.1462906841339764
222,425,1.146286528925546
269,441,1.1462411775115204
193,311,1.1462145283642609
9,108,1.1461693489624416
185,343,1.1461681699979747
121,220,1.1461649331514352
218,290,1.1461056791859066
79,319,1.1459660203165483
149,211,1.1459451925096629
140,323,1.1459439972354108
9,302,1.1459133024157897
308,313,1.1459003774741285
199,420,1.145879327556725
205,418,1.1458781903826503
164,250,1.145857091575622
151,393,1.145816126016268
139,216,1.1458137279532825
104,174,1.1457983405424863
63,272,1.1457852484736961
191,260,1.1457450953541297
110,154,1.1457281513289925
265,461,1.145722872228398
41,194,1.1457225899625543
434,437,1.1456976670215566
129,180,1.1456625803213536
150,318,1.1456599053344962
193,459,1.1456561819803008
7,308,1.145650770710576
261,431,1.1456419692818458
80,452,1.1456386359291566
12,179,1.1455798283672916
99,439,1.1455761918232632
177,215,1.145559203750269
273,314,1.1455316857370441
292,444,1.1455274536441882
208,212,1.145468221959613
176,458,1.1454570619527416
137,186,1.1454550184155088
248,257,1.145430165348992
196,454,1.1454110011250713
315,420,1.1454048536546773
214,317,1.145392831780865
285,429,1.1453623915503601
215,271,1.1453556577665958
206,411,1.1453388180767337
391,415,1.1453317837965666
111,116,1.1453292614603203
114,238,1.1453163822152437
104,237,1.1452894095180208
37,178,1.145284576477238
70,343,1.1452729041644663
161,208,1.1452627744566324
182,312,1.1452615701976476
204,260,1.1452354624788326
19,196,1.145227031232448
272,391,1.1451828676078148
250,429,1.1451738359931873
140,151,1.1451617057573205
202,320,1.1451386327191129
37,89,1.1451330352338027
250,435,1.1451303504160795
131,285,1.1450596036202976
218,380,1.1450588694399468
311,319,1.1450449371470535
97,212,1.1450445268387346
136,159,1.145020682668717
393,450,1.144999454699732
158,431,1.1449748021378992
162,312,1.14497109797432
336,435,1.1449442187512506
77,441,1.1449319643920406
237,425,1.1449207130690067
134,202,1.144916103765281
239,438,1.144899856681246
434,456,1.1448988552272215
94,331,1.144894961910354
235,428,1.1448386610735575
139,183,1.144836824693313
170,312,1.1448040721689756
97,140,1.144787156568411
131,228,1.1447679185642123
192,258,1.144722951232413
320,422,1.144694734163533
220,222,1.1446706614125235
236,450,1.144578577365218
239,443,1.1445740426823057
63,214,1.1445690292682487
44,210,1.1445659958291385
98,286,1.1445613961257788
201,271,1.1445592550255266
214,394,1.1445529134084935
260,313,1.1445367108573923
191,248,1.1445263229190288
97,156,1.1445254283449924
172,188,1.1445244568987105
206,243,1.1444939608565023
83,104,1.1444561818300865
222,264,1.1444558555346616
116,147,1.144451788518612
172,197,1.1444304405599237
99,326,1.1443396512013098
253,391,1.1443109327712135
178,216,1.1442813600487718
164,216,1.1442712801449506
380,406,1.1442544607458327
224,317,1.1442405171464174
55,428,1.1442195361007386
155,415,1.1441762931453707
292,393,1.1441708633326115
189,256,1.1441413018876403
115,218,1.1441253655139703
189,288,1.1441033281190331
269,431,1.1440079995061312
185,431,1.144005156222256
252,406,1.143972785984151
110,271,1.1439507844246406
206,217,1.1439496440396677
98,185,1.1439472164946292
237,427,1.1439121220929493
243,403,1.1439079813311868
205,317,1.143763403892675
13,436,1.143761087403253
108,296,1.1436821455840558
10,217,1.1436675409922878
218,450,1.1436632073940272
157,256,1.1436574358340683
67,455,1.143627692352318
171,257,1.1435662672751943
136,272,1.1435569736488786
116,460,1.1435519799789446
132,314,1.1435449719083854
67,111,1.143529978878825
162,296,1.1435226196215351
60,284,1.1435114700075728
206,414,1.1434903227357411
137,192,1.1434362851767803
318,423,1.1434012428885463
157,422,1.1433474428343207
121,130,1.1433340497364444
205,336,1.14330906926406
33,196,1.1432986361966018
145,220,1.1432897456710622
151,236,1.1432462836225352
156,312,1.1432410952279142
37,236,1.1432236020426345
147,311,1.1432223065567235
235,447,1.1432193531558827
147,183,1.1432013014241231
65,420,1.1432004346922924
163,201,1.1431754020496419
37,462,1.1431463545969562
168,296,1.1431392247449699
144,173,1.1431351374893897
132,445,1.1431061979553234
177,437,1.1429810895916608
37,204,1.1429462870585994
191,320,1.1429184555793626
169,189,1.1428511285984833
60,213,1.1428390276231686
256,427,1.1428260123338299
83,118,1.1428120614066501
97,195,1.1428021973976787
67,132,1.14276399400716
237,437,1.1427632291597993
144,194,1.1427112894764901
120,168,1.1427055449187673
3,44,1.1427024574056408
206,338,1.142572520129921
260,263,1.1425714917143461
95,439,1.1425686528150585
371,378,1.1425423910386439
67,108,1.142525086776418
4,289,1.1425100403553539
28,272,1.142475880803549
63,428,1.1424751098968553
141,218,1.1424670004702029
154,389,1.142462294917214
79,323,1.1424534421140615
199,441,1.1424534146440146
137,320,1.1424178198885955
177,188,1.1423980231518525
60,148,1.1423918444078753
380,411,1.1423490171705668
313,435,1.1423352446383397
149,393,1.1422316387091105
425,448,1.1420435650580913
343,391,1.1420153991493323
67,159,1.1420148332969198
97,175,1.1420009978736627
98,136,1.1419919035715123
176,290,1.1419848431142348
2,159,1.1419596712359186
19,292,1.141915533971494
94,433,1.1418645768192703
7,290,1.1418435617368834
156,200,1.1418355190923781
6,55,1.14182866773346
194,218,1.141816293820997
216,438,1.1418027340828791
411,443,1.1417630580744726
312,437,1.1417537938210462
110,131,1.1416909039000003
315,418,1.1416865307145145
136,143,1.1416678040966721
177,261,1.1416590925529495
300,429,1.141647982515892
195,219,1.141635129760473
212,461,1.1415927112155733
13,431,1.141580944208018
65,284,1.1415437422436043
292,358,1.1415289563724238
14,150,1.1415111260536372
148,434,1.1415095712763093
80,159,1.141493988295749
29,167,1.141465593288221
232,292,1.1414631001178588
159,179,1.1414548179828112
108,431,1.141444586008297
112,211,1.1413829702584486
134,178,1.1413791402663467
212,272,1.1413730705214409
44,461,1.1413534877432874
55,236,1.141347564258543
137,256,1.1413309249106793
168,458,1.141327164328129
135,311,1.1412995499565868
145,337,1.1412700236460869
140,445,1.1412390196207236
232,391,1.141233320375919
290,385,1.1412290042446602
137,428,1.1411852299396898
236,239,1.1411799674410026
213,402,1.1411665886005222
25,456,1.141150336107529
250,458,1.1411075698253106
115,458,1.1410955764695856
10,63,1.1410787869879917
213,394,1.1410443860466566
142,285,1.1410308040942432
63,261,1.1409957714025392
164,435,1.1409895062835913
77,201,1.140974392523243
140,336,1.1409466401318051
69,189,1.140937141465656
131,135,1.1409173890950928
4,371,1.1408737488202756
259,411,1.1408502669916516
194,358,1.1408383774420223
97,459,1.1407925377640156
397,403,1.1407921209633136
10,312,1.1407905590304326
337,436,1.1407812933774104
234,320,1.1407292229889867
157,286,1.1406745586181197
65,95,1.1406604617374818
118,372,1.140611885912115
131,319,1.1405926080419029
319,450,1.1405862183191866
33,285,1.1405641053163789
102,173,1.140535024125108
40,170,1.1405049461899484
100,443,1.1404703343879548
55,443,1.1404510356049629
155,423,1.1404327175711781
393,418,1.140392117011525
414,425,1.1403913963019425
80,156,1.1403359430257711
337,426,1.1403127064214815
250,257,1.1402801733457677
261,445,1.1402564498985617
162,228,1.1402496968144766
14,169,1.1402483548662758
232,451,1.1402279439548435
378,403,1.14021895098095
174,428,1.140212316847377
391,436,1.1401933989951951
66,437,1.1401325014612664
453,456,1.1400992086759048
217,403,1.1400827574236236
218,442,1.1400639059732791
10,300,1.1400597178748164
96,151,1.1400596383365929
72,139,1.139993538059272
288,462,1.1399812490156638
162,358,1.1399413894020443
72,337,1.1399353486329395
180,378,1.1399209465890674
113,142,1.1398661654783397
145,436,1.1398414454021748
3,181,1.1398057046753656
184,195,1.1397740640888392
435,442,1.139761716975675
139,442,1.139713406880533
112,159,1.13969498139556
164,450,1.1396517558808925
55,435,1.1396500247181913
28,202,1.1396457174800454
120,456,1.1396224762411444
3,292,1.139603247227137
147,439,1.139580530291444
183,455,1.1395772413774041
13,202,1.1395762200671953
12,234,1.1395374417765183
368,383,1.1395052778547134
63,113,1.1394947180289874
237,314,1.1394250050323764
336,427,1.1393758628397186
273,296,1.1393723507322318
237,290,1.1393232105298308
12,411,1.139314003094286
145,414,1.1393014761728562
191,425,1.1392819795117624
118,138,1.1392337864365136
211,312,1.1391920439797494
69,284,1.139176779783111
120,175,1.1391256367614848
169,403,1.1391249321458874
192,232,1.139095467536439
41,323,1.1390111156051712
232,343,1.1389831429201678
127,224,1.1389271844442113
134,212,1.1389005175953277
13,435,1.1388962033197605
63,120,1.1388958963680178
232,349,1.1388894546571364
178,311,1.1388795238449685
63,379,1.1388075847859793
378,385,1.1387080929388316
144,393,1.138688048237741
114,460,1.138680934746313
150,238,1.1386665348952236
168,439,1.1386562679956964
29,182,1.1386452354011372
13,269,1.1386383558206716
198,323,1.1386374966032735
284,443,1.1386013879728876
181,314,1.1385566992659326
69,315,1.138540307060847
108,337,1.1385160343355785
161,243,1.1385119671168857
285,323,1.1384911579460018
69,178,1.1384851404649379
8,300,1.1384739017695256
200,447,1.1384597265286431
139,257,1.1384303855522804
202,269,1.138417406478268
113,428,1.138394424250225
69,159,1.138366241275449
428,434,1.1383571858966866
248,261,1.1383467391983475
251,336,1.138323814087751
135,436,1.138290407772368
121,186,1.1382697622214308
120,159,1.1382411478245986
37,139,1.1382125954662397
149,288,1.1381904525085407
94,144,1.1381562040975814
210,248,1.1381348813362888
98,420,1.138115207703791
349,378,1.1381039559615147
238,317,1.1380766279627659
183,199,1.1380758042990191
13,235,1.1380285019594827
188,211,1.1380151411785617
7,129,1.1379719339800811
147,415,1.1379612067890916
175,184,1.1379539087480308
313,411,1.1379177809928789
189,418,1.1378978666453048
69,132,1.1378969465877264
135,185,1.137891531829176
7,451,1.1378693966172102
288,319,1.1378532094466114
256,337,1.137829847574406
131,200,1.1378043873911672
3,455,1.137783735268468
102,148,1.1377801154776517
284,298,1.137756131570286
441,458,1.137720233059159
173,217,1.1377139985072682
135,323,1.1377037685906493
198,253,1.1376922128422529
311,323,1.1376630930197107
195,344,1.1376071969192962
185,204,1.1375820707390687
185,375,1.1375681164857072
196,389,1.1375625635929294
135,256,1.1375543611414343
77,415,1.1375503543197596
121,174,1.1375082742132419
25,273,1.1374583392952302
40,175,1.137429895179117
111,248,1.1374298642326488
158,311,1.1374208407887407
168,187,1.1374154451833933
79,178,1.1374134774391085
166,314,1.1374029512188943
143,156,1.1373810479116675
121,139,1.137337487740409
211,366,1.1373206836159704
130,452,1.1373135466298654
150,292,1.13726867994694
195,218,1.1372548405319034
311,358,1.1372522731206307
136,431,1.1372448692361847
14,431,1.1372363737727613
97,210,1.137215020967556
144,224,1.1372140115846363
12,422,1.1371864775089413
252,436,1.137148311831169
167,349,1.1371424371775476
176,380,1.137140272498843
254,285,1.13713235258764
102,243,1.1371026935985418
157,349,1.1370949286315382
158,379,1.1370872567630959
193,236,1.1370552892299444
212,337,1.1370545228972524
94,423,1.137050188910864
189,427,1.1369863469605752
292,338,1.1369567484858547
96,290,1.1369291434309445
206,451,1.1368953008638216
63,260,1.1368923145701273
170,300,1.1368487283093718
378,454,1.1367980380653957
112,166,1.1367849590702963
161,216,1.1367727939475922
96,200,1.1367055963105612
164,317,1.1365806942713919
14,66,1.1365736050208421
173,290,1.1365682602678848
121,217,1.1365399717838234
182,336,1.136518874880394
100,218,1.1365168807178587
285,314,1.1365103472732023
209,426,1.1365047899958314
155,389,1.136460471360822
205,218,1.1364013696687958
284,441,1.1363886667188137
91,455,1.1363238388768602
257,437,1.1363004888971784
83,196,1.1362768245058825
330,427,1.1362517478283636
104,183,1.1362485240178102
108,261,1.1362408185479496
219,375,1.1362151947445067
95,372,1.1361979582361303
141,442,1.136178285221775
108,164,1.1361750199899
156,427,1.136147302561438
145,250,1.1361370440220624
11,336,1.1361243191435817
161,431,1.1361235201903062
148,439,1.1360874370824514
157,218,1.1360867996199155
11,451,1.1360770146519448
131,181,1.1360761719325834
189,204,1.1360751969225111
228,437,1.1360470974227699
200,368,1.1360470974227697
218,438,1.1360370563936133
137,216,1.1360335637323742
113,238,1.1360280104069542
9,402,1.1360020197150436
69,156,1.1359971722812576
175,349,1.135978120176797
44,232,1.1359442609552886
273,288,1.1359070929841446
188,237,1.1358332240580677
183,378,1.135793288193531
99,445,1.1357920520159834
287,460,1.1357192753104328
224,418,1.1357025690095999
142,338,1.135680426972558
181,448,1.135675168102971
78,160,1.1356705759120194
159,285,1.1356511847839865
110,159,1.1356462918969519
83,147,1.1356264370822524
269,427,1.1356218449069824
260,425,1.1356166223396065
313,383,1.1356102197695492
5,410,1.1356070612749205
142,156,1.1355972486670491
136,311,1.1355860490896423
113,120,1.135576859989918
169,208,1.1355756935708736
163,233,1.1355615208384642
206,265,1.1355613473198747
5,349,1.1355577153886458
93,402,1.1355558757060213
148,312,1.135475297227334
3,67,1.1354691570346656
151,212,1.1354310279313111
10,172,1.1353519992698264
255,314,1.1353297722448366
80,445,1.1353235712879606
186,248,1.1353085856905338
134,173,1.135296056328624
79,140,1.1352682257537152
70,154,1.1352572933418286
254,300,1.135244432636256
255,393,1.1352355550499986
83,232,1.1352320173928565
139,243,1.1352285562710156
60,176,1.1352088576130948
5,226,1.1352078827771543
55,121,1.1351820445486154
9,451,1.1351772679029644
129,391,1.1351538821032672
216,315,1.1350898841728119
205,436,1.1350302794882086
89,193,1.1350236452504323
217,316,1.1349955590738945
97,100,1.1349570264250564
5,447,1.1349526704318011
208,459,1.134951610650205
120,234,1.1349373854369913
195,220,1.134935340654408
83,452,1.1349134010323498
165,442,1.1349096993107965
84,178,1.1349007785123677
211,389,1.1348317279924804
72,134,1.1348099028476641
180,422,1.1348030549154569
96,422,1.134782726932837
121,237,1.1347819375420967
113,461,1.134732137964148
236,237,1.1347152403546814
80,264,1.1346706677963407
6,273,1.1346692352590317
93,364,1.1346653150501365
138,157,1.1346553117237093
142,438,1.1346099071295004
158,455,1.1346037699982678
174,201,1.1345476518889552
336,375,1.1345104915636888
80,118,1.134491612586109
202,427,1.1344828519306542
302,318,1.1344676406133347
28,438,1.1344605769568104
235,461,1.134454322216307
95,248,1.1343847866691472
13,174,1.1342765185906671
181,260,1.1342722363354614
326,460,1.1342289640685626
183,288,1.1342011937891323
250,425,1.1341603258646928
224,263,1.1341457111419575
228,455,1.1341361993504129
129,168,1.1340921901644276
296,425,1.1340824056649206
29,168,1.1340412004091098
130,166,1.1339935092070745
162,432,1.1339862685687243
245,271,1.133902608255981
199,320,1.1338534543827128
99,228,1.1338358973681917
11,112,1.133828629031177
162,208,1.1338054820049577
176,320,1.1338036512013605
147,233,1.1337892394386402
4,187,1.1337756156114949
77,149,1.1337563997659068
174,292,1.1337516766862172
194,434,1.1337216190208024
100,158,1.1337066278542727
192,228,1.1336987338468387
165,422,1.1336974572571734
162,218,1.1336750820229273
285,459,1.133660447676041
427,450,1.1336562857614478
261,422,1.133592401413458
93,144,1.1335681581652275
70,252,1.133525853914077
108,142,1.1334343444748103
170,201,1.1334272403893457
5,184,1.1334088018877921
135,455,1.1333953203212894
192,248,1.133347583924065
163,418,1.1332634232711272
99,190,1.133248959644505
161,220,1.1332178208175823
79,378,1.1331927145115963
132,273,1.1331173763414248
320,393,1.1331055251184496
141,171,1.1330992154209718
157,397,1.1330779682840713
80,189,1.1330638148139724
265,447,1.1330575981179103
95,385,1.133025915357593
120,216,1.1330083952530303
210,290,1.1329947475169617
121,202,1.132926216300174
130,134,1.1329256486946477
149,214,1.1328504236723942
165,179,1.132833456671025
11,317,1.1328274377663983
208,437,1.1327953242268516
89,216,1.132766087148412
6,250,1.132764662257932
66,77,1.1327385575822244
200,452,1.1327301817110267
211,454,1.1327248866179613
196,258,1.1326966422445048
215,368,1.1326939854457037
218,319,1.1326902838389181
288,455,1.1326673699137182
180,237,1.1326530802410129
119,311,1.1326305584751664
106,313,1.1325990907892913
132,444,1.1325806215094592
139,343,1.132578254904864
286,296,1.1325743992029156
5,375,1.1325232724503873
173,228,1.1325191571855397
9,207,1.132496703379444
138,161,1.132489380155686
6,140,1.1324673336069129
193,393,1.132464622495566
150,236,1.1324643401834176
216,455,1.1324489309348245
129,460,1.1324428413795904
201,428,1.1324331248468154
212,248,1.1324177490079925
44,257,1.1323954327671615
129,139,1.1322898898742166
209,234,1.1322574310577915
254,422,1.132244618191361
323,391,1.1322414936853613
104,168,1.1322318446928201
208,234,1.1321280695668425
186,198,1.1321030772017542
9,66,1.1320542016830628
108,150,1.1320367287237545
209,418,1.1320201615480125
69,443,1.1319918007038992
5,422,1.1319840221111526
393,435,1.1319810510872885
14,59,1.131907750832048
256,380,1.1318774976881965
253,445,1.1318762435492122
336,393,1.1318691579876625
186,438,1.131849437785202
120,141,1.1318279889204743
161,311,1.1317844716331618
256,461,1.131760824710002
84,195,1.131745119947167
144,460,1.1317191462163159
197,234,1.13171795023125
111,420,1.131716742800532
67,206,1.1316753560887827
143,315,1.1316201466221774
159,290,1.1316167374562405
178,290,1.1316099903439762
102,121,1.1315745220114124
152,174,1.1315285230097376
349,447,1.1315282983503112
175,450,1.1315134115135097
9,29,1.1315054781296314
177,379,1.1314815329242076
239,380,1.1314525245599303
422,441,1.1313799892986096
158,171,1.131370468500684
312,460,1.131359498297159
254,308,1.1313210959875046
161,256,1.1312765102528237
113,167,1.1312691651949938
138,403,1.1312617952654322
28,456,1.1312516595403859
89,171,1.1312496003250083
118,149,1.1312272077410548
396,429,1.1312191619095877
202,445,1.131200194446874
155,411,1.1311449403023355
98,216,1.1311322667959778
411,452,1.1311273145472391
256,323,1.1310918251053255
143,196,1.13109063577755
337,415,1.1310749717567685
435,439,1.131072254306838
394,452,1.131065376708683
59,456,1.1310051143714857
147,174,1.1310021596513207
94,406,1.130937627711166
292,312,1.130882515414735
188,380,1.1308457578046343
284,366,1.130838902269653
179,349,1.130797089564471
7,446,1.1307841757524955
148,308,1.130746300307803
108,311,1.1307370827809218
175,436,1.1307270419368414
131,165,1.1306895299756405
251,436,1.130683246736941
120,157,1.1306551557517823
264,300,1.1306510325191323
44,175,1.1306462316023125
63,181,1.130593347032285
251,366,1.1305732642030455
188,197,1.1305727767611737
137,156,1.1305499643370767
257,260,1.1305396521896671
172,192,1.130396031291657
200,438,1.130372140403328
9,330,1.1303494290789093
135,261,1.1302931754667
251,434,1.130268010902656
3,155,1.1302554736343273
237,323,1.130241618573303
311,393,1.1302391773109692
218,315,1.13022996704825
152,312,1.130221565423674
149,195,1.1302198099862233
142,428,1.1302192736419066
37,181,1.130202623713703
108,136,1.130199082794559
77,234,1.1301837055798258
138,232,1.1301670501683858
403,442,1.1301639379896238
399,460,1.1301343189065018
196,302,1.130098969034008
159,273,1.1300951532024495
4,48,1.130058817165067
108,174,1.1300348810380412
396,437,1.1300317076479869
44,236,1.130029570739393
65,272,1.1300186505598893
139,269,1.130007732257353
77,110,1.130006088689147
29,164,1.129994642852393
65,210,1.1299724788968117
222,313,1.1299597866143187
218,251,1.129949853015486
166,445,1.1299359897138752
37,251,1.1299318219580357
391,431,1.1299283798620403
185,418,1.129925862839121
148,296,1.129889006576062
181,264,1.1298711582314716
40,197,1.1298532472225138
248,368,1.1298120972739174
80,292,1.1297003942570658
402,460,1.1296739576949424
28,460,1.1296656144672286
72,159,1.1296461121138242
137,165,1.1296419216500337
79,158,1.1296305673037448
127,253,1.1296300645750454
67,251,1.1296040073315519
181,265,1.129582792590949
208,288,1.1295666406820313
368,371,1.1295466781613626
284,338,1.1295217823903774
318,402,1.1294670780203382
118,336,1.1294586740093184
7,233,1.1294333897347744
113,194,1.1294209756085245
102,141,1.12935771494954
192,450,1.1293480309140715
159,439,1.1292915906286534
237,272,1.1292705267894896
37,177,1.129257786925914
183,197,1.129236690909828
69,108,1.129216781435055
139,422,1.1291831756036301
89,192,1.1291758993806176
150,319,1.1291350794772848
215,313,1.1291222695144072
37,120,1.129067514895891
169,445,1.1289616877539586
119,135,1.1289616131886249
140,338,1.128955301641996
250,428,1.1288426992203795
127,427,1.1288115474816338
9,113,1.1288034394057984
272,312,1.1287984543327465
37,175,1.128748260701208
216,459,1.1287259092696305
12,300,1.128724404650502
10,445,1.1287017073589187
60,462,1.1286855489759415
257,456,1.128676695740046
37,145,1.1286601238245801
129,169,1.1286142795727783
65,259,1.1285879736740294
132,179,1.1285593589794216
143,213,1.1285480577983864
96,425,1.128454494779177
159,375,1.1284183191656596
214,448,1.1284053126413969
168,248,1.1283920690298832
72,257,1.128383651294567
202,414,1.1283798059668486
141,273,1.1283798059668484
238,300,1.1283648502383192
250,323,1.1283587284041394
269,270,1.1283558272977525
316,422,1.128347259568681
97,191,1.1283412992785387
264,336,1.1283338910682579
220,447,1.128331276579173
264,291,1.1283104600419656
115,198,1.128296606768168
206,375,1.1282865947443246
112,210,1.1281692349160775
59,160,1.128135018104802
13,70,1.1281343762915923
213,338,1.1281208852938651
254,444,1.1281178282721334
174,238,1.1280976148112327
238,451,1.1280474360331556
12,290,1.1280378548443575
146,155,1.1280314318915394
114,209,1.1279540312527068
191,336,1.1279176312852914
256,265,1.1278985439376268
80,166,1.1278273210847274
80,209,1.127797162837391
115,152,1.1277951101092858
156,179,1.1277704876487598
152,437,1.1277667792614403
147,401,1.1277547296932362
363,456,1.1277277745619108
256,263,1.1276555076653343
144,197,1.1276487371979351
173,188,1.1276345709503697
195,372,1.1276254020238483
3,119,1.1276114050219357
189,425,1.1276092606489365
224,300,1.1275924716913368
176,218,1.1275635854963526
196,442,1.1275585836715079
121,349,1.1275398689427678
159,429,1.1275256401260283
70,459,1.1275193543085584
164,204,1.1274979719880098
131,415,1.1274858562916312
19,462,1.1274769672593654
116,155,1.127451316702905
127,197,1.1273626367251601
77,79,1.1273584536621266
218,462,1.127347230288525
121,375,1.1272735455299947
145,422,1.1272652372935072
9,394,1.1272458241359429
108,170,1.1272429385000622
312,459,1.1272395723876458
319,443,1.127239097860657
212,448,1.1272315333672391
140,427,1.127224490546606
72,393,1.1272188865882722
182,258,1.1272161299608936
135,380,1.1272132025255284
194,208,1.1271727042531772
159,343,1.1271501273618838
256,456,1.1271197104652473
141,338,1.1270942678355549
208,261,1.127087321669203
182,435,1.1270398037774205
3,173,1.1270170201063308
79,264,1.1269953859771218
4,418,1.1269790471552188
115,288,1.126970641140157
44,156,1.1269392837961376
232,396,1.1269353559195971
285,448,1.1269052710578866
263,448,1.126894409112561
164,296,1.1268910878910805
65,121,1.1268702992977138
135,204,1.1268472951320547
152,323,1.1268016949818886
197,441,1.1267844134719798
131,343,1.1267706007315617
170,250,1.1267619086517924
111,435,1.1267610784844488
13,188,1.1267178991493967
150,176,1.1267001548613556
108,158,1.1266661664682092
20,318,1.1266614718827492
399,425,1.1266460488741201
170,215,1.126635936386422
158,447,1.1266012555111051
80,428,1.1265888674519857
375,411,1.126574382116219
134,260,1.1265597331974275
63,323,1.1265462387038319
83,211,1.1265443664470802
263,272,1.1265106148853976
72,168,1.1264786314262825
211,420,1.1264591405248798
103,204,1.126448746383631
77,248,1.1264302299066713
228,253,1.1263637655991063
165,172,1.1262962081903924
204,431,1.1262811249496743
426,447,1.1262738813908764
151,271,1.12626380910855
129,443,1.126250558988891
110,141,1.1262504649474063
8,457,1.1262499146491933
255,378,1.1262130963964487
13,396,1.1262092596010373
261,391,1.1261913846421245
137,442,1.1261786638884839
406,443,1.1261727148605982
151,254,1.1261362557944419
37,77,1.12610974757405
72,170,1.1260999055872034
165,418,1.1260346919955182
13,129,1.1259795655595675
160,394,1.1259719412144775
70,155,1.1259475954822227
151,199,1.1258675579235409
108,447,1.1258361211511896
116,118,1.1257599193840044
13,445,1.1257459461966086
63,191,1.1257292757365527
195,290,1.1257154020511044
186,239,1.125706588599892
318,449,1.125701152080195
285,445,1.125657669727179
316,418,1.1256503415635124
37,60,1.1256428263588234
96,110,1.125567726510378
144,316,1.1255561024422744
121,429,1.125545503529527
70,159,1.1255111560358066
127,182,1.125483036892792
160,334,1.125455330017861
44,202,1.1254108432019432
171,239,1.1253967365827438
137,446,1.1253895766892945
213,411,1.1253587999968002
177,448,1.1253409492284525
204,375,1.125340738097376
63,444,1.1253300407240654
168,288,1.1253176782287408
264,327,1.1253161763514425
338,437,1.1253052198530393
181,450,1.1252821512483406
3,443,1.125194421845888
98,426,1.1251861992980423
89,265,1.1251419746642246
183,204,1.1251078632017704
95,419,1.1250945704498727
13,375,1.1250808791277165
312,455,1.125021619156325
234,256,1.1250007889762432
217,319,1.124989737817043
115,418,1.1249819725963657
197,389,1.1249482832980933
343,366,1.1249206459518335
349,393,1.124909194517824
189,379,1.1248884270439832
378,448,1.1248618295135704
368,422,1.1248595113139364
211,234,1.1248003930846562
149,445,1.1247793988829027
138,159,1.1247461420596863
228,319,1.1247444530486324
106,209,1.1246948288841647
148,415,1.1246526432626531
182,248,1.124650946739975
166,250,1.124626233799637
216,437,1.1245922260538266
442,458,1.1245704149851952
130,251,1.124558404824442
245,257,1.124538704677431
285,292,1.1245344021420531
156,366,1.124515746054494
72,251,1.1244604060973513
63,65,1.1244436673500893
186,462,1.1244420352688178
273,444,1.1244333724283688
94,351,1.1244211897137442
147,426,1.1243909650628368
311,448,1.1243652040431977
174,248,1.124339360654812
316,366,1.1243379877211597
210,406,1.1243156937267247
269,290,1.124287767281258
95,312,1.1242607331077754
151,181,1.1242581740786788
112,161,1.1242570681650468
290,420,1.1242392819883336
173,198,1.1242222964731239
143,236,1.1241943889588486
183,414,1.1241716587413995
439,462,1.1241714669239182
164,208,1.1241606792508219
129,130,1.1241487059390667
164,228,1.1241455325490126
379,435,1.1241377517998385
155,330,1.1241358973052629
139,185,1.1241186348761059
180,445,1.1241185402594496
13,100,1.1241185189150709
44,378,1.1241089564210593
145,146,1.1240777995870719
19,147,1.1240732098211859
89,137,1.124064764370547
3,211,1.1240447810894398
179,212,1.1240133125999188
84,140,1.1238938199446609
313,426,1.1238520107813164
150,152,1.1238345740409765
201,259,1.12382683396462
153,160,1.1238108065945882
159,169,1.1237429033720328
195,358,1.1237058722318236
189,216,1.1236843018098868
160,287,1.1236794862476687
420,445,1.1236760747204069
72,459,1.1236527048701703
205,273,1.1236442186390563
175,314,1.1236330134249592
186,441,1.1235831936361262
181,435,1.1235670683896386
424,425,1.1235597843200391
202,441,1.1235272881217189
89,323,1.1234929783777292
131,445,1.1234745915578486
116,290,1.1234591584334435
119,439,1.123449320385608
291,292,1.1233483397224213
100,190,1.1233330803552448
138,251,1.1233076419461556
13,28,1.123242796473104
130,262,1.1232420867495816
208,428,1.1232373039106855
142,263,1.1231761108929152
3,158,1.123122225769336
183,273,1.1230663173327688
208,264,1.1230654332240932
137,312,1.123038878619515
142,158,1.1230306924848135
163,358,1.1230228277353376
55,158,1.123022233709925
28,461,1.1230130389780988
152,239,1.1229503231676876
112,188,1.122944914909437
251,422,1.1229054424805864
104,169,1.1228831985272412
7,419,1.1228011073295114
338,379,1.1227827408744595
232,435,1.1227820479774997
248,403,1.1227780009469097
9,233,1.122776193451756
372,460,1.1227458580302694
389,460,1.1227448491266048
63,418,1.1226779025628695
243,437,1.1226713748459796
110,251,1.1226623938156803
111,187,1.122661158477284
165,448,1.1226609258985685
100,445,1.1226552383478905
55,462,1.1226391073647772
144,318,1.1225890166919834
130,175,1.1225786966260576
185,229,1.122571432801041
2,460,1.1225562489182657
104,120,1.122527771042446
79,142,1.1225193299415206
220,273,1.1225176296116552
104,265,1.1225114742493152
55,455,1.1225026522400263
313,397,1.1224609081808046
150,428,1.122398411660178
145,261,1.1223901705496808
129,254,1.1223789010763467
257,273,1.122363124019546
264,441,1.122350491321591
97,391,1.1223211857109532
5,439,1.1223008869293756
79,288,1.1222904781884324
135,284,1.1222543921026802
162,234,1.1222420653353076
66,95,1.1222395524185635
37,459,1.1221695346026967
79,206,1.122152066813348
115,243,1.1221475024444605
146,197,1.1221370763827545
104,349,1.12213621359577
127,393,1.1221275988431845
251,445,1.122091903237696
273,442,1.122072103723804
418,456,1.1220423190793618
132,256,1.122017201311157
55,458,1.122008126007475
69,444,1.1220059810290866
193,262,1.1220021216175262
131,256,1.1220008998176045
69,180,1.1219796855267645
155,327,1.121970123238339
454,460,1.1218929794204504
183,262,1.1218804820312762
79,380,1.1218392157395967
108,272,1.1217916056701325
67,271,1.1217850183891773
168,228,1.1216835022825233
170,360,1.1216826120091143
174,431,1.1216545891508494
349,452,1.1216345139994175
135,403,1.1215825862596183
224,237,1.1215592174248716
290,343,1.1215552233883714
288,311,1.1215377511914935
14,286,1.1215251900700247
441,446,1.1215150982934683
121,320,1.1214791179201435
97,379,1.1214724647969396
70,196,1.1213775265556383
236,260,1.121361089575566
139,379,1.121352612224419
147,391,1.1213430054192743
152,443,1.1213409885554244
83,189,1.1213294184513074
330,378,1.1213202531256283
319,414,1.121319033666378
235,257,1.1213076875226324
178,217,1.121303369920666
98,149,1.121208146698369
208,447,1.1212011228528442
127,210,1.1211786983093457
80,89,1.121160426934096
13,228,1.1211476938485643
83,95,1.1211406652821707
65,262,1.121114880202244
185,436,1.1211002156677228
151,442,1.1210917699098835
189,422,1.1210817384470597
97,323,1.121076465241388
273,323,1.1210546046325898
243,246,1.1210345906888388
436,458,1.1210322053125348
130,196,1.1210199695635694
257,375,1.1210122668011961
300,380,1.121009361062675
358,429,1.1210069349563243
253,308,1.1209933616586327
63,393,1.1209845249372103
263,315,1.1209370583169305
256,379,1.1209209383354015
284,439,1.1209206370295421
229,262,1.1209163929606616
37,199,1.1209070505404048
284,414,1.1209009220438786
288,330,1.1208930173782048
391,428,1.1208538713096527
120,136,1.120842030735026
379,396,1.1208378871101052
194,201,1.120777894337187
84,209,1.1207463128151465
361,368,1.120687839179102
254,336,1.1206119877172607
102,210,1.1206040876935905
60,181,1.1205869666236707
84,166,1.1205862010576693
13,135,1.1205767357420693
314,380,1.1204749229182123
121,311,1.1204620977673252
155,401,1.120423991450144
130,257,1.1204233227931188
28,259,1.1204024220286786
378,414,1.1203504207955215
116,163,1.1203246990419065
349,459,1.1203204997208982
60,175,1.1202813949768224
11,144,1.1202173408277347
110,214,1.1201832527110864
149,197,1.1201785036729146
115,139,1.1201703179515354
134,444,1.1201323316345289
212,462,1.1201124147921622
192,436,1.120110451629785
172,456,1.1200848925657891
196,434,1.1200629308094245
165,285,1.1199854505191016
154,287,1.119966073702697
139,237,1.119916807094655
167,336,1.1198326270157644
198,380,1.1198187084694875
14,65,1.1197958855460912
4,410,1.1197933517370802
154,218,1.1197552904397097
237,317,1.1197513435381283
131,273,1.119744360547767
135,140,1.1197120849683784
264,426,1.1197078178375628
254,439,1.119680845309354
208,284,1.119643935697135
72,214,1.119635543408637
108,171,1.1196039200216263
380,426,1.1195730362062064
136,314,1.1195708519661578
172,173,1.1195646814704268
201,253,1.1195384904670915
150,264,1.1195172268736029
175,414,1.1194978279913574
19,460,1.1194766048089624
136,176,1.119476441857777
285,425,1.119464911063894
289,337,1.119457063045931
179,257,1.1194421685729001
250,337,1.119399867136385
215,251,1.119389730033996
167,317,1.119340787085399
119,237,1.119301569937524
179,443,1.1192480462498986
66,155,1.1192473797537812
151,171,1.119245785013919
131,263,1.1191797604208062
391,447,1.1191683459103092
84,269,1.119166552251103
318,356,1.1191642265802626
60,174,1.1191571028870908
139,212,1.1191488962524776
251,391,1.1191446983406164
168,285,1.1191370031670016
63,168,1.1191256155917877
134,272,1.1191125673801672
217,235,1.1191013521623843
44,77,1.1190630315993875
102,158,1.1190432726123758
8,136,1.119037343608646
141,314,1.1189629730756203
13,110,1.1188553229254816
59,194,1.1188144022451234
136,189,1.118779814212764
323,444,1.1187751647582425
212,319,1.1187690973142272
155,454,1.118740722427006
148,396,1.1187387822870911
323,427,1.1187244226048514
80,212,1.1186868676895705
159,434,1.1186668578408172
110,318,1.1186427942905242
3,380,1.1185765809477177
238,411,1.1185539623218361
327,337,1.1185390230763819
99,311,1.1184838150100773
213,317,1.1184789765083472
176,448,1.118472050768948
8,201,1.1184719340908904
174,198,1.118442333924569
7,198,1.1184206342613372
9,84,1.1184020837708266
136,177,1.118374427875847
11,349,1.1183511221200617
264,308,1.1183401476517387
119,174,1.1183351282243938
134,177,1.1183184847636891
121,447,1.1183092926055564
94,374,1.1183078754577362
228,456,1.1183070441489371
119,330,1.1182851704568066
93,384,1.1182808558862432
28,443,1.1182752551666337
132,172,1.1182619747023095
147,450,1.1182607378426588
9,326,1.1182414146110575
215,272,1.1182365153730294
189,296,1.1182277578910338
98,442,1.11817596473582
155,426,1.1181591726472784
13,63,1.1181395944490158
213,366,1.1181269037760562
65,96,1.1181155231804931
104,264,1.1181044019589141
8,127,1.118094852123478
13,171,1.118081293976086
141,312,1.1180577739061721
218,452,1.1180189867168682
235,337,1.1179696914266812
296,320,1.1179694150403252
19,195,1.1179469825370216
108,216,1.1179328099153307
142,445,1.1179298087524703
163,258,1.1178567879462074
121,343,1.1178551367382947
243,337,1.1178314398981666
129,212,1.117825329722085
12,273,1.117811258604611
110,134,1.1177813108690753
8,302,1.1177766532509628
285,375,1.1177452525297737
136,166,1.1177323345099104
72,236,1.1177130267893882
217,260,1.1176994528394293
255,436,1.117670218790849
114,196,1.1176629067668704
7,83,1.1176434116487701
89,220,1.1176259922280187
286,358,1.117610075208662
77,397,1.1175772097952048
418,455,1.1175636963284246
161,250,1.1175563826154358
189,311,1.117556047573499
89,136,1.1175386983384352
368,454,1.1175347261849176
205,397,1.117496018476915
264,422,1.117460481073625
414,450,1.1174602131537075
98,422,1.117435461728555
6,215,1.1174347317463857
284,436,1.1174276839514763
10,418,1.1174205997183917
60,315,1.1174147123846776
186,319,1.1174041843808054
179,316,1.1173987435720105
320,327,1.1173922823018256
33,194,1.1173788552279633
141,198,1.1173660123684275
379,439,1.1172966318832747
292,455,1.1172955776129818
77,263,1.117293731481508
243,292,1.1172839046957324
93,411,1.1172643083195035
214,256,1.1172640276138466
3,431,1.1172366173271742
308,456,1.11723505606817
168,437,1.1172134458427387
7,70,1.1170886890656329
239,447,1.1170310635653566
192,260,1.1170224525318941
10,150,1.117011140552176
236,436,1.116998995901483
317,462,1.1169857029884356
196,420,1.1169571978149404
217,337,1.1169480324022885
135,176,1.1169231308121323
168,193,1.1168617295107124
69,162,1.1168425435782963
237,319,1.116820182557051
69,77,1.116789009602934
13,358,1.1167246225427119
65,178,1.116703594955482
141,415,1.116700225379246
135,169,1.116698491612874
108,319,1.1166764867791887
141,169,1.1166725926031946
160,219,1.1166294205261158
175,218,1.1166261789724417
167,222,1.1166231306782943
218,459,1.116622445226041
183,375,1.1166140367902593
56,94,1.1165667461249538
425,439,1.1165579692121115
37,134,1.1165297186527667
138,393,1.1164994593525608
192,330,1.1164527976600283
150,164,1.1164468063927298
129,186,1.11644038274258
132,422,1.116420689803118
316,338,1.1163807897306848
10,80,1.1163532044062694
44,235,1.116352589651215
237,248,1.1163078757887734
115,120,1.1162970634318068
150,162,1.116235964146925
11,149,1.1161631370616336
234,443,1.1161092598522804
195,258,1.1160701834715183
264,319,1.116053970355257
237,264,1.1160526547976732
120,296,1.1160488949247682
273,358,1.116041884328923
37,422,1.1160357920637947
191,338,1.1160294662714723
141,438,1.1159828904448177
157,448,1.1159687999622225
272,334,1.1159582884311106
185,260,1.1159278040831377
4,369,1.1158848368057852
99,187,1.1158286488925824
260,368,1.1158165843545977
166,264,1.1157812830418978
425,430,1.1157552758136562
201,447,1.1157534992844835
63,447,1.1157466588382312
273,403,1.1157303581091849
104,177,1.1157296803913335
311,396,1.1157248720908022
108,144,1.1156888682799724
139,260,1.1156716277493164
28,213,1.1156674432552152
179,438,1.1156529913164281
112,212,1.1156527418916788
228,378,1.1156312535844992
180,427,1.1156255497590173
284,447,1.115622533306639
429,451,1.115539187452742
13,138,1.1155365107382136
210,372,1.1154884062813974
180,265,1.1154432932685017
189,444,1.1154428427826895
234,337,1.1153386631818676
138,318,1.1153333604696007
167,218,1.1152715877605568
170,406,1.1152353880529509
95,436,1.1152304536198263
80,403,1.1152045011061529
185,208,1.115181176607555
145,434,1.1151756821668546
4,20,1.1151729020169798
197,422,1.115160595198953
83,461,1.1151067959221101
83,205,1.1151055114779687
170,326,1.1150734983602177
28,164,1.1150647600910806
238,366,1.1150626272754889
171,452,1.1150555601155747
132,216,1.1150528496895238
243,323,1.115050023041979
212,235,1.1149718558977368
272,441,1.114965679206839
6,83,1.1149212838293645
220,239,1.1149139948841056
33,251,1.1149066633230356
40,238,1.1148575730247028
145,323,1.1148550191963866
290,444,1.1148303418898127
188,269,1.1148066346565193
100,139,1.1147833566897143
185,245,1.1147435478592187
286,461,1.1147333450014323
60,237,1.1147284007429865
185,285,1.1146846825138093
229,288,1.1146815744075134
98,187,1.1146564055700199
70,460,1.114638108469914
130,236,1.1146353421553452
214,270,1.1146077499709508
95,329,1.1146010864710452
65,437,1.114588437722236
66,178,1.114587175632772
139,233,1.1145549433232034
196,358,1.114546315185376
182,187,1.114529641285695
84,429,1.114525003788495
234,253,1.1145247927917667
194,245,1.1144950830870097
144,259,1.1144852000155412
177,311,1.1144569109458407
137,292,1.114454369895016
100,141,1.1144409412442084
252,415,1.1144400839260933
319,336,1.1143445734484643
72,343,1.1143381508923644
174,337,1.1142890686707212
214,338,1.1142821777392364
182,420,1.1142795537105912
103,238,1.1142576812701348
165,439,1.114200906734292
3,11,1.1141859576379551
166,418,1.1141790852127424
98,434,1.1141565660250703
13,250,1.1141229785076832
167,172,1.1141212617644527
292,403,1.1140912057543553
63,218,1.1140777062195473
138,380,1.114047353089142
259,434,1.1140339266760535
99,436,1.1139383963972664
114,259,1.1139216505927612
55,447,1.113919363336141
3,162,1.1138990810638427
319,338,1.1138902477671762
127,443,1.1138376508627506
134,220,1.1137845901563448
317,442,1.113783620627167
60,191,1.1137680521102555
158,429,1.1137640967786948
228,425,1.113763347171674
13,349,1.1137335542185907
120,438,1.113720129101902
163,389,1.113701971012269
314,443,1.1136635314814625
183,437,1.113649790573313
167,422,1.1135794831070411
146,403,1.1135078363509097
434,458,1.1134844954334786
311,461,1.1134724336681725
63,316,1.1134541143555976
248,459,1.1134239472959533
89,234,1.1134155678076458
136,199,1.1134118757545932
193,448,1.1134113976783218
100,202,1.1133929114858157
10,444,1.1133280427436678
164,442,1.113311387651628
300,313,1.1133011099397447
72,189,1.1132989160873048
197,415,1.1132966076853026
193,320,1.1132731472192852
108,378,1.1132459435095905
368,420,1.1132304666855595
189,330,1.1131487036106327
150,166,1.1131462825907132
368,411,1.1131388869020156
19,142,1.1131337915806188
165,263,1.1131288312680283
435,457,1.113104364928328
147,285,1.113038872971843
80,170,1.1130171511306282
129,269,1.1130133019136403
132,228,1.1129578405939549
158,375,1.1129168839716574
284,435,1.1128785943235164
260,458,1.112835158116223
83,313,1.1127773944265607
170,263,1.1127742198270698
300,459,1.1127615072093122
70,253,1.1127387188770166
177,415,1.1126164589045773
375,442,1.1125338693726197
217,254,1.1125083802280524
37,59,1.1124810033484047
4,331,1.11248079821561
192,326,1.112416118954296
180,285,1.112415678667447
205,420,1.112412133214159
214,391,1.1123396992569643
135,368,1.1122601452991707
311,337,1.1122527911737454
220,445,1.1122349057135208
176,427,1.1122330445926008
183,185,1.1122079905377977
193,368,1.1120816677525769
234,264,1.1120808785915437
179,192,1.1120483235110998
284,422,1.112043087572815
157,263,1.1120191386180829
165,450,1.111925955862193
14,208,1.1119138130770228
120,264,1.1118960577269672
136,162,1.1118605123555927
218,264,1.1118563748058725
210,396,1.111792142006628
254,420,1.1117464021328787
63,116,1.1117203650315455
238,326,1.1117023490687812
37,131,1.1116984426392735
112,253,1.111683808089641
60,164,1.1116666233783599
272,442,1.1116022270550419
190,445,1.1115914481979063
91,443,1.1115696333789995
165,204,1.1115284830393937
182,250,1.1115213066790144
204,428,1.1114259679769543
439,442,1.1114223486496049
79,175,1.1114117693828747
5,287,1.111407800176258
173,184,1.111322753450144
67,158,1.1112968427680379
140,422,1.1112372695158295
7,110,1.1111895810819672
214,358,1.1111729794977505
12,125,1.1110272174313307
111,442,1.110984947384962
296,319,1.1109621594102292
135,190,1.1109382021173457
450,458,1.1108876598981476
166,216,1.11088159937331
271,349,1.1108229785607504
160,190,1.1108187966944
12,358,1.1108003229825414
3,262,1.11079856407935
179,425,1.110749840387137
368,396,1.1107481357019067
156,292,1.110744318034451
5,219,1.1107339963607104
288,349,1.1107253300021662
65,271,1.1106990541620063
217,368,1.110678313847002
173,270,1.1106482789514427
99,215,1.1106281362125856
132,248,1.11062788610354
198,214,1.1106225574673692
12,143,1.110606770923026
79,253,1.1106016786353579
7,358,1.110554219083628
250,259,1.1105413372153574
157,450,1.110528157105199
284,448,1.110518929350775
104,171,1.1105156477890448
142,200,1.110493408818733
165,312,1.1104801504913981
323,420,1.1104430018710862
100,169,1.110384063848584
63,151,1.1103772795269768
99,263,1.1103760277726125
4,454,1.1103732298684401
264,414,1.1103650250104526
191,414,1.1103579791472387
67,173,1.1103171769410372
139,235,1.110309822293113
140,239,1.1102677971518997
156,185,1.110234364505145
194,406,1.11021982092871
269,418,1.1101906254138836
98,338,1.1101715106626477
66,194,1.1101691390931687
150,438,1.1101132080075613
171,261,1.110107709819273
37,191,1.1100977193519206
115,314,1.1100912320633327
139,256,1.1100910757814988
306,460,1.1100327847386795
198,438,1.1100303548033925
222,443,1.1099947367596652
173,311,1.1099879554969285
173,349,1.1099550731476797
84,204,1.109926083259989
99,234,1.1098905156867225
2,452,1.1098571252755565
14,217,1.109842713904957
185,215,1.1097779789640372
97,204,1.1097578581034118
260,269,1.1097545508234563
239,284,1.1097405731005243
163,433,1.1097293872675724
3,137,1.10970606702117
414,443,1.1097000527315541
120,190,1.1096900262703804
2,181,1.109688566107607
156,343,1.109671644649967
69,174,1.109650006863377
210,366,1.1096388035372078
192,320,1.1096161874576502
120,447,1.1096043416952466
349,431,1.1095694268640344
60,461,1.1095619811314934
264,312,1.1095405618101355
255,290,1.1095383617442574
272,366,1.1095280047961693
439,458,1.1095001010708565
163,300,1.1094486507026282
174,378,1.1093411638954573
131,311,1.109311048650521
237,256,1.1092987898172568
129,462,1.109297938081777
311,431,1.1092955791500017
116,170,1.1092873545601978
431,461,1.1092742390481807
138,313,1.1092577839614466
181,439,1.1092492478950282
79,444,1.1092434146339025
255,455,1.1092411715729111
178,292,1.109182617411405
192,263,1.1091643225491055
173,426,1.1091260522691804
11,217,1.1091121677877327
44,168,1.1090998451417082
104,212,1.1090552978943065
55,255,1.1090475896224405
171,218,1.1090398177884122
14,237,1.109000189763859
14,183,1.1089997828227978
239,265,1.1089497043884755
181,336,1.1089152031051874
290,461,1.1089131279489544
235,250,1.1089047293725447
423,425,1.1088759754246986
65,315,1.1088570985456032
144,403,1.1088173277646456
165,436,1.1087618921865312
9,91,1.1086988285337311
204,443,1.1086949695628419
120,189,1.108694837218582
104,427,1.1086433928078134
89,116,1.1086425337557724
236,243,1.1086372266587152
253,434,1.1086055840744908
55,166,1.1085617303843647
169,375,1.1085197718166735
94,370,1.1085175796349032
99,451,1.1085109429398587
168,378,1.108464339518358
175,193,1.108460023680796
145,192,1.1084365709244874
135,175,1.1084364796504804
172,209,1.108435373736848
97,168,1.1083864261268048
155,172,1.1083611433783251
180,286,1.1083219784185185
246,318,1.1082725423554514
222,380,1.1082475249305697
216,379,1.108246002167904
234,316,1.1082206922665474
181,311,1.1082057455724157
272,286,1.1081485537319633
418,438,1.1081420527387496
175,396,1.108121391993111
63,251,1.1080356892515064
263,368,1.1080021099694175
132,243,1.1080008388899387
161,171,1.1079821506444605
67,452,1.107973566900402
193,429,1.1079286507024981
170,234,1.1078869505808346
151,429,1.1078481295210505
129,315,1.1078425769017133
187,459,1.1078327408679112
199,442,1.1078256762619487
250,437,1.1078185169149855
110,182,1.1077971611745985
251,439,1.1077831958235371
112,462,1.1077455824988915
89,396,1.107725977804458
119,426,1.1077014554081057
37,98,1.1076846252470083
164,218,1.1076817519267899
162,260,1.1076349379435757
165,296,1.107623082075654
159,317,1.1076066356393761
65,393,1.107602351094116
197,326,1.107597287682738
176,378,1.1075636512428797
189,228,1.1075147480301202
89,442,1.107502933811562
191,228,1.1074624624903113
136,175,1.1074599170414579
214,257,1.1073977044782204
165,360,1.1073703462245958
200,256,1.1073007338671874
12,312,1.107257304568767
135,271,1.107215623247203
217,447,1.107182220641202
19,403,1.10714772191941
60,170,1.107115458896992
183,319,1.1071065634746995
144,211,1.1070843926011902
200,243,1.107053317107074
288,450,1.1070519093178572
285,287,1.1070316157621505
69,164,1.107025823510448
137,450,1.1069735854568628
121,418,1.1069460215110656
209,222,1.1068969009186431
129,428,1.1068960124753549
6,429,1.1068800989409626
25,95,1.1068785553460176
257,428,1.1067980080423598
154,394,1.1067413855499304
84,288,1.1067378910629766
145,169,1.1067247215818614
4,217,1.1067210707388955
228,447,1.1067087561861102
157,317,1.1067020620571466
161,239,1.1066578679555004
151,461,1.1066567240327045
4,326,1.1066362576114963
258,460,1.1066170360978234
269,296,1.1065826456670413
67,264,1.1065801802116284
202,418,1.1065558026462914
288,391,1.1065240173187167
152,444,1.1065233068180382
40,254,1.106500004284225
14,190,1.1064936699368837
95,432,1.1064725190241764
103,214,1.106446279309203
265,435,1.1064361575838302
243,427,1.1064332428152712
110,148,1.1064322657846108
308,393,1.1064177931838173
60,337,1.1063610254275886
182,273,1.1063167340790996
265,378,1.1063086964380877
129,173,1.1063008540337371
198,461,1.1062875362401157
188,418,1.1062796788016231
28,196,1.1062514370828267
134,320,1.106230391595464
71,94,1.106227359188558
67,214,1.1062153204500185
131,143,1.1062076897368194
177,445,1.106193600092937
163,327,1.1061841907998573
285,414,1.1061375049381077
259,420,1.1061256738046419
72,456,1.1061034746408356
164,198,1.1060596642211231
100,455,1.1060553946030898
120,368,1.1060106202558304
151,178,1.1059835075315705
28,425,1.1059612563532222
252,361,1.1059595037236036
102,208,1.1059265618875047
84,458,1.1059127009474132
210,317,1.1059069593229653
136,257,1.105826595068449
55,140,1.105822490909452
170,190,1.1057976721225087
131,284,1.1057964722544558
6,165,1.1057829541755115
200,201,1.1057743527767558
67,102,1.1057624682647609
55,319,1.1057429916827304
104,216,1.105675988883544
288,389,1.1056141902095842
167,215,1.1056115456345337
2,167,1.1055872616982603
163,330,1.105528624935987
77,338,1.1055205751126598
300,447,1.1054935479952992
222,224,1.1054212375683112
300,458,1.105420256403417
431,441,1.1054018839776705
368,451,1.1053885307715297
113,185,1.1053586668008426
29,157,1.1053310198370605
236,312,1.1053280265631973
67,77,1.105308034635586
98,336,1.1052638273502187
135,265,1.1052314282683768
70,452,1.1052182227782381
217,431,1.105200708009072
166,292,1.1052007001073143
152,190,1.105198743024985
422,462,1.1051846263617815
9,116,1.1051768488827434
142,176,1.1051554644391577
40,313,1.1051450291005156
255,435,1.1051403966944575
239,261,1.1051375689144036
59,284,1.1051241108931809
312,447,1.1050583326992112
143,257,1.105032522005546
212,255,1.1050210949625063
149,316,1.105008512257485
290,393,1.1050040111911947
89,218,1.1049831250327935
100,135,1.1049815368339186
121,243,1.104976161817734
121,380,1.104976161817734
31,196,1.1049752463098916
330,431,1.1049685837621936
67,137,1.1049677125915185
218,254,1.1049265955957355
261,429,1.1049047494129294
214,439,1.1048680578129269
89,161,1.1048540585393982
312,456,1.104840146250068
2,252,1.1048020333463557
97,257,1.1047884333399112
149,255,1.1047799282412027
448,450,1.1047779794943346
80,199,1.1047380363067896
188,254,1.1047365527483202
65,368,1.1046892666377612
317,323,1.1046859184363156
61,220,1.1046645493893237
204,243,1.104659469549705
170,258,1.1046489580930052
95,126,1.1046362869191284
129,147,1.1046300426327633
271,330,1.1046159237350481
188,316,1.1046044485362676
216,428,1.1045908915120772
156,450,1.1045810400136922
161,214,1.1045501684790127
5,201,1.1045249155959458
197,436,1.1044364949682401
13,311,1.1044323401472933
135,206,1.1044272495246799
154,411,1.1044225403151344
80,380,1.1044117642425932
121,284,1.104354517617839
120,316,1.1043307742082544
95,446,1.1043244754765325
312,428,1.1043152367637519
437,451,1.1043139482180508
161,235,1.1042849379527702
183,232,1.1042719663909033
218,375,1.1042676829416598
139,174,1.1042616690910394
234,461,1.1042088243017931
200,264,1.104175057462411
55,142,1.104167134481342
112,438,1.1041631361405446
66,380,1.1041502743877396
59,452,1.104125120931064
236,290,1.1040876194619507
80,162,1.104087277178626
174,232,1.1040554859027134
180,444,1.1040220516846928
47,94,1.1040030166965538
120,164,1.103996865090154
177,292,1.1039682174511725
180,403,1.1039355162382298
142,255,1.103872994361
204,239,1.1038686910479159
96,263,1.1038292177826918
151,156,1.1037564833599693
214,426,1.1037357354294086
100,375,1.103732426441267
396,458,1.1037148844423892
41,236,1.1037042698029678
358,438,1.1036980204840514
191,250,1.103630768637446
239,349,1.103614793928732
183,214,1.1035921068121426
317,425,1.1035445044187406
149,265,1.1035309416862553
259,326,1.1035294245028828
130,163,1.1035246680534967
130,259,1.1035195464252403
134,343,1.1035116821264874
37,239,1.1034330581073863
403,450,1.1034064863390798
89,115,1.1034026444489993
121,248,1.1033768591801698
215,265,1.1033685917617677
217,437,1.103349706267942
166,435,1.1033155230221976
79,145,1.1032991558141114
311,314,1.103251192423266
140,444,1.1032188309528903
120,192,1.1032019003337394
6,217,1.1031831277917634
136,192,1.1031694267731051
118,150,1.10316675347184
130,214,1.1031610070411155
108,441,1.1031599801213143
209,396,1.1030890567189546
204,256,1.1030755244767942
127,166,1.1030661884726027
165,286,1.1030289322238704
6,187,1.1030242373675734
316,436,1.1030021457395756
312,316,1.1029950331191913
338,443,1.1029716899974629
12,302,1.1029651164889618
219,315,1.1029587671319716
80,192,1.1029573279144769
8,334,1.1028850770267438
127,250,1.102876985693658
113,251,1.1028218255338635
204,442,1.102820827968068
3,72,1.1028187932204887
95,115,1.1027996499943458
234,313,1.1027963087507069
110,197,1.1027817038318497
317,349,1.102700233920168
217,459,1.102694441149764
67,148,1.1026701244298742
403,406,1.1026346632986364
59,330,1.1026021832896926
113,269,1.1025829566051584
99,114,1.102578443125782
165,311,1.1025679169955653
112,380,1.1024719924770616
118,151,1.1023542329036191
290,447,1.102341158072154
131,136,1.1022839799469626
391,456,1.1022687795261494
111,286,1.102234683184345
84,108,1.1022315094443842
8,290,1.10222463870604
139,444,1.1022021443764967
65,438,1.102192497354742
175,411,1.1021913965649963
186,461,1.1021816408800658
192,201,1.1021676654015389
55,131,1.102163184846944
154,215,1.1020892065487506
69,199,1.1020666009416555
65,169,1.1020537441772065
193,428,1.102030769342886
429,434,1.1020049963555583
77,300,1.101989249689685
69,161,1.1018969860663017
66,98,1.1018751727273413
44,438,1.1018572230356565
149,156,1.1018152589139056
11,442,1.1017748887323358
198,459,1.1017295188781124
5,273,1.101724664994481
91,163,1.101694253163785
286,443,1.1016902890507083
14,179,1.1016862228113218
179,199,1.101683844033416
196,289,1.1016289564516764
121,442,1.1016120575589419
115,445,1.1015979798113276
100,311,1.101595336082513
8,389,1.1015418777450425
286,311,1.101528826409708
214,441,1.1014719277001441
286,368,1.1014575627064802
140,314,1.1014571101647381
315,397,1.1014509584119119
84,425,1.1014248342567876
108,426,1.1014015574271383
139,431,1.1013861795269837
70,156,1.1013860178223118
278,437,1.1013683941091506
13,330,1.1013488498679787
120,261,1.1013423543660958
193,265,1.101331075494505
129,452,1.1012911028814691
273,461,1.101251419059801
65,452,1.1012070972976737
131,435,1.1011700407498382
140,317,1.1011077574254624
131,300,1.1010932700020357
337,450,1.1010914765915993
127,191,1.1010887951015371
83,157,1.1010003204757686
157,217,1.1009625515145784
13,150,1.1009621866902732
155,439,1.1009062814119723
198,431,1.1009040222950066
396,447,1.1008948753242849
146,163,1.10087843061871
233,237,1.1008526187536558
208,343,1.100841033618888
217,253,1.1008358446313316
165,218,1.1008305817929442
95,231,1.1007941069874203
62,252,1.1007747786646764
161,437,1.1007685464814665
149,251,1.1007627073056026
37,65,1.1007495566098422
7,302,1.1007412499070552
228,459,1.1007191452235325
108,234,1.100663837102665
80,169,1.1006609885859113
269,448,1.1006149370951055
60,183,1.100563300685855
129,237,1.1005466501390488
11,435,1.1005415167651875
132,222,1.1005405422117382
199,229,1.1005213661985458
209,411,1.100485167859831
234,251,1.1004500067198315
151,458,1.1004253497667593
156,263,1.1004159459246468
63,224,1.1004120202428327
445,446,1.1003848674567733
72,315,1.1003640110463264
286,319,1.1003252266452763
2,414,1.1003243630231494
74,95,1.1003050448861609
115,140,1.1003012044337446
67,284,1.1001163795099922
19,461,1.1001119452984753
79,132,1.1000904599097119
79,185,1.1000618055385836
284,419,1.100055376915917
212,349,1.1000552948206868
137,212,1.100008133984755
254,311,1.0999688345434646
78,271,1.0999660352803171
95,219,1.0999431574352723
83,212,1.0999377285204257
168,414,1.0999319983293023
119,312,1.0999298930437444
127,154,1.0998896725532146
121,451,1.0998650722076608
60,238,1.0998614404417753
319,427,1.0998487101387204
136,185,1.0998478294690122
254,406,1.0998272060438408
29,211,1.0998253341008541
143,313,1.0998134638857457
151,447,1.0997799811745477
180,193,1.0997702477449918
252,423,1.0997630905478806
162,441,1.0997548132392263
232,336,1.099732661910633
145,285,1.0997325489550533
250,368,1.099704695769059
418,435,1.099701055634871
149,202,1.099659066855557
148,187,1.0996554823079077
336,444,1.0996397561096993
235,320,1.0996140925051188
250,313,1.099608316744146
286,431,1.0995642209814172
161,317,1.0995593038866636
194,363,1.0995437946575397
146,160,1.0994257449622118
337,442,1.0993859486096398
14,187,1.0993528661708802
12,65,1.0993141209495816
290,311,1.0992898863960592
89,142,1.0992833831107722
177,317,1.0992792835804714
177,366,1.0992760215288504
13,260,1.099250911316831
59,337,1.0992158841950737
176,431,1.099181738833773
72,210,1.0991652821532627
190,193,1.0991640423005093
177,312,1.0991001850834832
284,451,1.099095595551205
201,224,1.0990842290757874
289,313,1.099080677877552
200,429,1.0990502342655062
201,458,1.0990478363331477
338,425,1.0990431545119446
415,455,1.0990382604958189
406,460,1.0989982029282892
176,193,1.0989715891627527
146,313,1.0989480927243318
83,129,1.098920216086134
212,431,1.09890980072247
44,118,1.0988951415940376
236,296,1.0988770229766094
156,455,1.0988429122031138
102,199,1.0988214813678994
69,220,1.0988133045281903
3,272,1.0987807866449788
234,428,1.0987703979164274
161,320,1.0987679354957984
80,210,1.0987640550997235
120,217,1.0987444309047214
257,391,1.098726563982499
12,308,1.0987043191215753
188,271,1.0986773284195206
28,111,1.098665450898155
258,318,1.098661645276732
150,314,1.098647854581579
83,206,1.0986092053261183
192,349,1.0985715531366107
403,431,1.0985699803822933
158,235,1.0985695707351582
135,379,1.0985618403602677
111,389,1.0985580954545382
447,451,1.0985541572278117
130,315,1.0985359676528839
204,319,1.0985161655155706
142,461,1.098510198993322
143,271,1.0984845139584092
40,259,1.098457400547355
236,418,1.098432864289896
67,313,1.098412299415236
200,443,1.0983413851107815
260,437,1.09834005688051
97,239,1.098333126075328
435,445,1.0983266086821573
292,438,1.0983168379090404
256,455,1.0983023180781886
63,292,1.0983019057223242
252,401,1.098293700041406
234,403,1.0982861850097285
151,161,1.0982316485988106
149,178,1.098229797956412
115,284,1.0982165459540107
59,175,1.0982124943056395
369,393,1.0981970189046126
284,349,1.098192604843467
55,132,1.0981475079904233
179,323,1.0981473612735522
186,260,1.0981205149613318
148,263,1.0981163334724628
10,415,1.0980794079488807
96,129,1.0980724431755158
2,393,1.0980685120588383
164,375,1.0980610880394868
83,337,1.0980106030440053
198,204,1.0980089441512313
287,452,1.0980051758009628
28,252,1.0979925997199236
426,438,1.0979683411107752
131,436,1.097967039778859
165,216,1.097896270467984
173,422,1.09786612220367
100,323,1.0978523657101924
118,174,1.0978298091472334
292,450,1.09777960714631
111,127,1.0977465277573908
144,171,1.097744446218575
273,343,1.097739419773942
98,414,1.0977203013999386
218,428,1.0976132143876942
154,188,1.0975573042388655
318,426,1.0975496521560628
110,137,1.0975111883302349
215,456,1.0974910201267183
379,448,1.0974880722843336
151,380,1.0974700658190424
181,273,1.09745104781443
217,292,1.0974195582103723
145,264,1.097389019261714
166,234,1.0973694291920524
61,121,1.0973495976129537
131,375,1.0973362507490474
148,208,1.0973248052083389
79,192,1.0972439328495696
55,315,1.0972123177025979
210,330,1.097197658565543
172,179,1.0971737536722406
134,311,1.0971599229331759
174,184,1.0971378861497818
238,423,1.0970299207421224
80,214,1.0970079819871799
145,189,1.0969447522212825
100,431,1.0969212507338042
203,252,1.0968997568862047
44,164,1.0968800826830414
186,216,1.0968573112007265
25,378,1.096850377527373
261,288,1.0968358938845022
143,157,1.0968345245441675
414,441,1.096801461960088
44,162,1.0967857379908432
265,288,1.0967693613257963
183,420,1.0967400609699183
288,338,1.096726620218646
261,296,1.0966864162528946
181,337,1.0966743758608979
139,228,1.0966709141458346
194,229,1.0966462682738944
136,255,1.0966290155694245
129,403,1.0966095139895673
160,245,1.096600319612096
55,316,1.0965832531835895
115,212,1.0965704351671703
445,448,1.0965636956799933
149,264,1.0965609758592687
224,296,1.0965394970947704
201,455,1.0965298412763071
4,73,1.0965196962274422
152,157,1.096489476386785
188,190,1.0964380803338443
188,323,1.0964351606139435
131,161,1.0963692550073527
8,41,1.0963646959339777
37,72,1.0963586257883078
209,401,1.096339837267458
188,462,1.096306369879907
150,455,1.0962690252417198
162,237,1.0962538433199243
264,358,1.0962417968422042
89,260,1.0961998089560308
217,455,1.0961824377951865
2,188,1.0961399650265073
176,260,1.0961144597486763
84,192,1.0960476537851174
97,447,1.0959925829721153
8,343,1.0959807053983734
147,222,1.0959752276440482
170,216,1.0959328869112135
195,302,1.0959231942771812
156,375,1.0959167351710104
176,379,1.0959105127831528
77,442,1.0959063613985744
288,461,1.0958918864285745
129,427,1.095879641225971
129,380,1.095869669580936
213,289,1.0958543943298942
93,387,1.0958509273682382
141,285,1.0958479766846847
191,263,1.0958366695925374
102,209,1.0957952550009336
9,110,1.0957663204772514
313,419,1.0957477774690534
170,420,1.0957449648899766
190,319,1.0956992294001295
13,248,1.0956720965601046
62,160,1.0956531799325604
95,336,1.0956415091459166
192,270,1.0956407123411165
7,334,1.0955951666267234
198,205,1.0955847392582023
229,452,1.0955823529284345
142,171,1.0955811206170774
149,262,1.0955556876775145
144,209,1.095513935733724
100,108,1.0955008725389426
296,442,1.0954897133932808
89,237,1.095475443881031
169,210,1.095473704192762
66,316,1.0954731692301007
265,444,1.0953928238510344
113,425,1.0953427973958059
169,202,1.0953421876371785
14,435,1.0953276070681004
186,442,1.0952971043830295
167,331,1.0952492746896882
33,368,1.0952144701372777
83,199,1.0951937257302913
236,451,1.095126039250084
152,316,1.0951091139894622
40,290,1.0950677639910102
100,273,1.0950436831196046
323,375,1.0950433665628025
72,180,1.095014720633073
245,256,1.0949898621049923
177,264,1.094949723936247
308,311,1.0948936135035479
131,396,1.094886593251018
168,379,1.0948773805139749
183,380,1.0948736597169089
93,240,1.0948400500571147
132,311,1.094757278936944
206,296,1.0946819265121512
174,216,1.0946773814773685
260,456,1.0946767872839227
168,427,1.0946722919105707
220,450,1.0946500153908958
44,224,1.094622277303858
63,135,1.0946106293773314
151,422,1.0945729017322914
157,208,1.0945504714673404
174,210,1.0945049879276207
11,434,1.0944658846451254
79,403,1.0944312972648385
171,380,1.0944027322837044
55,183,1.0943454977152232
9,383,1.0943395794551605
186,228,1.0943220730624055
178,234,1.0943175163085486
72,455,1.094317293529139
4,330,1.0942973807770142
97,319,1.0942776899835365
286,287,1.0942657509292049
206,441,1.0942646716023945
118,245,1.094264183560291
179,236,1.094251206033585
129,141,1.0942115417175335
67,403,1.0941862195917094
13,414,1.0941800526389132
67,157,1.094178272663659
431,434,1.09417803231972
163,193,1.094156359204293
292,344,1.0941559443876252
116,186,1.0941522945374793
296,443,1.0941241883773147
145,256,1.0941021953914831
296,427,1.0940988844618063
261,319,1.0940651068054617
320,444,1.0940554379556886
127,148,1.0940211706833858
311,444,1.0940151385231995
425,432,1.09400735406683
83,89,1.0940002698277065
80,178,1.093981759495427
166,448,1.0939275193053302
152,212,1.0938861004186768
192,317,1.093871922664391
236,361,1.0938125537910541
391,411,1.0937884715390698
406,447,1.0937737453011482
174,429,1.0936609537158746
62,99,1.0935808731510581
135,438,1.0935721311833138
6,451,1.0935518028449651
183,253,1.093539535204976
139,414,1.093468532832275
72,254,1.093460874681376
177,285,1.0934463214529575
66,288,1.0934283132154745
176,435,1.0934239178622993
192,235,1.0933867741386487
289,296,1.0933399817167828
96,248,1.093330226939661
269,338,1.093315880637262
83,170,1.0932571062614416
176,201,1.0932048725204986
70,173,1.0931886749796986
171,311,1.0931874383078675
25,148,1.0931375211477217
166,393,1.0931342133637165
103,253,1.0931099952425893
11,396,1.0931008729983005
132,146,1.0930744465775717
230,458,1.0930541924537256
174,462,1.0930280870848126
142,442,1.0929704137830938
438,442,1.0929202349515152
4,106,1.0929025814448001
147,234,1.0928934921053828
213,433,1.0927811354780212
149,186,1.0927325530254703
139,204,1.0927150195266107
130,165,1.0926872246588346
228,428,1.0926710168756895
157,338,1.0926674077265146
63,426,1.092646622481401
70,378,1.0925631483076548
84,104,1.0925581344525455
127,192,1.0925516261605142
159,336,1.0925476697530254
188,437,1.0924398032205769
136,455,1.0924345744610786
168,403,1.0923668205847077
129,178,1.0922467578396753
158,445,1.0922449257180031
37,202,1.09220548020745
66,224,1.092204223320213
245,251,1.0921839673538327
66,232,1.092158686945195
150,272,1.0921248573169382
183,456,1.0921154266053579
156,451,1.0920782970259797
37,113,1.0920218872137046
256,312,1.0919898813602025
152,264,1.0919630572337282
100,314,1.0919451271358864
135,263,1.0919281763492557
174,256,1.0919227335623678
212,455,1.091920831556127
426,429,1.0919054326456323
102,134,1.0919006492107417
378,439,1.0918547187128018
98,190,1.0918341644581102
316,426,1.0918089721396538
192,239,1.091796704041573
3,183,1.0917707772487084
44,462,1.0917482285843823
132,150,1.0917468912503452
121,144,1.091726398041065
83,111,1.0917174951995423
96,311,1.0916800485806233
72,137,1.0916491858917856
5,138,1.0916327380988147
176,264,1.0916280080823064
177,200,1.0916172954438281
10,144,1.091616661667447
186,411,1.0916069103545043
220,292,1.0915937322621616
195,361,1.0915266402328019
161,292,1.0914708941176887
177,260,1.0914251698710038
14,338,1.0914068600401692
296,315,1.0913255288108743
28,214,1.0911753009298544
222,461,1.0911547212461084
131,146,1.0911223928194962
3,414,1.0911009060464878
3,148,1.0911009060464876
66,141,1.0910924793408616
44,285,1.0910882438894416
113,164,1.0910840399926112
70,195,1.0910439106466185
153,154,1.0910170160387656
59,96,1.0909903808271684
163,226,1.0909821028008282
159,229,1.0909244755543086
120,257,1.0909108621411356
202,216,1.0908682816636424
174,187,1.0908593889984892
237,391,1.0908339471917547
6,292,1.0908255021937237
163,408,1.0908165732920452
183,206,1.0908154363077003
97,147,1.0907836374952646
65,113,1.0907818237188192
135,272,1.0907502385246342
119,349,1.0907014270603959
191,220,1.0906875696728677
134,425,1.090655644531051
169,265,1.0906465222219253
134,319,1.0906125919978291
176,337,1.0906100872025968
33,320,1.0905354953365427
202,217,1.0905349308899457
176,349,1.0905260856682637
216,427,1.0905212950902337
212,343,1.0904817548703396
130,191,1.090472436714878
159,172,1.0904581517876886
98,208,1.0904361149087038
168,216,1.0904270600820813
140,349,1.0904216059231864
235,448,1.0903672897171675
14,116,1.0903472755846204
7,289,1.0903272759140257
403,420,1.0902825484374195
336,394,1.0902638976558612
7,36,1.090239489505972
119,169,1.0902360253228376
150,269,1.090216998077554
212,261,1.0902134317522123
238,426,1.0901928028351002
185,193,1.0901818475848783
179,238,1.0901817473168942
9,389,1.0901776164438992
93,193,1.0901755686340537
13,296,1.090173143873932
141,411,1.0901680140350982
55,120,1.090143772279808
186,269,1.0901144468242239
135,461,1.0901141486344215
168,343,1.0901062925494502
65,182,1.0900764193818824
178,296,1.0900603972745293
259,286,1.090039412458036
7,245,1.0899987356790954
79,452,1.0899721484165965
170,286,1.0899414613428804
202,336,1.0898990358991152
183,379,1.0898659948451481
115,319,1.0898294030410167
97,206,1.089782791591737
84,393,1.0897814306164897
255,311,1.0897811361136134
236,308,1.0897733546231312
215,316,1.0897629015545482
149,323,1.0897583010690153
37,414,1.0897504355427368
120,206,1.0897388063415632
168,349,1.0897307944798216
220,458,1.0897123409219922
150,444,1.0896848910242343
60,156,1.089679719984784
79,162,1.0896766160963762
127,185,1.0896056142190507
170,435,1.0896012502308103
13,256,1.0895706183716138
69,239,1.0895140740450133
145,217,1.0894984683309759
162,311,1.0893987930630282
143,149,1.0893943348792456
185,230,1.0893794694369652
152,314,1.0893676317365468
143,403,1.0893665934134305
330,462,1.0893498776144575
134,186,1.0893029779718544
110,147,1.0892962646912299
263,437,1.089295518191242
248,447,1.0892671481516054
208,217,1.0892668238079886
2,160,1.089246428509158
121,415,1.0892143111026384
120,135,1.0892140562743649
13,183,1.0891291999839268
194,410,1.089128302257835
120,441,1.0891167862176974
89,320,1.0890810505791013
140,379,1.089071937947952
220,443,1.0890560264426952
199,208,1.089052764164101
97,159,1.0890413425230465
61,167,1.0890220144087748
59,436,1.0890111029810818
14,113,1.0889509257969001
149,238,1.088935806509629
149,212,1.0889245740003957
37,425,1.0889210509350664
193,452,1.0888792384551185
97,393,1.0888423763959465
169,319,1.0888324928679332
157,435,1.0888303433079258
40,318,1.088827666707454
217,285,1.0888105710912483
8,420,1.0888072369102584
5,116,1.088804146230997
312,425,1.0887915390146778
265,320,1.088770000578951
180,183,1.0887536411006296
366,456,1.088733523566691
213,291,1.088729296646507
202,212,1.0887185198543246
98,172,1.0886884154838579
167,397,1.0886549356631043
137,202,1.088651224905033
113,257,1.088613715377528
60,232,1.0885753989161657
318,408,1.0885347649090023
178,263,1.0884747310252738
104,441,1.0884414873560644
120,212,1.088439934669578
60,139,1.0884351600978333
25,236,1.0884288174522145
231,238,1.088419001426728
40,55,1.0883689465900406
134,441,1.0883530382827087
175,217,1.0883452802285734
149,192,1.0882971105522952
170,389,1.0882819247306295
145,168,1.088205754000848
3,428,1.0882041533162128
132,190,1.0881809617253273
80,136,1.088161117471258
255,379,1.0881027948250017
106,213,1.0880964798822155
14,228,1.0879902241665322
250,256,1.087985033783567
131,260,1.087973506230468
59,141,1.0878823536204862
131,444,1.0878470976232382
41,315,1.0877753880197374
135,143,1.0877393920637362
349,458,1.0877142920413907
134,151,1.0877139508274547
55,445,1.0877035569718838
245,246,1.0876847106634446
200,237,1.0876245189564004
193,337,1.0875988400509513
205,245,1.0875966351075288
2,461,1.0875745152068985
3,55,1.0875648252615648
110,239,1.0875431443286043
232,397,1.0875099632434337
28,316,1.087458155415465
161,319,1.087436398120895
337,399,1.0873438431594202
139,349,1.087278300847152
106,182,1.0872724190063179
336,397,1.0872680372129706
167,190,1.087266004758401
98,198,1.0872624654511678
137,181,1.0872449458309104
141,235,1.0872282721452953
28,201,1.0872194964292579
212,379,1.0872026527557135
213,326,1.0871813802627437
204,411,1.0871723354015739
137,319,1.0871413243312704
434,447,1.0871339121919084
108,135,1.0870714357623308
99,435,1.0870639072555495
120,134,1.0870568416596607
134,200,1.0870568416596602
119,451,1.0870546220139963
112,428,1.0870381312162316
323,450,1.0869951501468955
256,420,1.0869873103881975
140,166,1.08696612618014
179,235,1.0869104624025774
142,183,1.086887105605945
189,317,1.0868450532748286
94,430,1.086827209962765
72,437,1.0868236945610503
147,336,1.0867999168559699
11,201,1.0867966606684962
120,436,1.086765722589106
380,414,1.0867440071492167
435,462,1.0867431717668665
146,462,1.0867290204497289
41,320,1.0867192734412694
136,206,1.0867117353225733
44,214,1.0867071223181983
63,137,1.08668804240401
135,156,1.0866477616680772
111,263,1.0866476507598286
234,452,1.0865921159979184
121,444,1.0865649636559502
248,265,1.0864834814487632
104,190,1.0864445962257958
127,206,1.0864421777191737
414,448,1.0863747898591587
178,286,1.086355078177106
210,449,1.0863319973458716
79,177,1.0863289169865338
37,444,1.0863043993435966
55,434,1.0863013591404123
151,272,1.0862974471334081
37,396,1.086293380250792
93,345,1.0862293462325945
236,391,1.086214942835321
213,406,1.086211023469448
137,152,1.0862096660544973
146,147,1.08617220000456
158,265,1.0861655138169952
204,429,1.0861591226224605
80,158,1.0861546975058258
343,442,1.0861171321007879
369,460,1.0861040460658646
135,214,1.0861013923831013
108,375,1.0860918014336238
89,149,1.0860867461741035
55,291,1.0860760278857124
119,435,1.0860398542580492
323,448,1.0859474699261693
243,448,1.085939146731255
271,394,1.08592543444093
115,151,1.0858982712950023
270,462,1.0858616655032969
141,263,1.0858020902254952
198,212,1.0857938319536944
3,170,1.0857871701401653
149,427,1.0857845121692133
191,363,1.085773305423274
196,361,1.0857681643607662
176,190,1.0857658279868752
141,188,1.085738070156794
65,186,1.0857250426888516
28,205,1.0857149015880556
60,452,1.0856786434812962
99,106,1.0856721765182566
414,427,1.0856578567929605
150,288,1.0856475110975468
79,115,1.085643968901527
131,414,1.0856370650307714
265,379,1.0856142401157942
419,437,1.0856139577654562
140,186,1.085608202342573
290,336,1.0855586981154162
181,434,1.0855074383900847
317,459,1.085495598287067
37,269,1.0854649494308373
150,261,1.0854093784709318
96,234,1.0854083375548793
141,250,1.0853854880161418
127,292,1.0853848527659204
12,344,1.085363082481118
193,256,1.0853460241820037
65,202,1.0852995439860773
8,233,1.085258193573181
164,265,1.0852563775682482
158,450,1.0852397066157375
197,230,1.0852056542007806
204,438,1.0851728335716704
137,391,1.0851488012920305
150,336,1.0851325584929352
65,461,1.0850574623070333
336,422,1.0849983020608778
121,216,1.0849780985971555
171,315,1.0848643103005142
186,403,1.0848558830158492
144,379,1.0848503262492921
140,248,1.0848345917922313
139,144,1.0847642152181953
199,270,1.0846808377297663
187,199,1.0846776137732794
25,290,1.0846699810043572
113,159,1.0846648458564767
138,173,1.0846425336629106
257,414,1.08463827408817
28,157,1.0845848221433931
143,437,1.0845813120999088
149,182,1.0845632792989448
96,296,1.0845469382274218
273,429,1.0845402980300838
19,70,1.0844235455570181
80,253,1.0844074173032208
69,422,1.0844015139641738
138,158,1.0843821955804782
112,265,1.0843483988586298
197,411,1.0843473984843324
80,238,1.0843418195321957
84,197,1.0842898364751041
194,423,1.0842023087771795
9,289,1.084173780430413
259,396,1.0841719608527256
173,208,1.084124522780892
222,462,1.0841237191541633
111,138,1.0840976235088307
10,451,1.084059178533795
89,135,1.0840522177115681
14,243,1.0840400221104742
111,198,1.0840199714935896
3,10,1.0839904575514163
185,296,1.0839904340725994
261,263,1.0839885011653738
104,172,1.083962916165828
136,288,1.0839360476002973
79,191,1.0839275557228532
343,411,1.0838563788080147
259,423,1.0838257986500213
70,315,1.0838068815650634
127,452,1.0837743347463513
269,451,1.0837682872824257
228,269,1.0837474325803154
100,212,1.0837318401520966
108,450,1.0837262051160308
212,360,1.0837197156976501
70,455,1.0837172599964633
257,431,1.083700746619424
89,273,1.083688114206627
121,292,1.0836492651170504
271,314,1.0836484569186142
3,186,1.0836437394881988
44,288,1.0835997073367583
202,434,1.0835988106469376
79,269,1.0835794662696612
99,289,1.0835523276102774
196,366,1.0835522056447202
114,178,1.0835407395539485
63,375,1.0835210713289674
120,323,1.0835021646246041
211,270,1.0834818655499863
284,300,1.0834772682568146
79,108,1.0834770703695829
94,203,1.0834669541469457
442,462,1.0834665793394462
91,313,1.083443071578284
65,104,1.0834241126977726
70,368,1.0833977150103073
237,375,1.083397670874494
60,165,1.0833931691558
262,439,1.0833742671073294
292,448,1.0833575428649211
165,222,1.0833451597961887
131,217,1.083296286341706
255,380,1.0832777225929513
288,314,1.0832744797499263
380,439,1.0832596974693556
67,444,1.0832462945015642
183,461,1.0832446660460868
10,302,1.0832369463302516
108,202,1.0832084949982335
312,429,1.0832038877314063
121,152,1.0831841489227616
162,265,1.0831807930718227
140,201,1.0831302432459264
296,300,1.0830855548985057
136,343,1.0830797133540129
10,287,1.0830434824301163
316,358,1.0830120322490338
69,137,1.0830117057490263
33,462,1.0829873477824792
157,343,1.0829780086493832
7,457,1.0829226603012243
157,320,1.0828995156004886
334,378,1.0828542532364418
433,460,1.0828110445156889
158,448,1.0827918932894742
263,323,1.0827563283846395
312,438,1.0827485360073401
6,214,1.0827302763607298
201,238,1.0827016217456575
320,450,1.0827002888429629
230,288,1.082632213970027
311,379,1.0825595419448362
70,140,1.082518155825537
193,288,1.0824712709259108
206,317,1.0824077623407717
187,191,1.0824019622403611
271,358,1.0823775676159455
286,456,1.0823704920496262
83,154,1.0823223839984626
44,375,1.0823122792830282
308,315,1.0823122263044962
139,261,1.082277935826228
198,428,1.0822424360467202
96,127,1.0822356896423437
95,326,1.082230475792932
296,438,1.0822300747738227
213,219,1.082182346034044
41,428,1.0821813983728648
115,337,1.0821623571691545
143,150,1.0821606307136014
260,442,1.0821463519258727
151,232,1.0821084144053112
144,238,1.0820859816008823
44,186,1.0820634287723796
185,435,1.0820244594083261
314,414,1.0819600348015834
156,208,1.081954793472907
66,209,1.0818845836867583
180,436,1.0818755384308276
189,442,1.0818600423730103
200,257,1.0818517766966314
10,136,1.0818509063291777
149,161,1.0818301301946733
311,462,1.0818277179091509
37,418,1.081814659778711
72,108,1.0817749648900084
111,311,1.081764714301141
437,453,1.0817548195236573
369,456,1.081748130602718
169,235,1.081722009197669
196,372,1.0817148061356912
98,134,1.081690199049946
326,452,1.081665689987294
41,163,1.0816645949403432
102,411,1.0816588761302837
59,67,1.081637539722682
330,429,1.0816363596777725
12,326,1.0816107895633988
311,415,1.0816013275828482
63,288,1.0815966675551771
104,450,1.08159126799792
317,366,1.0815158432996184
138,150,1.0815134794243206
93,457,1.0814906577337289
205,411,1.0814644487600364
60,77,1.0814400801296618
118,338,1.0814008540752127
11,389,1.0813944833922873
118,317,1.0813705736329373
99,130,1.0813621197227936
63,455,1.0813554210216463
118,285,1.0813271698487785
256,414,1.0812418044194874
6,91,1.081193931169619
175,312,1.0811834171049421
44,137,1.0811820634723623
116,160,1.0811624484649018
89,441,1.0811305087503114
120,140,1.0811078427877407
160,406,1.0810732728631562
176,288,1.0810279502636144
160,415,1.0809819697579357
273,459,1.0809758546272248
67,253,1.0809386198074913
33,252,1.080935169613049
172,178,1.0809238788504298
315,337,1.0808910990937313
113,214,1.0808772644114815
148,287,1.080843837465299
210,338,1.0808406640752446
12,103,1.0808358588649307
171,444,1.0808345903611205
121,143,1.080822951401918
176,437,1.0808137062390673
152,164,1.0807599329897724
116,237,1.0807560873801767
422,461,1.0807160588669749
13,327,1.08068955241132
112,323,1.0806171467579553
343,441,1.0805562042043484
3,269,1.0805281999904683
166,425,1.080521147957795
195,402,1.0804791582320368
210,300,1.0804752392218697
97,427,1.080389273231348
161,193,1.0803324433723014
314,451,1.0803071982111812
320,391,1.0802673215275949
208,216,1.0802472626916724
391,396,1.0802393519919438
366,460,1.080204888588218
83,380,1.080174796608537
217,288,1.080173558762169
115,320,1.0801702124449826
150,181,1.0801562470386257
85,94,1.0801368074207702
97,443,1.080027904332654
151,443,1.0800265882351263
136,169,1.0800256627954037
196,415,1.0800072127638753
286,397,1.0800002817710324
250,288,1.0799969966041552
102,397,1.0799826436829336
273,330,1.0799816122683843
127,448,1.079939756588949
66,254,1.079912991086203
55,461,1.079884597507487
129,162,1.079879270451821
12,338,1.0798595903504087
238,308,1.0798411725286412
436,451,1.0798163695315042
138,197,1.0797914499251429
129,431,1.0797508245129388
41,89,1.079720373692644
93,203,1.079720067864315
116,196,1.079718400626579
104,273,1.0796813011158923
152,272,1.079654382440077
236,414,1.0796518364939032
208,391,1.079627182691287
110,195,1.0796111216350546
67,177,1.0795926979003245
41,108,1.0795910179818595
137,461,1.079563194038496
121,263,1.0795568604903452
210,263,1.0795463839026147
115,193,1.0795450714741492
140,204,1.0795333518465584
77,450,1.0795271960467387
171,443,1.079511454081318
190,427,1.0794685085958937
89,256,1.079448526906007
148,226,1.0794326448608005
44,180,1.0793707691260868
119,198,1.0793425968160073
186,427,1.0793287620463243
358,459,1.0793159368775345
91,460,1.0792895671411924
70,167,1.079283058556955
168,311,1.0792536226150322
308,461,1.0792444898365523
14,219,1.0792044666823064
113,337,1.0791932228085683
414,428,1.0791852155350314
106,259,1.079180459731909
179,452,1.0791184726051657
211,406,1.0790584781210735
94,207,1.0790504034999326
171,458,1.0790295758929718
96,250,1.0789846871973274
426,459,1.0789377471114465
69,158,1.0789185907804255
197,270,1.0788392507336477
2,257,1.0787714298234776
96,172,1.078765314475536
120,451,1.0786878786803857
138,180,1.0786308209547288
186,265,1.0786252417527145
152,271,1.0786198849569633
263,318,1.0786195706037893
213,270,1.078578112051955
164,441,1.0785734688723623
397,425,1.0785597226066173
102,147,1.0785286493739232
9,308,1.0785018565923699
151,214,1.0784769427649519
11,411,1.078475376256038
60,140,1.078464216995633
131,255,1.0784635591755625
28,380,1.0784572709347116
112,459,1.078398652985554
214,263,1.0783923546376295
311,349,1.0783458115262288
186,256,1.078302764505435
108,444,1.0782815947812696
411,425,1.0782775919895629
13,218,1.0782468465161241
179,211,1.0781911553949906
179,187,1.078167615012932
425,446,1.0781651851941731
11,41,1.0781631689534532
143,337,1.07815960934505
63,269,1.0781383243536962
224,420,1.0781332512569979
6,166,1.0781263785510142
169,448,1.0781125494804904
134,149,1.0780715489650365
197,358,1.0780711857305074
7,19,1.0780576955208787
115,158,1.0779982990639432
5,60,1.0779564888359296
201,378,1.0779535852496398
130,145,1.0778826882760142
2,147,1.0778806867557909
259,426,1.0778769547343183
91,368,1.0778637075470754
10,396,1.0778591879578803
263,379,1.0778137881706213
204,455,1.077794424394402
70,257,1.0777569181106268
89,336,1.0777258890897623
14,343,1.0777222485120133
44,197,1.0777160023567127
102,396,1.0776792044419692
135,180,1.0776610206915866
252,385,1.077637323641898
127,458,1.0775958599023974
259,418,1.077579559199306
110,212,1.0775643478589336
160,172,1.0775339985758003
84,447,1.0775037333639315
368,436,1.0775037333639315
289,460,1.0774675106150111
316,401,1.0774564399328883
314,444,1.077449152102196
378,427,1.0774134497408174
199,434,1.0774111929373764
66,159,1.0773910373001265
108,137,1.0773845850324397
343,461,1.077353019892543
206,336,1.0772919654410333
120,202,1.0772907648451315
239,425,1.0772808820966857
140,245,1.0772666243645748
420,459,1.0772664119641409
171,378,1.0772590510289473
248,264,1.0772564513845455
134,222,1.0772563501663104
120,256,1.0772395932776795
70,437,1.0772376008741773
210,433,1.0771910553573045
37,349,1.0771842166379155
177,216,1.077178116748731
41,189,1.0771497369647804
10,37,1.0771462511448349
199,379,1.0771420851426412
161,273,1.0770859388902094
220,286,1.0770741984911054
437,446,1.077073268173818
138,443,1.0770361794551981
160,258,1.0770113377255046
198,391,1.0769277742132999
296,458,1.0769208488166166
216,235,1.0768654999255687
83,145,1.0768352092773703
67,320,1.07682670430616
63,450,1.0768180748430463
190,393,1.0767751977133913
12,117,1.0767571094452424
84,428,1.0767389961112537
284,444,1.0767321295398176
300,452,1.0767262252756835
97,200,1.0767183149559656
168,442,1.076689658150214
12,114,1.0766215308559985
165,248,1.0765903317401506
300,428,1.0765840423291324
143,259,1.0765732058568849
150,323,1.076556023346576
185,187,1.0765388473330735
84,154,1.0765272376845003
138,194,1.0764966432350103
136,393,1.076492310866158
115,441,1.0764879467885384
89,200,1.076456158823153
139,171,1.0764463117953726
106,159,1.0764448042694248
212,243,1.0764025898245362
72,462,1.0763890844810258
196,245,1.0763713333028164
114,181,1.0763694464872247
337,344,1.076369091135967
100,137,1.0763131700144781
135,439,1.076303562459293
164,338,1.0762948744056398
259,366,1.07624590698503
439,459,1.076239448304963
59,118,1.0762147092183514
144,442,1.0762134876521798
146,150,1.0762117516437908
238,453,1.0761583078900134
194,439,1.0761312530947384
158,442,1.0760344439678486
235,284,1.0760328419293326
403,408,1.076018457492457
99,358,1.0760037995045708
79,285,1.0759949905466961
217,343,1.0759859867471993
99,201,1.0759403673786203
65,428,1.0759307690935158
150,228,1.075920989299023
67,121,1.0758892778832658
79,171,1.0758342300553017
245,393,1.0758127231613397
150,255,1.0757958095203097
257,343,1.0757609976767757
94,187,1.0757568026249678
220,243,1.075721491835251
180,204,1.0757200620026999
338,442,1.0756977404878305
130,286,1.0756949417993076
127,145,1.0756724339203305
141,193,1.0756719876614182
28,251,1.0756409746970672
113,157,1.0756317516438438
330,458,1.0756266363527716
142,190,1.0756244711989507
79,156,1.0755726624177566
166,200,1.0755669383614586
154,425,1.075554266620118
63,462,1.0754851073492773
239,243,1.0754492682011993
172,318,1.0754195524852006
65,366,1.0754022735477418
165,290,1.0753744038293473
59,111,1.0752834789239083
167,433,1.0752822821358599
40,252,1.0752717236711355
248,429,1.0752652454210336
31,94,1.075253433966823
89,458,1.0752504442606658
129,216,1.0752498403940416
108,178,1.0752340755337308
292,300,1.0752228309670933
199,426,1.0751944972473368
89,248,1.075172011318001
96,138,1.075150725368806
166,366,1.0751366687386288
158,226,1.0751236532406743
134,237,1.0750892900436828
204,343,1.075044624626784
149,284,1.0750366856150704
180,216,1.0750224719996972
44,380,1.074957399201148
140,222,1.074936767106796
250,380,1.0749266772138992
177,296,1.0749241827855904
13,338,1.0749227857031085
380,448,1.0749179580163413
154,290,1.0748456507838904
209,327,1.0748311444133747
6,302,1.0747988676741291
89,183,1.0747788935906992
70,142,1.0747725518100664
198,458,1.0747725311714487
200,458,1.074760541633022
175,326,1.0747419542465704
198,252,1.0747362601835124
261,443,1.074714361150439
28,84,1.0746789339343454
338,452,1.074678933934345
343,415,1.0746581118200496
41,157,1.0746447473724008
103,213,1.0746308517414476
206,256,1.0746201639889938
149,448,1.0746149268971994
162,349,1.0746149268971992
33,111,1.0745589645016855
37,69,1.0745543293743385
234,319,1.074524532705792
169,420,1.0745156925235337
238,302,1.074512477964455
9,361,1.0745016551797526
234,262,1.0744894752753522
139,208,1.074477171399798
209,287,1.0744050926310749
243,349,1.07436091980877
171,461,1.0743516300023654
436,447,1.0743361728602037
146,199,1.0743330733721415
130,254,1.0743115754518993
189,445,1.0743092028418182
192,296,1.0743062530570953
60,378,1.074303190545386
59,255,1.0742834568831805
127,129,1.0742599733000047
214,312,1.0742122139710029
110,459,1.0742086361868257
234,368,1.0741852208166025
160,371,1.0741705103866626
2,428,1.07416870326665
78,259,1.074140947381463
177,439,1.0740608349261969
188,206,1.0740251194309038
172,253,1.0740209487800287
108,422,1.0740075781451137
145,320,1.0739827028535547
192,422,1.0739592063779804
12,399,1.0739518979058202
120,349,1.0739136178476134
260,450,1.0739042072275002
164,394,1.073900648956995
69,96,1.0738929784050877
315,422,1.0738360694822768
116,204,1.0738169464357985
91,380,1.0738152897081925
235,243,1.073807576528202
181,414,1.0738048805778235
251,420,1.0737760039455722
222,378,1.073771441936601
163,353,1.0737334500942115
183,212,1.0737238810809435
149,236,1.0737134415964407
150,443,1.0737108275443294
149,189,1.0736849109133397
9,70,1.0736648776711264
60,211,1.0736546594279135
115,323,1.0736340913554796
174,379,1.073588044145849
375,450,1.073571284600344
202,243,1.073534232583504
202,422,1.0735219796323685
414,438,1.0734955856861756
29,337,1.0734649892433505
255,320,1.07346325073536
182,389,1.073453486055012
89,420,1.0734532859381507
8,70,1.0734297953426464
188,284,1.073421038622247
147,406,1.073409258095604
380,430,1.0734064361839593
220,300,1.0733734654906193
77,150,1.073369844771467
138,337,1.0732919487194443
416,425,1.0732847167507942
28,232,1.0732596278491944
48,148,1.0732393731863021
200,260,1.0732275126538735
139,286,1.0732245697108018
235,288,1.07318761564423
197,314,1.0731686537881688
253,420,1.0731423794735377
378,426,1.0731422325282387
13,442,1.0731272814156052
358,403,1.0731009873551125
129,156,1.0730950268862767
135,418,1.0730902405391916
61,271,1.0730892565525068
171,250,1.0730749196504845
118,358,1.0730640297008185
195,426,1.073062695766497
147,230,1.0730536121949699
116,206,1.0730374720265252
134,176,1.0730080542866303
161,296,1.0730017854127314
120,177,1.072959731308472
169,248,1.0729499228782267
2,173,1.0729055953200561
139,366,1.072892079308136
160,233,1.0728898262027224
284,385,1.072880039256086
144,157,1.072877370371013
149,183,1.0728529660119064
77,366,1.072829568219183
6,375,1.0728247324042837
139,447,1.0728168045163196
104,150,1.0727905072913704
3,160,1.0727683138330126
189,286,1.0727666753392893
101,195,1.0727651464252979
205,302,1.0727588048082644
134,428,1.072751258620727
216,393,1.0727382289713026
96,216,1.0726960356655986
152,257,1.0726561071375604
210,418,1.0726522790971087
19,173,1.0726506852891067
84,452,1.0726497090629015
166,441,1.072619154767708
145,151,1.0725996753358173
77,434,1.0725480354389652
3,199,1.072547576142657
436,448,1.072519545536237
234,438,1.0725106771852655
235,256,1.0724662662138884
215,250,1.0724117186260629
181,285,1.072401916105433
331,368,1.072394221537826
100,320,1.0723884126540832
13,151,1.072339557166959
137,420,1.0722556340261507
80,458,1.0722459905859447
237,320,1.0722416478191
91,160,1.0722138325510397
234,414,1.072213784561062
136,212,1.0721940746874725
144,204,1.0721932426218084
138,368,1.0721678601827562
161,375,1.072157482106171
156,448,1.072144770818073
204,458,1.0720963734320517
113,175,1.07205905635374
93,245,1.0720566251063848
311,441,1.0720434913782932
166,302,1.0719815518150602
159,201,1.0719632399611103
302,438,1.0719533888083956
94,412,1.0719158230053574
97,431,1.0718956690028902
11,65,1.071895430998747
263,452,1.071877090238737
70,119,1.0718626379968892
28,141,1.0718396319094865
127,261,1.0718391282624733
69,450,1.0718242158538085
72,444,1.0718086705598118
108,183,1.07179670023864
104,217,1.071765016779224
65,197,1.0717595322674958
255,444,1.0717414885089125
202,326,1.0717187062960574
151,237,1.0717031371844268
190,380,1.0716888200326453
183,192,1.0716673132757757
66,212,1.0716486631233535
193,343,1.0716327705329114
127,131,1.0716293966696624
96,349,1.0716169173731898
238,420,1.0716013399740292
66,343,1.0715853538402058
69,186,1.0715729263815734
106,196,1.0715582751509438
67,456,1.0715286206313246
115,179,1.071514903055009
220,343,1.0714881262902654
319,442,1.0714750961708273
110,216,1.071474993950971
261,411,1.0714721949518622
125,262,1.071470228481549
79,202,1.0714684450192595
189,290,1.0714382368841846
13,418,1.0714126979391316
323,438,1.071337124920481
132,217,1.071334080952162
66,438,1.0713261089745987
142,237,1.0713250845952147
169,180,1.0713227087768278
162,243,1.0713098561528522
175,208,1.0712538413604078
63,414,1.0712151850348763
65,445,1.0711853816146872
70,443,1.0711638876756464
236,255,1.0711541699194038
63,157,1.0711484355087826
208,458,1.0711215802861414
8,358,1.0711139557404077
181,193,1.0710618899991875
191,358,1.0709861920450954
239,292,1.070941113248864
13,243,1.070914587876601
286,308,1.0708471976984373
112,378,1.0708234399489587
137,176,1.0707828077108636
220,314,1.070768643913701
260,438,1.0707589287939325
248,284,1.0707508142309856
193,366,1.070690927629018
159,349,1.0706730617767244
91,236,1.0706705029381154
113,393,1.0706689807371346
141,326,1.0706574186725972
214,302,1.0706302007235853
192,216,1.0706127900781446
41,343,1.0706037696578514
55,217,1.070556791878048
80,180,1.0705424235256396
147,248,1.0705018313016168
425,436,1.0704172663121878
37,63,1.070383041956487
212,296,1.0703640742316716
67,189,1.0702734115287351
11,226,1.0702517234587834
161,284,1.0702446895202904
104,258,1.0702425473360735
200,284,1.070236366095339
6,134,1.070232551636905
100,193,1.0702216386483827
313,385,1.0702082190555924
44,314,1.0701882325082026
114,173,1.0701763277252854
399,458,1.0701753850310791
113,273,1.070149640770797
116,119,1.0701378403280788
19,134,1.0701342563334417
7,61,1.0701313886810002
113,156,1.0700720158296972
162,290,1.0700387929044268
222,253,1.070024955313788
104,129,1.0700102055583918
229,461,1.06998935048268
121,204,1.0699762203012484
95,226,1.069967431519091
179,210,1.0699381194284232
393,414,1.0699299633496155
104,436,1.0699028523376826
10,317,1.0699024697218862
108,110,1.0698955027601704
229,252,1.0698754039668699
84,461,1.0698739091946465
171,447,1.069825449826043
179,206,1.0698216988205527
72,121,1.069794960321279
127,264,1.069780975140018
243,311,1.0697600708698674
6,343,1.069721845516391
312,436,1.069652185951482
196,457,1.0696053054146235
3,236,1.0695956231909023
79,210,1.0695930470585218
41,141,1.0695914395181487
156,228,1.0695834340634403
84,176,1.0695796772073238
70,166,1.0695588090125074
372,447,1.0695453123373655
112,270,1.069541773388773
140,243,1.0695273301574497
141,414,1.0695087661203522
228,393,1.0694924394406073
80,236,1.0694910466040435
439,443,1.069476173280199
202,296,1.0694606917790708
67,202,1.0694361674210997
139,436,1.0694205250608297
265,448,1.0694027380007527
95,355,1.069393628384566
14,379,1.0693632972192937
159,330,1.0693562306915338
7,246,1.0693452243749793
375,394,1.0693406312993805
113,349,1.069326990483143
130,206,1.0693054165682254
186,285,1.0692622051381686
110,191,1.069260962956178
239,458,1.0692572723461897
95,278,1.0692460363935368
104,235,1.0692191933627089
211,229,1.069180942298446
13,300,1.069173949792794
140,263,1.0691315837325919
151,174,1.069107642622048
93,358,1.0691066504043314
245,254,1.0691025274597603
273,300,1.0690567143344123
108,369,1.0690240051454063
145,435,1.0690211776959577
121,378,1.06901423493099
189,451,1.0689665670209483
167,411,1.0689506487438185
59,254,1.06894450415362
157,451,1.0689382735205417
147,434,1.0689354558445499
152,462,1.0688546310311193
61,93,1.0688095493883918
208,436,1.068802560404809
236,286,1.0687790502248795
210,361,1.0687699205496974
179,431,1.068766008293184
217,438,1.0687551735722791
150,171,1.0687496709331616
160,401,1.0687451471584988
198,316,1.0686996032536131
163,355,1.0686767092807323
200,288,1.0686718790910803
120,137,1.068664445681259
175,422,1.068586563119232
140,171,1.0685808180314869
402,458,1.0685774292915449
204,436,1.0685675990150747
200,323,1.0685549836271375
212,265,1.068517540118569
163,371,1.068482469490783
136,156,1.0684573541598505
213,408,1.0683993518767236
292,349,1.068390042041795
185,237,1.0683899052129382
28,194,1.0683647359196815
151,239,1.0683620474348403
112,296,1.0683304068678803
8,308,1.0682868252782531
108,461,1.0682382755907944
263,292,1.068236819457282
173,415,1.0682327536873253
135,193,1.068217935496396
190,323,1.0681940059525457
99,397,1.0681761233279592
20,456,1.068159614378786
444,451,1.0681420563378305
19,182,1.0681397860236195
237,443,1.0681385036970459
77,445,1.068137662310349
100,336,1.0680856765722406
202,273,1.0680153638049363
29,447,1.0679506562401198
248,253,1.067944198979303
55,176,1.067920352640832
269,366,1.0679166445118968
121,122,1.0678732496923877
194,436,1.0678618171638894
2,3,1.0677405143177168
236,434,1.0677094407359082
83,288,1.0677016429752766
14,44,1.0676967435516374
191,375,1.06767239062445
78,99,1.0676156077226293
119,188,1.0676058208604438
110,157,1.067596229934997
65,89,1.0675679968105851
194,420,1.0675144979227438
209,366,1.0674828873431321
141,229,1.0674746869982714
201,459,1.0674553048335864
224,358,1.06741967725136
218,239,1.0673847142219335
248,250,1.067312083761881
235,314,1.0672970901055194
43,290,1.0672860503209098
214,436,1.067280316641947
292,414,1.0672344332906984
130,136,1.0672333153152882
70,254,1.0672248222691971
396,435,1.0672081882867797
272,300,1.0671991296028973
138,458,1.0671815501036361
154,201,1.0671104405703942
144,212,1.0671084719353492
171,435,1.0670893203864555
113,358,1.0670473250132038
243,343,1.0670334160801673
69,314,1.0670249217039411
206,418,1.0670045150940384
140,202,1.0670021872501854
202,317,1.0669964916351706
4,74,1.066992168940283
67,96,1.066984077287317
197,454,1.0669633325863759
187,315,1.0669562895307934
150,316,1.0669541031867822
129,284,1.0669449029641855
14,260,1.0669149421774609
154,273,1.0668821598577258
191,411,1.066822612749372
185,234,1.0668199347920322
248,443,1.0668140474394925
243,450,1.0667964791454378
108,314,1.0667921041032487
238,330,1.0667631807318956
72,243,1.066750427654632
262,415,1.0667260740673294
99,257,1.0667034788016865
174,273,1.0666995073988583
157,425,1.066695004449132
60,259,1.0666811674927386
108,186,1.0666681488615164
61,425,1.0666462434395458
171,425,1.0666456694560578
212,273,1.066637849086854
265,414,1.066630436487976
111,188,1.0666303533694297
389,403,1.066622132762799
180,260,1.066615683594411
97,137,1.0666144849277739
12,229,1.06658662383859
65,199,1.0665684568272409
208,429,1.066543152271298
135,145,1.0665132710556986
375,445,1.0664901958208826
161,456,1.0664777932818241
171,414,1.0664625076947214
150,429,1.0664547424351607
120,380,1.0664523828922565
185,302,1.0664479581627095
422,446,1.0664099530623743
175,215,1.0664040031216824
170,422,1.0663396219480505
158,439,1.0663340251335724
204,234,1.0662495824841314
8,29,1.066240698573451
192,212,1.0661975196926827
127,189,1.0661769306128268
168,292,1.0661665539087168
175,216,1.0661387697923113
314,427,1.0661327621439716
80,186,1.066126494695065
140,442,1.0660474893448302
102,292,1.0660089147021974
198,237,1.0660045212554379
120,224,1.065955950820828
256,378,1.0659489515320453
403,435,1.06592536249991
61,163,1.065896662276018
164,183,1.065885400594444
100,101,1.0658760503908238
154,436,1.065832166399781
212,439,1.0658288362386383
61,213,1.06579711478262
83,173,1.0657612376136225
186,447,1.065732264567286
4,434,1.0657255529247573
127,255,1.0657122794653446
55,134,1.0656983122027204
80,375,1.0656649463848995
95,397,1.0656297700284159
9,300,1.0655917513285116
315,435,1.0655861192515184
3,202,1.0655774754522598
155,402,1.0655774754522596
104,411,1.0655670751377704
215,318,1.0655669955157632
104,138,1.0655028517654797
67,199,1.0654783549097875
224,436,1.0654298579711678
37,261,1.065425925077254
202,444,1.0654074993382816
60,314,1.0653966439279299
129,148,1.0653862045042433
115,292,1.0653583436358955
37,445,1.0653525432678894
9,33,1.0653327332292908
77,138,1.0653190658016207
149,176,1.0653190003797142
217,427,1.0652989077279398
343,369,1.06525559149901
127,168,1.0651720338213737
248,444,1.0651593099432881
77,312,1.0651472855355568
436,456,1.0651150855963394
112,154,1.0651137753630748
150,208,1.0651023768107195
177,228,1.0650950118774714
19,319,1.0650579134399445
228,429,1.0650456135476691
170,383,1.0650147527560674
132,183,1.0649992483910486
254,290,1.0649908254107538
59,327,1.0649643966716653
84,238,1.0649504709074307
5,406,1.0649500660415907
19,77,1.0648914354711632
185,217,1.064883719730571
11,138,1.0648554836663138
360,385,1.0648479659371413
141,349,1.064703010773374
54,94,1.0646848346301454
37,233,1.064677943965552
14,174,1.064672542792792
396,461,1.0646655932752505
344,368,1.0646599762520783
169,224,1.064656409329272
375,414,1.064620190674454
393,422,1.0646075708460652
106,155,1.0645784521609056
169,256,1.0645760588812652
2,200,1.0645717713604599
7,62,1.0645270114372583
308,445,1.0644815993251107
65,455,1.0644493870931944
61,111,1.0644376296303553
19,167,1.0644175900120154
69,233,1.0643495787236166
172,252,1.0643230076295784
62,378,1.06429964832331
214,401,1.0642985576154589
164,349,1.0642962891769752
113,121,1.0642881187436612
205,394,1.0642694148716836
40,77,1.0642670867281425
302,443,1.0642316602842719
212,338,1.0642126871270883
10,425,1.064199274806817
259,291,1.064180624785777
80,232,1.0641709461206974
414,444,1.0641688942160161
55,314,1.0641138955753426
32,94,1.0640917816300155
70,448,1.0640787804970404
144,253,1.064054378532174
95,230,1.064012055483997
236,291,1.0640058570700055
318,338,1.0639768731393742
415,459,1.0639351815506668
260,375,1.0639310176501082
216,435,1.0639299107626563
175,198,1.0639105132749598
183,459,1.063903439104908
167,457,1.0639008506605918
6,69,1.0638985319312066
158,317,1.0638892890579472
197,329,1.0638693890623114
197,344,1.0638684636550046
84,442,1.0638530577313852
6,288,1.0637525653529085
204,316,1.0637488443012952
200,265,1.0637487214237116
271,439,1.0637409370055368
104,263,1.0637360320583877
168,200,1.0637303133170928
211,287,1.0636723948781903
176,273,1.0636696213554064
183,444,1.063656988657451
80,200,1.0636124131877842
212,415,1.0636123256922094
173,330,1.063603424839803
171,437,1.0635974261142565
211,330,1.0635776768529919
84,181,1.0635525997749262
190,224,1.063546845583865
136,178,1.0635389149852288
143,144,1.063525340167573
308,460,1.0635227140854329
97,292,1.063509709451055
251,330,1.0635005774644128
216,250,1.0634979271837757
366,393,1.0634875355635327
121,445,1.0634844461658906
104,270,1.0634539517342103
177,447,1.0634192278113643
139,190,1.0634170824773825
302,316,1.0634087798370953
59,213,1.0633719177902552
285,461,1.0633647692130632
190,284,1.063360910157207
220,228,1.0633533282690064
154,439,1.063340287917166
84,157,1.0633307159240648
212,445,1.063310074926188
37,216,1.063301226023455
438,454,1.063300563292596
188,224,1.0632978476844712
239,314,1.0632647024976858
108,204,1.0632517972833673
145,314,1.0632304779948722
228,288,1.0631897524822274
213,233,1.0631879138221736
77,116,1.0631754226840866
59,189,1.0631628884171094
396,428,1.0631166664995138
315,450,1.0631152959538919
180,250,1.0630872900850772
83,178,1.0630221577827328
201,368,1.0630190732980158
97,455,1.0629793902999092
166,414,1.0629737146034228
224,245,1.0629596334351274
196,330,1.0629538116036843
91,450,1.0629316587434183
40,443,1.062926929999288
393,441,1.0628898643523121
169,284,1.0628647647509197
193,261,1.0628425086645177
237,438,1.0628114894623468
29,158,1.062805281537426
131,168,1.0628000983389705
41,262,1.062793399742271
222,438,1.0627932082557066
100,152,1.0627746439652648
29,99,1.0627532637705999
261,396,1.0627504542171546
315,414,1.062748886046972
318,442,1.0627360311673786
209,434,1.0627210193472731
248,269,1.062717375081768
213,389,1.062706568214294
224,394,1.0626989422530162
344,378,1.0626923439692202
187,239,1.0626846220363169
435,453,1.0626837781809113
343,427,1.0626719313633575
41,111,1.0626688818936283
214,372,1.0626283142564548
67,435,1.0626152758346095
161,286,1.0625762637409326
169,218,1.0625429720926258
113,271,1.062488396666628
130,186,1.0624757561657538
120,228,1.0624731754067596
151,264,1.0624693165456296
63,314,1.062425797337844
176,444,1.062422118613726
284,427,1.0623886133145444
69,428,1.0623762406173105
72,438,1.062299420890319
190,258,1.0622943471227682
120,448,1.0622772289464126
193,224,1.0622476452463205
193,443,1.0622151400665574
44,159,1.062210081293439
170,229,1.062173565391964
211,338,1.0621294521841962
13,152,1.062096731651767
169,458,1.0620926035119942
264,423,1.062084369065154
41,379,1.0620798331329204
226,252,1.0620607962094053
260,337,1.0620573756034053
84,141,1.0620059515582185
139,263,1.0619819532402595
9,270,1.0619636616945423
55,216,1.0619494617430574
80,418,1.0619412594103466
169,234,1.0619302473275554
137,285,1.0618951129803471
97,171,1.0618570272531642
77,143,1.061843105370606
139,202,1.061832338768768
118,234,1.0618195940592492
308,425,1.0617975463721943
4,19,1.0617885370517939
177,380,1.0617565491347913
3,206,1.0617364958326492
12,190,1.0617227068028372
131,239,1.0617205896957864
108,436,1.0617172481888026
151,269,1.061705515470358
127,141,1.0616967148000085
288,308,1.0616130600602431
260,429,1.061600512078486
14,67,1.061597166451869
378,450,1.0615910432312425
136,323,1.0615794678089019
44,317,1.0615657344892269
256,336,1.0615369166430706
161,442,1.061404834831793
224,234,1.0613940241670254
222,447,1.0613472456241873
80,224,1.061327128691988
11,110,1.0613026354352537
104,336,1.0612712038146657
443,454,1.06126537294629
248,285,1.0612581453420744
197,371,1.0612381859966342
150,206,1.0612230641188996
41,162,1.0612214971700247
9,62,1.0612214300904907
63,178,1.061192455879165
65,403,1.0611726844025058
140,144,1.0611677490292868
134,193,1.0611237583235784
79,182,1.0611147948297346
170,222,1.0611108504010882
162,216,1.0611032056443048
397,455,1.0610973704876139
134,265,1.061064667413802
175,415,1.0610352918396344
121,234,1.0609474943866306
170,270,1.0609372640543953
194,215,1.0609317813344323
178,391,1.0609289700214586
135,181,1.0608551648672286
25,271,1.0608064478353132
145,445,1.060769845051232
312,393,1.060759149470641
269,422,1.060748888221436
70,271,1.0607429521429057
111,218,1.060732756988688
37,257,1.0607208595609448
195,433,1.0607186527796901
59,323,1.0607138697053045
302,461,1.0607110653080716
107,132,1.060702315014854
136,423,1.060680187178969
101,155,1.0606550536226302
431,444,1.0606176854166343
33,148,1.0606140172140754
6,411,1.0605907782193142
222,441,1.060577244237316
152,188,1.060569493755263
216,290,1.0605519937486547
108,415,1.06055073640556
5,434,1.0605439102501768
327,460,1.06053902426675
131,406,1.0605304779504348
372,459,1.0605121565645448
63,145,1.0604238120698686
149,317,1.0604201944052072
229,292,1.060413820835787
245,456,1.060411553402966
205,371,1.0603838474725542
33,262,1.0603799721374196
218,269,1.0603511051385848
79,199,1.0603186177136164
393,439,1.0603111124005042
44,119,1.0602662951051298
337,418,1.060215596690557
142,230,1.0601794089219352
10,435,1.0601422693398628
206,250,1.0601376835057907
5,20,1.0601234202035383
219,456,1.0601025170675493
287,318,1.0601007230111132
300,393,1.0600444241824372
131,448,1.0600256490686535
415,435,1.059960926455653
318,406,1.0599594366265765
136,271,1.0599495495067255
164,285,1.0599200053200832
186,379,1.0599140859014806
224,336,1.0599054176509266
175,308,1.0598972554263957
358,431,1.0598925109183492
450,454,1.059875149285566
166,427,1.0598694639902937
41,224,1.0598407198027848
137,441,1.059837900561768
19,425,1.059776959052554
29,140,1.0597305086036963
155,344,1.0597247095949003
137,300,1.0597186710490223
343,436,1.0596253595885807
292,319,1.0596100801488073
103,323,1.0595726359703723
228,431,1.0595611708744785
397,452,1.0595477896936425
115,378,1.0595458386834484
219,271,1.0595265194900436
137,445,1.0594640855907822
144,256,1.0594055756356804
156,426,1.059401990926324
142,228,1.0594006730870464
158,193,1.0593687519962434
79,141,1.05936729505521
66,197,1.059357826968136
174,439,1.059355316935756
420,441,1.059312499011386
19,137,1.0593017302981014
61,253,1.0592881798658076
37,192,1.0591877122379043
96,415,1.0591740567166965
220,248,1.0591582535664303
135,188,1.0591145966432567
204,371,1.0591015941846345
177,208,1.059090332140708
250,284,1.0590888444750002
100,437,1.0590692120014695
84,205,1.0590345418711786
141,306,1.0590023959824193
72,178,1.0590022367506895
204,311,1.0589041545940834
206,263,1.0588930326484827
8,129,1.058867543499039
166,258,1.0588458662982867
9,411,1.058837144992246
427,451,1.0588167493010545
229,254,1.0588125645271993
98,250,1.0587142782683205
317,447,1.0586782736580669
66,210,1.0586673079967777
330,438,1.0586652005796418
259,358,1.0586551106867454
99,383,1.058647439622803
83,428,1.0586430726327798
209,302,1.0586067225171127
313,399,1.058605512893282
158,290,1.0585952986397056
145,379,1.0585870287984307
142,429,1.0585777557873013
265,289,1.0585646012810341
375,431,1.0585639922562564
100,349,1.0585542186205148
261,458,1.058511416470795
151,198,1.0585110524439358
8,415,1.0585009692427352
150,461,1.0584315097972428
100,186,1.058409014465871
11,127,1.058381471831274
67,265,1.0583391575593482
119,138,1.0583016937879473
368,389,1.0582966248801542
83,159,1.0582778122499332
261,326,1.0582751821171017
61,224,1.0582751821171015
77,372,1.0582689345215104
132,411,1.0582540461446224
29,141,1.0582392107476382
147,300,1.0582367291578925
13,41,1.058226233008722
61,209,1.0582116247921625
204,265,1.0581853504659406
229,337,1.0581852042403692
203,213,1.058184860974678
97,438,1.0581780580554045
134,174,1.0581302870592142
292,396,1.0580135170422098
396,431,1.05798374297402
145,248,1.0579835535993936
418,425,1.0579695429909035
337,419,1.057955668038689
112,448,1.0579535055115454
100,448,1.0579360606979016
95,245,1.0579328135639137
182,366,1.0579243108310061
313,449,1.0579181852253374
186,375,1.0579157016568992
116,262,1.0579051094603544
99,207,1.0578852874389686
427,441,1.0578817447534066
174,284,1.0578589719500984
193,314,1.0578347372429675
98,112,1.0578109595028689
238,399,1.057800996869274
229,460,1.0577969224268449
136,450,1.0576961834411023
167,454,1.0576806919237043
264,314,1.0576804939129238
9,360,1.0576710136034198
100,343,1.057663946813376
239,375,1.057640663682879
37,185,1.0575703674404677
89,100,1.0575625985575814
113,134,1.0575543816407573
3,253,1.057474804001079
127,243,1.0574523413041785
259,349,1.0573942730237722
255,461,1.0573905774950805
193,456,1.0573753934641243
131,216,1.0573742763938698
368,394,1.0573733117384574
113,131,1.0573534719813846
169,349,1.0573386644017773
70,210,1.0573265419532698
204,292,1.0573197447996492
98,435,1.0573177185309441
89,414,1.0572691498607931
308,317,1.0572667639715139
180,451,1.057186836148673
14,70,1.0571563143584553
338,455,1.0571298508013323
265,441,1.057128439565957
12,442,1.0571267700341953
201,461,1.0571241786791399
113,191,1.0570981475869816
210,423,1.057087682800213
263,438,1.057055262601811
148,201,1.0570551211909804
121,129,1.0570449015763432
79,151,1.0570435902395081
113,437,1.0570316743090793
157,454,1.057023074660834
6,263,1.0570109725008665
406,452,1.0569543006005744
155,385,1.0569014807824149
318,344,1.0568798041363379
10,290,1.0568691351064448
11,143,1.056847850053388
66,157,1.0567531956139826
180,326,1.056699202389394
393,396,1.056698056749934
10,285,1.0566696602726109
40,160,1.056667632417423
120,284,1.0566412728652632
10,411,1.0566346735912657
69,378,1.0565901715018546
259,441,1.0565792689157412
402,427,1.0565530230262516
129,232,1.0565441905121167
396,438,1.0565256041419373
9,401,1.0565242127669672
59,173,1.0565145241254505
72,286,1.0564859226142012
135,164,1.056477128547917
101,213,1.0564717177036684
9,442,1.0564678788008839
84,236,1.0564477481688865
198,337,1.0563714767734809
149,228,1.0563349367064867
102,403,1.0563134987760325
120,131,1.0562576893777396
313,372,1.0562351412247695
200,272,1.0562112292461279
129,177,1.0562000525220023
28,167,1.056172097056164
40,452,1.0561599482429012
219,232,1.0561454011438305
118,193,1.056133519964531
97,132,1.0561159805156544
69,393,1.0560751203923995
254,411,1.0560718932516837
102,164,1.0560699802440645
323,434,1.0560661272798422
204,216,1.0560275260479002
213,231,1.0559589225584216
300,375,1.0559109830846203
154,237,1.0558812977947112
208,456,1.0558715195783097
343,394,1.0558032298394942
142,152,1.055802101541135
10,234,1.0557853944418625
206,215,1.0557787802813148
208,420,1.0557772513984645
172,211,1.0557646992914642
162,418,1.055752501320668
137,414,1.0557288892837327
37,186,1.055711218113802
393,420,1.055689159256781
170,411,1.0556767955267334
229,393,1.055641134964046
110,452,1.055625501444106
163,385,1.0556171062308768
72,174,1.055593775677398
62,165,1.0555684679011137
330,380,1.0555638285931237
181,250,1.0555398643426417
199,418,1.0555331250700204
72,157,1.0555186391799625
20,65,1.0553910386349215
6,334,1.0553860251166531
136,216,1.0553833450044938
112,113,1.0553565267352476
93,388,1.0553532192449844
187,220,1.0553240258066199
136,150,1.0552283032701675
313,406,1.0552089542761753
186,366,1.055192530120184
205,222,1.055181988874639
185,235,1.0551207964387952
224,442,1.0550667409146715
186,218,1.055055658025669
60,67,1.055046611419251
78,213,1.055043885347113
98,142,1.0550288064276947
84,427,1.0550279223062478
188,263,1.0550165630606454
83,209,1.0550074015374402
127,183,1.0549124843903026
284,432,1.0549112875523936
8,66,1.054908713326282
327,447,1.0548391715117513
163,334,1.0548133968825895
186,208,1.0547942702494373
228,380,1.0547865360349846
202,431,1.0547840939106063
2,261,1.0547731686306117
260,316,1.0547675359248778
104,135,1.05472634243649
139,150,1.05469082941053
37,179,1.0546633553589617
77,250,1.0546364670903974
113,378,1.054636458561846
257,461,1.0545844330906529
255,330,1.0545323325845861
141,265,1.0545319788167689
291,318,1.0544805540391526
288,433,1.0544626447507697
80,443,1.0544551770930484
169,183,1.0544435907673904
149,444,1.054414712792866
183,269,1.0544067464165323
182,331,1.0543899334740532
415,456,1.0543574651398013
164,171,1.0543447509387522
9,201,1.054297853769533
140,183,1.0542670442117152
13,149,1.054261918192404
55,285,1.0542607239214674
196,411,1.0542406686352437
196,360,1.054229581879511
191,415,1.0542070584878909
9,40,1.0542030394186175
103,118,1.054143196975054
77,218,1.0541049755959553
121,208,1.0540990841612266
98,201,1.054086913099485
192,300,1.0540847891444858
204,235,1.0540745110465368
289,447,1.05403433686996
127,132,1.054024270790379
215,259,1.0540087884178408
248,461,1.0539829824508429
59,435,1.0539340493355993
258,315,1.0539167866395518
158,292,1.0538356688668244
63,315,1.0538162571879224
19,131,1.0537791059136372
37,243,1.0537690182334312
80,131,1.0537626649527678
453,460,1.0537563039883595
330,452,1.0537503063655258
55,418,1.0537471942010384
323,366,1.0537432709454706
375,420,1.0537181806315912
264,372,1.0536938270092762
70,165,1.0536192633252681
127,186,1.0536160556528147
164,366,1.0536068363609066
166,212,1.053597623623864
262,436,1.0535572568751486
132,427,1.053551343534997
265,429,1.053481897808784
317,343,1.0534639759473483
160,327,1.053446881445302
169,212,1.053413436434957
262,358,1.0534113659900517
108,256,1.0533937568706695
137,435,1.0533928941771449
229,326,1.053388615667352
113,243,1.0533449509757116
129,261,1.053342327408798
166,311,1.0532782241014451
78,262,1.0532539223036579
185,441,1.0532358675232762
271,327,1.0532294556755144
269,436,1.0532193734316535
380,451,1.053196138703902
155,233,1.0531912287767458
110,206,1.0531701364776402
44,136,1.0531394337465663
300,427,1.0531313388298313
158,218,1.0531003035528235
189,366,1.0530965665850178
129,174,1.0530755240973955
222,456,1.0530558995425972
84,115,1.053046568496982
330,461,1.053038872754332
213,369,1.0530377280287373
223,313,1.0530201317820653
230,264,1.0529783466939358
343,451,1.0529513952421627
378,397,1.0528644927465687
178,439,1.0528334060131166
170,187,1.052830851136693
63,100,1.052805648509348
368,446,1.0528002978589686
179,290,1.0527943164645706
55,441,1.0527895865105337
217,257,1.0527709576821382
13,193,1.052763318826995
100,337,1.05275340077727
286,462,1.0527460158194173
118,454,1.0527032726338093
69,431,1.0526993853019813
263,458,1.0526811586153966
67,118,1.0526797619025539
199,397,1.0526115221303163
146,210,1.0525874578238426
19,441,1.052580245536609
67,273,1.0525801560058823
55,136,1.0525787595697866
263,320,1.0525503403124565
119,287,1.0525459628325395
138,452,1.0525384240891695
129,456,1.0524144566949976
37,447,1.0524127456264845
83,368,1.0524030970687241
190,262,1.0523831272932507
118,327,1.0523473758594817
44,142,1.0523201236416624
63,263,1.052309023498686
288,396,1.0522936698086063
378,418,1.0522868775753587
264,371,1.0522866034657596
157,439,1.052267652954781
89,179,1.0522602521711428
255,260,1.0522552152119462
143,239,1.052243920247121
148,372,1.0522322297572329
119,234,1.0522183895249189
184,189,1.0521991925913303
284,411,1.052188402093777
12,287,1.0521680575143602
29,380,1.052159321350855
121,190,1.0521573351513018
12,363,1.0521172433910515
201,452,1.052113904255419
119,201,1.0520569333344358
98,229,1.0520490404878495
3,157,1.0520321948698081
121,138,1.0520273517310617
139,429,1.0520226097070149
136,269,1.0519729306672267
11,436,1.0519459766362733
4,449,1.0519380818561512
5,394,1.0519325792170333
317,438,1.0519043649621354
83,254,1.051897867140404
19,202,1.0518825415487258
182,302,1.0518749017973132
220,396,1.0518443869455594
190,429,1.0518075983839736
107,456,1.0518000473816218
181,317,1.0517908990996665
102,443,1.0517863595900891
67,286,1.0517810998829988
204,450,1.0517677670087826
262,389,1.051756676640367
229,444,1.0517481702789542
110,315,1.0517479973596089
271,329,1.0517477617296822
232,418,1.0517294528038144
2,193,1.051707125034367
411,455,1.0517019167770134
167,226,1.051685431792919
286,337,1.0516712066329732
152,288,1.0516650616825614
311,378,1.0516448157228375
401,460,1.0516407575600037
189,349,1.0516347635563468
318,387,1.0516201288754015
40,176,1.0516097914060705
263,380,1.0515766971392908
326,391,1.0515718623787345
121,193,1.051561398220894
13,237,1.0515292068193434
136,403,1.0514977920461088
44,393,1.0514913920893787
160,411,1.0514911759293066
141,286,1.0514888681519956
97,437,1.0514834846217553
99,320,1.0514528901722653
108,349,1.0514507367739647
104,391,1.0514478612471072
138,145,1.0514291268910003
189,198,1.0513980109190924
337,394,1.0513620844678695
235,415,1.05136052067449
72,211,1.0513352472314743
25,238,1.0513067715640798
83,271,1.0512546332783839
219,452,1.051226828808132
160,184,1.0512061551291259
67,168,1.051184413361192
394,460,1.0511503493061611
106,380,1.0511445368490235
214,285,1.0511202167668836
260,459,1.0510848409351712
204,422,1.0510671177762518
206,439,1.0510638866266753
172,236,1.051042940582545
271,372,1.050999394818648
66,170,1.0509777316477382
234,271,1.05093989520776
257,285,1.0508792735700803
323,358,1.0508791457811058
28,95,1.050852491681993
14,420,1.0508002264486869
198,429,1.0507964649542922
155,287,1.050784853243567
260,338,1.0507675693880607
213,327,1.050744059381671
169,217,1.0507255795613908
380,432,1.050676699916914
20,262,1.050674537963767
205,406,1.050657889995103
114,163,1.050651597664525
102,425,1.0505621395305067
162,435,1.0505501064981655
222,259,1.0505215658765252
193,251,1.0505174434179316
256,441,1.0504959872019444
151,375,1.0504559975628418
330,443,1.0504196135910127
72,458,1.0503752759665825
120,169,1.0503665675664382
171,186,1.050311963216911
138,259,1.050309077238011
236,422,1.0503043082606363
67,164,1.0502578966870453
96,179,1.050240882699693
228,286,1.0502316012688866
55,243,1.0502250963621365
181,375,1.0502194081076108
379,414,1.0502061917010093
161,330,1.0501793175867562
99,338,1.0501637834649655
97,256,1.0501627844901833
189,415,1.0501531774520902
41,205,1.050151554271023
263,447,1.0501228517377934
114,167,1.0500977997264986
94,416,1.05006859709754
79,111,1.0500355000645925
33,163,1.0499924330381092
136,239,1.0499847021588324
272,399,1.0499682993116644
121,187,1.0499637087007636
238,258,1.0499405118615108
100,235,1.0498896049629796
273,391,1.0498834835311592
65,261,1.0498721449439725
77,389,1.0498613430413266
60,323,1.049831203055778
97,119,1.0498272919664946
150,425,1.049821502219002
8,419,1.049800672222106
94,373,1.0498003386604826
69,79,1.04978625924502
83,456,1.0497529282859663
202,442,1.0497228874049898
254,441,1.049670248110745
288,317,1.049639309264167
13,286,1.0496311750569858
115,451,1.049627102651778
166,420,1.0495944779954105
104,415,1.049591318278664
91,154,1.0495852261563179
146,181,1.0495776775601864
209,317,1.0495416153585133
65,176,1.0495310822906532
232,454,1.0495292894926038
106,271,1.0495210829001027
44,139,1.049508154642696
55,269,1.0495053866161697
232,436,1.04950026717062
255,420,1.0494876313533865
84,121,1.0494828816712147
67,256,1.0494742381996642
192,338,1.0493993003277549
142,250,1.0493907546352697
194,399,1.0493691813838881
132,375,1.0493540550399798
108,265,1.049332471391993
214,218,1.0493252087134146
180,314,1.0492976395244604
259,402,1.0492892269744727
179,251,1.0492370369142079
4,360,1.0492181701391186
89,411,1.0492172247191514
20,28,1.049153277279677
162,426,1.0491193739802571
65,174,1.0491140952338291
228,443,1.0490768372070813
169,206,1.0490763790399888
183,431,1.0490752718245426
196,436,1.0490745669857147
65,154,1.0490239534567527
159,187,1.0490078385129302
13,441,1.0489936495505803
175,439,1.048980516784169
130,425,1.0489755027446122
3,316,1.048961220748547
127,316,1.048956184352817
136,181,1.0488948870872883
200,214,1.048865290817378
69,286,1.048831563265124
136,208,1.0487853517806915
313,457,1.0487666827611557
143,210,1.0487425606912277
77,285,1.0487117434472542
218,441,1.0486842916682324
273,435,1.0486575164409648
224,434,1.048647481100257
55,420,1.0486213992707227
175,432,1.0485417513509596
9,430,1.0485329656305191
317,403,1.0485224188036
19,456,1.04850523453559
130,393,1.0484587487637542
336,447,1.048411452675452
264,344,1.0484106331286316
60,119,1.0484069381674839
199,436,1.0483981265303095
175,228,1.0483889955293146
115,188,1.0483654685899388
110,145,1.0483383150047219
200,442,1.0482977243890712
96,220,1.048288652643557
3,168,1.048287500881413
134,181,1.048262065851449
143,443,1.0482615388822454
8,401,1.0482086231101437
44,425,1.0481917520634718
215,284,1.0481841962971485
80,393,1.0481814298107364
41,459,1.0481761391956916
10,190,1.0481232458907321
151,284,1.0481207852522543
180,228,1.04811333777161
239,378,1.0481006708946605
103,117,1.0480900616024817
158,248,1.0480889644990827
170,371,1.048084656423015
80,343,1.0480779106757627
6,228,1.0480258209750737
285,320,1.048022550663192
208,272,1.0480203675291886
205,423,1.0479909743813483
144,145,1.0479621213952237
209,372,1.0479468908188645
102,202,1.0479191505312098
171,248,1.0478987204778707
135,171,1.0478947128501266
228,290,1.04787470853507
12,102,1.0478175241869212
169,411,1.0478163751383958
65,256,1.0478092213730215
289,455,1.0477311321247016
33,195,1.0477255501400367
290,441,1.0476637021148765
127,181,1.0476369002522063
103,460,1.0476136868513992
202,222,1.0476068150709101
13,208,1.0475934346078783
127,204,1.047580048459637
284,317,1.0475650732634731
361,380,1.047563202326612
142,220,1.0475537830243111
193,264,1.0475469948880414
158,234,1.0474597349890489
260,380,1.0474383517662227
134,152,1.0474314103424538
254,436,1.047423878005712
248,286,1.0474077939248725
12,389,1.0474034436984072
29,313,1.0473963944211309
204,447,1.0473445484925124
192,414,1.0472863748002101
288,302,1.0472571959211632
142,418,1.0472363554763164
164,312,1.0472208695075915
5,401,1.0472089308811567
22,94,1.0472024795701151
190,458,1.0471964573088517
179,288,1.0471677973257127
253,396,1.0471418300117241
152,379,1.0471250397767755
202,263,1.0471150187850193
168,366,1.0471061774432202
139,265,1.0470635131353185
200,270,1.0470267750044833
134,391,1.0470064932610537
167,338,1.0469998024417837
248,448,1.0469703519409355
116,165,1.0468571700759708
314,323,1.0468158441872502
255,343,1.0468118170733052
83,131,1.046776268408288
147,317,1.0467738933015578
169,343,1.0467730806590843
96,336,1.0467550444324294
130,379,1.0467379862053685
19,391,1.0467015188359892
41,272,1.0467015130689898
99,258,1.0466815932674525
164,291,1.0466506882066842
161,217,1.046612591485732
127,323,1.0466001104666274
172,237,1.0465619704029652
426,452,1.0465457288485656
418,461,1.0465445534632407
262,308,1.0465293103850877
204,445,1.0465171874290444
65,205,1.0465168840100125
155,409,1.0464887960516263
162,439,1.046481970269246
79,445,1.0464791178539656
134,435,1.0464751739368148
138,264,1.0464644764499313
61,158,1.046462566156905
7,394,1.0464539793799417
298,378,1.0464349605096963
265,428,1.0464058608915183
136,202,1.0463010228512952
165,385,1.0462878200130752
102,191,1.0462818726151992
160,326,1.0462750334500341
175,263,1.0462724800693206
89,425,1.046270867280609
100,250,1.0462545468064928
70,185,1.0462478749901354
165,396,1.0462446928558393
93,226,1.0462192992682278
243,338,1.0461966475240676
96,418,1.0461909747803808
130,460,1.046185317127655
65,177,1.0461721770136445
318,390,1.0461570423701234
163,244,1.0461492618635548
135,286,1.0461150650366156
134,146,1.0460752649184955
160,331,1.04606573564987
218,455,1.0460138471197633
118,143,1.045955526530186
12,144,1.0459323161150507
80,316,1.045926815325755
188,193,1.0459260152752277
162,263,1.045883875151607
229,238,1.0458534064622498
66,180,1.0458284529404085
116,253,1.0458073359360653
150,217,1.0457915636511188
28,253,1.0457852310695825
129,137,1.0457692615452974
61,460,1.0457533461574748
69,426,1.045672216308399
198,427,1.045667103138562
253,451,1.0456426654590876
198,318,1.0456374369798445
290,358,1.0455295757333827
176,250,1.0455161445482342
204,273,1.0455122779658328
168,273,1.045496793598358
29,156,1.045469102004249
344,460,1.0454499257591199
12,138,1.0453453708506273
183,323,1.0453415442251026
163,436,1.0453208452233906
66,292,1.0453178021013358
161,261,1.0453124189416347
253,454,1.0453076204037457
397,460,1.0452591658166113
110,253,1.0452578697461314
111,229,1.045256504318822
63,262,1.045180011202793
84,445,1.0451714475809548
129,444,1.0451579202702328
419,425,1.045150054688242
57,94,1.0451381746963824
119,454,1.045115694380698
323,399,1.0451133310165825
116,169,1.0450965727944836
165,273,1.0450895420344293
14,172,1.0450735020735742
37,110,1.0450615382621324
10,149,1.0450599460097838
112,290,1.045024371574143
131,358,1.044973989604457
138,236,1.0449375801514362
137,200,1.0449044219213617
9,423,1.0448655159075333
239,250,1.0448140223973896
60,98,1.0447960376779766
137,239,1.0447955700154015
200,450,1.0447718406460986
102,206,1.0447618258524465
385,442,1.0447446008374288
65,337,1.0446493265361825
156,435,1.0446299115430642
83,115,1.044623412358964
119,334,1.044606582296175
97,139,1.0445655854485092
79,118,1.0444860115924073
142,216,1.0444758600838235
204,451,1.0444691366886032
174,358,1.0444618640763152
181,184,1.0444522883068514
28,89,1.0444464198008956
69,380,1.0444398167521318
99,360,1.0444089862469852
94,390,1.0443377940656453
210,389,1.044336725333426
169,200,1.0443148527035955
8,270,1.04429742421298
130,238,1.04428456010075
121,314,1.044213187346472
284,372,1.0442085581590395
158,179,1.0442027610595987
178,358,1.0441947613186418
167,184,1.0441823654507252
195,394,1.0441659233790535
127,170,1.0441627487795624
201,358,1.0441275297098513
235,431,1.0441209911295861
261,336,1.0441035657526911
118,263,1.0440885716677657
284,394,1.0440829204112723
271,334,1.0440803963059166
33,460,1.0440459295901559
70,141,1.044028671670682
211,355,1.0439802154634699
314,379,1.0439759342979413
37,174,1.0439252886705301
108,145,1.0439185786033436
234,343,1.0439179754041525
108,237,1.0438884814339504
119,336,1.0438593683682031
193,414,1.0438401623000177
137,336,1.0438266001921663
152,285,1.0437985703777308
261,442,1.0437750547923443
239,288,1.0436996139394632
255,286,1.0436873624813499
171,228,1.0436728736848648
129,292,1.0436588437836098
234,288,1.0436225345431072
2,162,1.043614532973344
41,55,1.043569383805942
63,185,1.0435616597346367
80,337,1.0435500119702033
6,238,1.0435481722055029
291,323,1.043541353933501
144,156,1.0435363192529776
72,149,1.0434686107319715
285,316,1.043463852031595
253,394,1.0434477585232862
93,412,1.0434356963218767
145,265,1.043434087168254
113,286,1.0434015751927566
177,201,1.0433520656419555
84,315,1.0433495846149252
70,162,1.0433178001400154
313,354,1.0433034266301748
13,215,1.0432894769417846
436,462,1.0432548478333696
40,167,1.0432476748761292
14,218,1.043233895921367
228,337,1.0432280677899406
136,448,1.0432189941180547
204,448,1.0432181328159
95,207,1.0432068155204952
243,320,1.0431892931722069
177,263,1.0431756335967284
323,349,1.043163589096574
272,338,1.0431171958888754
149,185,1.0430914164119582
110,167,1.0430683958782798
289,290,1.0430324952868806
204,215,1.0429582489865523
137,177,1.0429342563380086
331,380,1.0429284566673311
67,236,1.0429211775439307
329,391,1.042913880580779
168,286,1.0429089851657685
200,437,1.0429063844108524
25,93,1.0428903802755531
174,243,1.04288915616803
214,231,1.0428588537715389
254,397,1.042817101223844
113,204,1.0428134526992543
8,446,1.0427715408385132
11,302,1.0427625227536985
96,436,1.0427539408084998
121,179,1.0427521815913614
135,260,1.0427453011278947
137,171,1.042686251014069
143,158,1.0426773311158921
2,169,1.0426408420111213
41,120,1.0426324794648718
120,445,1.0426303984689707
156,286,1.042628304742793
262,446,1.0426232400039608
157,442,1.0426079633585785
67,319,1.0426047009597785
377,380,1.0425869212541228
28,337,1.0425751576604585
271,454,1.0425263845750274
263,378,1.0424480966170246
104,143,1.0424379124965883
172,316,1.042424084471856
66,132,1.042421947903225
121,422,1.0423983340011183
104,114,1.0423980802176374
137,288,1.0423693454319947
248,260,1.0423155346341253
214,286,1.0422689031716479
10,220,1.042242367811681
181,292,1.042238843040302
94,354,1.042229879814608
65,375,1.0421970000692367
66,314,1.0421893329863214
326,337,1.042181044686259
102,129,1.042130141123726
174,290,1.0421217548637998
96,144,1.0421134435683592
62,166,1.0420982362166076
146,318,1.042054892710703
66,168,1.0420226902608742
131,190,1.042015191543471
63,391,1.0419940266133052
12,439,1.0419822533801724
161,198,1.041966400387483
69,260,1.0419564816877032
186,435,1.0419225157635004
134,169,1.0418815590916384
318,363,1.0418535600017271
2,14,1.0418485373429878
113,311,1.0418404362541673
234,380,1.041814796970225
84,290,1.0418059544982043
63,83,1.041795453864074
6,130,1.041748592404156
235,292,1.0417477915363549
216,443,1.041745295893238
314,415,1.0417370456291528
3,174,1.0417182866910175
67,443,1.0416589533008447
220,250,1.04163226898679
14,216,1.0416069312956702
205,401,1.0416049939098162
121,250,1.0415828610927347
330,379,1.0415592460562044
6,426,1.0415539523561412
67,69,1.0415255630691684
66,337,1.0415210090291152
371,437,1.0415140056642425
28,320,1.0415108909628548
77,112,1.0415070073789052
11,40,1.0414883380713136
63,158,1.0414856202895466
338,420,1.0414388352339887
89,113,1.0414249695046949
257,308,1.041390889268418
60,375,1.041383138624759
191,422,1.041380185845491
118,287,1.041378012605448
108,456,1.041369688068383
80,314,1.0412765639690307
140,152,1.0412765639690307
138,228,1.0412636411091023
220,441,1.041257074051627
29,368,1.0412355882429756
44,158,1.041224930026441
55,150,1.0412110846533902
200,445,1.0411967587843038
197,432,1.0411626250139028
284,308,1.0411622202794097
84,139,1.0411576098233128
270,380,1.0411176714399044
317,337,1.041086610615765
72,164,1.0410833076168164
7,408,1.041026615605549
44,261,1.040952787326077
144,428,1.0409511014721609
12,244,1.040900348631719
5,331,1.0408899517164714
127,444,1.0408876877053266
112,316,1.0408606889236443
28,119,1.0408586573879013
205,358,1.0408525179181707
148,389,1.0408426307467424
450,451,1.0408219104979282
360,393,1.0408180072513402
102,288,1.0407422061559768
6,435,1.0407416257328415
104,152,1.0407328505575544
286,445,1.0407325936622
77,220,1.0407169092484534
190,202,1.040716305015376
173,231,1.0407056547977238
110,292,1.0406707959084962
13,326,1.0406559466594967
161,327,1.040649923727854
151,378,1.04061858254993
334,368,1.0405844520588017
102,163,1.0405763382216995
190,261,1.0405329561810945
134,336,1.0405238595758484
116,211,1.0405043619073284
222,285,1.0404495618005356
98,418,1.0404340849682088
213,372,1.0404298202796072
180,239,1.0404039554125133
129,272,1.0403512904693883
190,210,1.0403288582669257
165,243,1.0403113414344123
156,273,1.0403100683866027
113,115,1.0402833697176788
80,139,1.0402520105906172
67,428,1.0402428857560988
33,209,1.0402140305912806
218,257,1.040169041278196
65,119,1.0401330258971344
134,204,1.0401329399684247
149,232,1.040128800031547
202,250,1.0401118204436537
174,455,1.0400793496893104
208,269,1.0400559970012135
178,188,1.0400357215050613
134,286,1.0399783277524743
33,191,1.0399655129971368
191,439,1.0399089373063621
55,239,1.0399070823177756
136,429,1.0398929589917054
119,130,1.039807153269119
129,448,1.0397978272476487
150,343,1.039778252804846
55,70,1.0397359760264013
188,458,1.0396971422874595
150,178,1.0396892614314617
129,243,1.0396881323780378
314,445,1.0396746815247355
40,131,1.0396564448624293
380,433,1.0396509958652371
84,99,1.039621846581417
445,454,1.0396177312967083
264,276,1.0396105950129633
80,461,1.0396105620529972
171,450,1.0396064163268108
134,450,1.0396061132376475
144,262,1.0395861829634854
137,418,1.0395788940592574
44,428,1.0395569205401736
59,380,1.0395517905950697
120,185,1.0395278773713368
65,175,1.0394439290226376
106,253,1.0394372735205963
11,234,1.039430812250412
29,232,1.0393657946777748
44,265,1.0393548209914938
106,436,1.0393458756090672
80,239,1.0393065354089055
372,378,1.0392995294956378
178,208,1.0392911075288367
143,253,1.0392869547047066
336,431,1.0392657093705266
173,411,1.0392479182915608
257,418,1.039203313533507
196,406,1.0391683597762793
162,434,1.0391535639226301
142,292,1.039132071989006
94,310,1.0391319415653015
163,446,1.0391266563028978
216,256,1.0391174242485817
130,458,1.0391027265669843
5,446,1.0390983582161293
121,218,1.0390973544814066
308,403,1.0390956341923705
426,462,1.039073205531877
10,311,1.0390701255395323
130,173,1.039060469555702
112,237,1.039051818498288
112,186,1.0390080773835264
2,97,1.0389870391012164
434,448,1.0389698733669526
72,106,1.038963432350869
8,436,1.038957831508939
300,403,1.0389547986242547
72,316,1.0389387771790748
292,399,1.0389315906841785
69,379,1.0389129528774113
99,422,1.0389098627988602
6,264,1.0389097655573916
130,429,1.0389031996134577
251,441,1.0388079873283051
312,445,1.0387580257157936
80,121,1.0387384604640566
234,243,1.0387255479287387
72,264,1.0386072112202167
262,302,1.0385542710095919
162,193,1.0385222401497105
155,258,1.03851353945365
140,396,1.0385122288505586
215,444,1.0384966522164005
2,94,1.0384951259216153
179,455,1.038486309097655
230,257,1.0384862783437552
137,218,1.0384740756976447
292,366,1.0384625866197381
177,441,1.0384490776228332
118,127,1.0384117484249535
256,435,1.038395185762104
7,409,1.0383901638322464
108,338,1.038382904445293
80,455,1.0383807189182717
199,457,1.038357669910369
66,379,1.0383442875332995
272,326,1.0383426100998439
164,358,1.038339862432502
106,452,1.0382733511674245
11,114,1.0382674423163023
44,115,1.038225340218017
11,102,1.0382154207618388
13,33,1.0382145472933615
121,273,1.0382136954593073
69,256,1.0381416644992392
140,448,1.0381234775403905
89,391,1.038118824763964
80,427,1.038109245230039
118,188,1.0381086043152934
199,317,1.0380833091094188
193,447,1.038073891446669
84,286,1.0380678785238797
439,441,1.038055194473402
271,289,1.0380527749419506
379,442,1.0380504565513815
442,444,1.03804782120628
183,448,1.0380228824417133
141,300,1.0379743803008985
165,233,1.0379634655548433
44,260,1.0379595745018328
173,389,1.0379293150056348
69,425,1.0379276946046623
278,378,1.037927545371089
41,271,1.0379151835966365
205,366,1.0378983034875957
97,260,1.037887597209483
166,222,1.037883794230945
178,436,1.0378468226294684
161,166,1.0378441899268858
249,251,1.0378318530194375
120,311,1.0378005291248003
200,217,1.037796098309187
100,270,1.037779944318653
116,209,1.0377619046066648
176,358,1.037707194140663
44,431,1.0377022479816789
195,338,1.0377017702216609
252,270,1.037649355940382
200,451,1.0376270986536766
193,422,1.037617848077931
8,344,1.037568451428327
41,159,1.0375559650699255
113,177,1.0375540153061324
79,152,1.0375299051935265
8,63,1.0374890831291441
185,391,1.0374439560334927
378,432,1.0374304988672607
2,437,1.0374271586107828
113,403,1.0374268763954337
69,139,1.0374103207892778
250,260,1.0373995599226746
211,219,1.0373825934320486
72,145,1.0373640216388105
146,213,1.0373432110289296
3,104,1.037322699828935
178,302,1.0373158801935833
219,314,1.0372543792698985
100,263,1.0372532107058483
308,378,1.0372528434957846
237,439,1.0372452810161163
136,145,1.0372408540545617
113,192,1.0372324090258838
229,429,1.0372249213178721
193,323,1.0371770959781752
115,450,1.0371021647228946
120,379,1.0370996113534696
33,391,1.0370710108019143
272,371,1.037058108261938
121,127,1.0370027667065262
118,420,1.03696760055692
154,317,1.036923616783893
147,226,1.0368816403805186
66,104,1.036831862615483
110,311,1.036811487703688
62,375,1.0367278117151748
70,115,1.036725174149204
228,427,1.0367163591058668
137,178,1.0366943393827868
170,217,1.0366932310755357
343,396,1.0366828701299422
262,330,1.036675434785159
183,292,1.0366552822745891
113,300,1.0366517107444817
212,220,1.0366146127725397
214,311,1.0365729215400434
168,215,1.0365727415846733
174,438,1.0365723611976412
234,431,1.0365706427091799
442,451,1.0365670708582655
174,261,1.0365228002852984
211,434,1.0365106606538959
230,318,1.036482776035933
401,437,1.036456332853937
37,311,1.0364203436404906
161,434,1.0364120053312815
288,434,1.0363607324666673
149,429,1.0363604646012512
121,296,1.036354849560513
264,439,1.0363429552420982
200,431,1.0363180041297972
209,394,1.036300421302981
111,302,1.0362977992159823
180,450,1.036257307269046
188,441,1.0362488459065984
139,161,1.0362152938766303
236,397,1.0362120360396552
4,40,1.036192700502968
144,443,1.0361666179118025
122,271,1.0361541518078385
238,369,1.0361358967173706
108,113,1.0361154386942355
171,431,1.0361099126267037
235,261,1.0360597104576508
6,439,1.0360082711099534
375,422,1.0358833927068216
115,436,1.0358267721579606
168,229,1.0358004141697768
222,284,1.0357809931457214
174,425,1.035778242231676
203,262,1.0357622704501237
136,173,1.035745237338346
214,446,1.0357445310808597
96,190,1.0357227788354737
185,451,1.0357214918352513
118,179,1.0357019089508208
200,319,1.0356894311097462
79,168,1.0356649731392749
167,420,1.0356300237352976
137,429,1.0356145173759566
252,432,1.0356009627454652
2,154,1.035582047970575
60,296,1.0355467419809359
132,263,1.035533251768747
319,418,1.0355267531769166
113,205,1.0355204524279782
95,122,1.035475109920587
159,300,1.0354647888418422
55,161,1.0354163764074642
157,336,1.0354159726829009
233,456,1.0353967985429513
318,415,1.0353917082225113
41,173,1.035322548070677
151,445,1.0353197154856695
422,442,1.0353160442249552
116,437,1.0353103643240336
41,121,1.0353047635201218
317,422,1.0353006937334768
193,239,1.0352977092874767
156,174,1.0352217168192888
214,415,1.035185422243197
130,141,1.03517935018592
411,415,1.0351662305892166
271,361,1.0351431684955803
198,443,1.0351335534871453
286,447,1.035128063490655
37,66,1.0351245202072366
194,361,1.0351223996641512
156,217,1.035120973441886
79,180,1.0350950367452223
89,228,1.0350839134543734
161,265,1.0350448860316193
89,394,1.0350425946291633
115,208,1.0350226464133359
79,292,1.0349969649383373
380,394,1.0349905188779127
37,218,1.034967593230786
2,462,1.0349605034647564
349,425,1.0349586267389514
204,391,1.0349142035820311
238,434,1.034901967948969
139,143,1.034878691089164
200,208,1.0348697290039135
271,389,1.0348086008338977
13,317,1.034802096080633
224,451,1.03478883588425
65,164,1.0347795561141808
248,288,1.0347739066275332
206,219,1.0347586370243307
83,182,1.0347178399291814
2,285,1.0346891729989098
118,201,1.0346712650714394
28,238,1.0346658109125446
19,121,1.0346627463504123
62,319,1.0346375088260844
235,427,1.0346351240478562
41,155,1.0346329825907765
113,166,1.0346162428426937
396,444,1.0345869027803878
143,180,1.0345207712572362
141,230,1.0345138588209624
112,418,1.0345099985112205
355,368,1.0344836486961695
257,423,1.0344637193957995
25,317,1.0344606462259942
271,326,1.034457565782648
89,201,1.0344223067838612
61,462,1.0343674189840264
121,183,1.0343612668402284
213,419,1.0343411627188113
100,201,1.0343365440782404
215,459,1.034317856524723
237,366,1.0342961106598738
13,422,1.0342769035773527
119,143,1.0342597314490303
195,408,1.0342424198662037
286,403,1.0342288992518383
422,425,1.0342150186687822
257,296,1.034211910214016
110,290,1.0341617008115391
129,271,1.034129434719067
116,156,1.0341279561944232
110,113,1.0341240033278425
67,110,1.0341192248572029
179,259,1.0340750239052254
180,200,1.034055595762619
70,418,1.0340463633163854
263,288,1.0340116699795292
264,369,1.0340041043567356
336,455,1.0339371549487484
187,213,1.0338420745737893
72,349,1.0338248679540836
12,245,1.0338162119917031
100,378,1.0338095738055082
63,89,1.0338070011576685
144,452,1.0337952027680155
143,162,1.0337733404541511
255,317,1.0337557426204522
205,415,1.0337444428409113
96,186,1.033742180657703
34,94,1.0337028392954382
50,94,1.0337028392954382
252,389,1.0336942749505347
78,252,1.0336827184954627
193,458,1.0336563298262387
159,198,1.0336199801307475
174,452,1.033613746245173
204,285,1.033613746245173
209,336,1.0336028697844464
115,235,1.0335421367237623
63,431,1.0335246870886488
44,273,1.03351499247862
312,397,1.0335019441121571
219,425,1.0334866973582535
70,175,1.0334464721175665
317,445,1.0334386504171895
397,443,1.033421392761199
157,415,1.033414550570703
315,442,1.033403307232093
13,91,1.0334003875417341
115,296,1.03339447302692
415,428,1.0333917326963313
173,222,1.0333663433466693
108,198,1.0333528195149126
292,411,1.0333413654926957
12,317,1.0333238283465949
9,229,1.0332941523825494
40,214,1.0332889507294285
162,422,1.0332802314397285
214,217,1.033263030650306
317,461,1.0332493731630803
176,366,1.0331736071577626
63,121,1.0331671972800565
72,176,1.03313118986897
55,403,1.0331261279756845
60,197,1.0331191457800426
212,292,1.033073102174871
235,343,1.033065413488987
161,300,1.033029628025946
104,228,1.0330112441620465
182,286,1.0329909752984827
162,411,1.0329782265311993
95,360,1.0329750211117557
70,262,1.03296976885253
14,83,1.032926271853799
13,84,1.0329033343403602
132,257,1.0328893470518652
180,414,1.0328607470790652
208,414,1.032838598764483
288,394,1.0328282784851774
449,450,1.0328259342104353
125,160,1.0328212044057952
44,320,1.0328040830730243
137,358,1.0328014347632246
100,228,1.0327751716526996
264,454,1.0327736308347066
213,234,1.0327214668946567
40,155,1.0327214668946565
44,316,1.0326998523341775
186,434,1.0326920734187668
237,273,1.0326726251624427
79,272,1.0326017346219232
147,312,1.0325950745091335
146,195,1.0325614788080275
129,199,1.032546950887209
116,166,1.0325195146915915
83,148,1.0325098604006029
159,401,1.0325020244306153
70,445,1.0325005109786178
25,140,1.0324959400507487
237,265,1.0324937616973464
336,426,1.032472436148459
136,425,1.0324401760824342
174,257,1.0324321514542658
3,224,1.0324275647594074
264,401,1.0324146737983857
6,66,1.0324074820103897
37,411,1.0323876849818214
323,396,1.0323687448514791
11,179,1.0323473297260488
264,451,1.0323422683291579
314,450,1.0323323089591736
55,102,1.0323155645269557
317,444,1.0322927459202682
264,434,1.0322646950342664
193,232,1.0321958178764186
115,183,1.0321605182592124
79,150,1.0321277006728233
208,445,1.0321242969337645
157,434,1.032121717696542
102,198,1.0321143490692781
131,330,1.0320894465744177
179,458,1.0320474926092773
10,179,1.032045739295151
150,177,1.032016901383038
228,273,1.0319756908093467
235,435,1.0319313511065042
130,154,1.031928894011286
83,177,1.031925607372182
206,326,1.0319146972907816
257,441,1.031901342403168
77,102,1.0318970072051805
3,156,1.0318666342713463
185,312,1.031860009039639
209,330,1.031850362553108
40,436,1.031846756595853
212,366,1.0318344900196326
399,456,1.0317899061853788
259,300,1.0317705797821404
220,319,1.0317654620564414
120,428,1.031764060888863
77,326,1.0317620918344519
163,372,1.0317413652782237
9,408,1.0317241343802792
110,264,1.031708722167102
67,165,1.0317073331896875
63,243,1.0316917361002351
426,442,1.0316876957579206
172,194,1.0316338793261641
316,375,1.0315987635794557
41,292,1.031592555247884
8,184,1.0315905072636593
99,312,1.0315371363229662
116,368,1.0315284960063695
89,285,1.03152347612239
237,445,1.0314535624433792
20,455,1.0314319089989756
202,287,1.0314271879179562
180,311,1.0313973500422484
165,349,1.0313873902811448
178,451,1.0313579272465572
199,220,1.0313195948591294
243,336,1.0313131156607145
119,326,1.0312953602038684
184,205,1.0312710748302492
130,202,1.0312455617167475
330,368,1.0312343667035864
142,260,1.0312292378541918
106,257,1.03122741733006
95,229,1.0312107536550328
83,251,1.031118065428853
121,450,1.0311073067659793
218,461,1.0310690730768637
330,447,1.0310688693421985
265,445,1.031056492119321
218,337,1.0310467922479418
107,174,1.031028325332994
205,229,1.0309709441820454
142,206,1.030937625359534
157,190,1.0309244054137523
192,375,1.0308874653483409
230,425,1.0308380598134608
164,169,1.0308206102436275
155,358,1.0307899900360113
19,368,1.030788613941462
137,168,1.0307854398612881
252,372,1.030783652861703
14,129,1.0307712560238294
132,292,1.0307697961203184
181,198,1.030752089412576
112,239,1.0307413031443577
224,248,1.0307389732223207
40,191,1.0306912330933498
163,308,1.0306895888491694
131,457,1.0306854668735694
401,403,1.0306519463650479
411,429,1.0306493276733855
110,232,1.0306197114548075
60,438,1.030602472467452
79,121,1.030601937728571
147,215,1.0305784781314602
162,217,1.030557067281658
12,289,1.0305187040706254
256,260,1.0304889055817252
148,231,1.0304812629534033
204,396,1.0304623294200699
66,253,1.030456563302146
200,235,1.030443166391718
420,458,1.0304266478011792
144,166,1.0304227806344861
129,164,1.030419018973598
119,396,1.03037950769723
79,284,1.0303578689591055
159,334,1.0303576482496108
439,450,1.0303538939746604
144,180,1.030288790181466
129,202,1.0302793626747402
108,165,1.0302691894568081
208,286,1.0302307692470338
11,136,1.0302166441723903
212,425,1.0301507932989704
290,306,1.0301153586878562
121,151,1.030110638777858
174,391,1.0300991710972969
130,208,1.030047231766909
149,462,1.0300456566315304
19,162,1.0300294603110869
144,175,1.029997655072311
143,164,1.0299159235945707
14,358,1.029880418604391
245,312,1.0298638806526565
63,193,1.0298331164110794
180,248,1.0298153729515898
63,429,1.0297973278789192
28,148,1.0297919143362078
55,137,1.0297805489002108
285,422,1.0297702490178529
411,442,1.02974804632998
201,438,1.029731198233604
134,190,1.0297133181018063
118,217,1.0296628214303911
113,431,1.029648502274169
67,135,1.0296202324136228
250,361,1.0296168388070364
97,261,1.0296001460033126
3,33,1.029576990916455
254,401,1.0295441467653805
99,389,1.0295355790684941
192,336,1.0295331873575058
158,201,1.0295044462257372
371,380,1.0294826020928818
43,195,1.029452024392579
55,459,1.0294445369601986
10,61,1.029416573816728
152,161,1.029394429289799
308,438,1.0293469185033834
115,422,1.0293463036510486
127,171,1.0293361083771269
66,99,1.0293227842955777
112,443,1.0293149575482314
200,228,1.0293068835714194
97,136,1.029305158361878
84,437,1.0292969605423214
337,411,1.0292770762429795
211,418,1.0292769276009295
79,100,1.0292720192774938
59,253,1.0292607106968616
84,165,1.0292368554365583
169,269,1.0292169620627936
399,429,1.0292165472390342
323,445,1.0292162608837514
52,93,1.02921415404805
41,202,1.029213612373292
14,427,1.0291859241928683
253,369,1.0291711647432262
237,360,1.0291597367448473
179,461,1.0291197907944978
99,418,1.0291027403158068
220,237,1.0290785155017677
70,447,1.0290756653866455
368,374,1.0290481359629486
337,366,1.0290397560214675
166,434,1.0290267619736573
67,378,1.0289978053582782
41,98,1.0289878557003167
312,444,1.0289860672645943
320,330,1.0289338485413553
218,288,1.0289265299558237
140,217,1.028924414144967
169,314,1.0288869664732472
375,426,1.0288778895366844
119,434,1.028877022709796
152,311,1.0288763578376992
79,80,1.028833475807347
209,338,1.0288104667855265
70,120,1.0287929318119502
415,441,1.0287897321893535
188,428,1.028759148706178
99,331,1.028684463826993
285,393,1.0286515205174254
44,427,1.028604689062091
251,423,1.0285869436333517
336,462,1.0285847981830123
285,451,1.0285573072626382
144,182,1.0285395011046927
162,188,1.028539011148333
5,358,1.028488476066597
286,292,1.0284576436327377
11,327,1.028450294293266
7,366,1.028431365099996
175,285,1.0284222116207342
271,276,1.0283813922528866
296,358,1.0283797581665741
3,461,1.0283723735426886
173,360,1.0283646209574646
415,447,1.028356294213833
238,289,1.0283551297584759
7,231,1.0283517009188254
3,256,1.0283000103388507
84,100,1.0282886041903168
8,138,1.028273276486407
323,330,1.0282674659716056
158,422,1.028261099967731
141,146,1.0282576240130903
94,217,1.028244118269717
158,438,1.0282392983965507
161,445,1.028229344706236
127,139,1.028218282582296
2,379,1.0282152412692442
165,423,1.0282036733829047
218,263,1.0281383680474998
44,296,1.0281193805100977
188,232,1.0280919342690185
103,380,1.0280884210365153
152,425,1.028065240650171
108,451,1.028062517350872
181,312,1.0280051680242321
233,437,1.028004769249639
296,435,1.0279909643684524
97,111,1.0278798659904378
436,455,1.0278565744408665
130,462,1.0278327664539892
102,175,1.0278151471917014
229,251,1.0278015057665766
44,415,1.0277928996159191
206,220,1.0277890441317379
154,270,1.0277608572939343
136,379,1.0277332931161407
3,437,1.027728137803011
65,79,1.0277280544775043
260,461,1.0276334654299066
129,458,1.0276195245962552
11,372,1.0276193506709042
69,129,1.027606877038258
94,126,1.0276013115120568
44,169,1.0275755470647179
232,366,1.0275624812656754
52,159,1.0275279499766958
198,238,1.0275173433613611
187,194,1.02745624486223
358,443,1.0274516022744973
140,415,1.0274239615555578
113,210,1.0274150659390104
259,433,1.027411750725395
63,264,1.0273693466800338
59,443,1.0273693300957105
14,418,1.0273562887185634
158,190,1.0273538217064113
230,323,1.0273471711314794
233,259,1.0273402281065243
151,218,1.027335074002446
80,269,1.027303717940651
61,104,1.027297496875046
19,264,1.0272966373564183
102,284,1.027289550724043
66,368,1.0272414645927832
137,375,1.0272284782157726
389,462,1.0272237828114852
338,441,1.027188564473348
394,429,1.027173789717951
67,156,1.0271458294845603
232,439,1.0271317355812288
120,403,1.027089552466966
260,447,1.0270873494349644
61,177,1.0270815451432802
159,270,1.0270612868896165
40,213,1.0270547445929785
103,216,1.0270533214240258
108,290,1.0270522619483908
127,336,1.027043805917186
215,288,1.0270296281053315
83,441,1.0269440958621918
224,402,1.0269337119936472
286,393,1.0269224956207683
244,257,1.026904214179315
66,452,1.026901474013022
254,372,1.02690014491879
158,288,1.026891123149915
66,162,1.0268530659473176
271,397,1.026829487740911
269,311,1.0267799334316812
59,318,1.0267762799947135
136,316,1.0267644319127287
213,334,1.0267625439816943
119,215,1.0267553470232154
171,312,1.0267451525704137
256,292,1.0267392007795706
106,254,1.0267366566033982
235,311,1.0267213277429976
197,317,1.026692290911769
253,358,1.0266528919299296
187,252,1.026651552939799
28,99,1.0266266327647058
59,437,1.026575479873035
135,428,1.0265664425084926
132,187,1.0265337042653655
263,442,1.026504984414896
113,439,1.026472990114867
155,229,1.0264674581338258
202,235,1.0264282689892577
69,145,1.0264221812690324
219,318,1.0264016074803408
67,154,1.026398358676034
211,360,1.0263978147338588
319,451,1.0263845413434314
91,320,1.0263832279324587
214,454,1.0263774396297238
139,312,1.0262889766650338
149,237,1.0262430422844386
152,349,1.0262349099495223
265,273,1.0261945621122621
193,202,1.0261788139257613
67,458,1.026155255596739
135,451,1.0261427627318023
129,296,1.0261259081255922
311,425,1.0261225296962835
273,394,1.0261199051564551
403,434,1.0260746209310576
152,451,1.0260640442266662
243,314,1.026024950040837
255,375,1.0259875454476828
155,334,1.0259829216962282
236,302,1.025944723888268
185,198,1.0259398437049276
55,208,1.025934072300387
317,379,1.0259236784296502
193,431,1.0259028997415822
187,195,1.0258964011852196
228,285,1.0258783860604745
104,239,1.0258571666528302
115,229,1.025843763896048
178,425,1.0258397592552537
60,403,1.0258342307499095
89,198,1.0258333175012706
115,375,1.0258292174896002
63,235,1.0258008810606016
157,366,1.0257820973247664
273,431,1.0257612618967853
148,153,1.0257541751839894
200,285,1.025750496360121
72,222,1.0257411491514117
102,110,1.0257194836576053
168,184,1.0257149851815068
197,361,1.0257020034390434
206,422,1.0256918853781782
102,132,1.0256824281971006
13,451,1.0256748561979392
194,360,1.0256739243866762
102,182,1.025659572933994
408,460,1.0256469133313721
55,178,1.0256331041596243
265,292,1.0256278881965655
66,428,1.0256035938967805
147,229,1.0255640542413098
224,415,1.0255434033134225
174,427,1.025537523324259
217,323,1.0255157133566217
181,441,1.0255119523212681
223,368,1.025505560579233
168,257,1.0255043574801264
137,263,1.025487933576347
206,389,1.0254744097445905
111,372,1.025465296916568
127,461,1.0254554788631447
19,263,1.0254425261033995
31,252,1.0254318347545655
331,461,1.0254262769705063
243,308,1.0254257515656255
114,444,1.0254125013933209
148,420,1.0254090316867102
83,140,1.0254054887957145
118,129,1.0253710997957415
29,252,1.0253362530799375
175,317,1.0253277385628239
59,163,1.0252152523943658
40,121,1.0251714923088096
265,317,1.025154742378673
144,185,1.0251511847494559
112,157,1.02513749870889
61,150,1.0251313131334423
375,425,1.0251310395334052
134,379,1.025108188086119
317,393,1.0250288041199151
66,70,1.0249459578127063
375,441,1.0249388126601984
154,327,1.0249324050908055
152,439,1.02493239783065
60,178,1.0249210561637832
66,120,1.0249150119182167
7,331,1.0248797668664154
114,160,1.0248748476280243
142,188,1.0248649428270016
253,411,1.0248450082019442
264,402,1.0248380269071167
11,420,1.024832589031482
145,292,1.024830482101129
189,436,1.024814355296187
358,456,1.024813805138891
217,269,1.0248107291321062
80,265,1.0248074990743727
84,168,1.0248008186926434
137,265,1.024780078813872
214,397,1.0247574085674653
3,209,1.0247333864063553
97,115,1.0247148431394617
172,455,1.0246865067283433
215,323,1.0246499340954562
55,89,1.0246067972897317
67,186,1.0245859949091496
145,296,1.0245842229572686
270,318,1.024582752496167
121,317,1.0245775097684686
214,451,1.0245584657680697
37,450,1.0245412505047156
113,320,1.0245291885474261
285,441,1.024515667121684
77,358,1.0244914526769566
253,361,1.0244779599512992
149,151,1.0244586075928461
89,431,1.0244482905636842
83,156,1.0244345918565878
111,258,1.0244237961384888
216,237,1.024385104131894
67,224,1.0243646346637958
55,63,1.0243480048766103
284,434,1.024343313142053
168,250,1.024327216005317
154,371,1.024326115595211
175,426,1.0243229218107959
201,456,1.0242791182544535
264,317,1.0242337450587438
41,312,1.02422357919729
183,237,1.0242121720538484
248,445,1.024195678920531
94,226,1.0241878401624673
13,432,1.0241320899806208
323,422,1.024118769700837
190,461,1.0241110463370415
235,414,1.0241095666949405
368,434,1.0240757345755016
158,212,1.0240526447633413
182,215,1.0240412946515731
224,426,1.0240297601554997
129,418,1.02402259344875
314,320,1.02400787791902
97,248,1.0239905127444804
256,308,1.0239898848872877
137,166,1.023931154743753
217,261,1.023930133959728
330,455,1.0238588634928298
145,198,1.0238310798805084
77,258,1.023827686116627
72,428,1.0238221838315766
80,149,1.0237659160640895
96,120,1.0237608429749538
79,320,1.0237513259214797
13,186,1.0237324342324172
59,209,1.0237279751487078
177,426,1.0236910755972295
93,122,1.0236903013654908
19,118,1.0236872510596382
167,439,1.0236784512708188
99,229,1.0236745785878465
55,436,1.0236735743935186
259,372,1.023632715734883
136,235,1.0236098055427292
249,252,1.0235856160971413
120,178,1.0235631776102838
79,437,1.0235588327317426
446,447,1.0235526530866135
135,292,1.023512902816777
135,429,1.0235081703452693
379,390,1.0234743728003202
84,253,1.0234735523926999
169,379,1.0234517416900228
4,399,1.0234463161137064
152,228,1.0233944593190851
204,257,1.0233697545702767
79,228,1.0233527976570718
177,427,1.0233377774781869
9,41,1.0233361864999777
220,244,1.023318124982947
97,121,1.0233130707166274
97,255,1.0232713612246083
3,167,1.0232389585504118
5,289,1.0231807535310051
396,443,1.0231289259878846
63,337,1.0230753136791413
110,119,1.0230670970322
158,198,1.023043733728284
210,302,1.02304195755244
115,300,1.0230086000055323
195,230,1.0230059880370959
315,434,1.02300467308424
285,444,1.022990397769463
170,203,1.0229670260056587
273,445,1.0229308417955656
169,422,1.02288371126368
97,166,1.0228817657412694
156,287,1.0228756795567409
248,272,1.0228726396134324
102,429,1.0227838077901734
135,239,1.0227681092668865
28,313,1.022708324381604
61,232,1.022703494101833
273,286,1.0226960365969462
149,443,1.0226890482610322
60,99,1.0226638398603678
166,201,1.0226608585184205
104,399,1.0226554388351137
403,415,1.0226309840307177
13,336,1.0225980304005253
169,444,1.0225933433964611
131,426,1.0225856220346505
186,444,1.0225854925156668
243,286,1.0225744163080586
165,415,1.0225379055674777
201,317,1.0225277009836817
148,172,1.0224947972095233
13,36,1.0224853508615503
44,63,1.022436763847868
290,379,1.022422562363192
3,175,1.0224144018966892
188,210,1.0224111541736978
191,217,1.0224094139768
193,255,1.0224071037097837
59,459,1.0223955016293729
155,300,1.0223949794352105
40,251,1.022393687014981
144,458,1.0223570728680653
201,393,1.0223452388700913
173,187,1.0223343576292772
206,248,1.0223292337837135
199,406,1.0223060294353041
80,183,1.0223035449484603
200,236,1.0222554014118526
28,273,1.0222127120105207
236,426,1.0221512461751234
104,296,1.0221436953859426
193,441,1.022136933949621
245,248,1.0221324718848643
102,137,1.0220992759775955
41,196,1.0220897433941343
78,93,1.0220552088742005
327,452,1.022027732320375
94,153,1.0220266666926767
323,326,1.0220060744249875
188,256,1.0219972333745986
148,215,1.0219813608411235
323,414,1.0219809590907172
60,150,1.0219523464888634
148,334,1.0219188959063712
314,355,1.021894464117204
100,204,1.0218679249110256
185,378,1.0218352099639652
66,323,1.0218231375983915
165,187,1.0218145311400062
8,402,1.0217873869373524
67,438,1.0217567685433824
155,302,1.021754675267276
433,436,1.0217465214177044
147,201,1.0217258865404983
139,285,1.0217065620510146
65,441,1.0216436096748778
83,403,1.0216424983248238
152,263,1.0216218865888482
97,118,1.0216198212022107
236,439,1.0215498597024273
40,209,1.0215479499824387
115,397,1.0215388660461147
135,216,1.0215172221707747
174,260,1.021479313323547
29,166,1.0214673337034075
65,378,1.0214600820733761
165,366,1.0213290648215025
95,364,1.021298815122294
171,265,1.0212833584154415
162,326,1.0212662487796496
162,200,1.0212648705944725
208,320,1.0212084555501904
19,315,1.0212011026278114
83,191,1.0211985040503213
40,323,1.0211939524258913
144,255,1.0211936108795012
200,290,1.0211723122554783
401,425,1.0211529712596938
2,211,1.021146483360874
35,93,1.0211442381772076
96,229,1.0211354432453628
80,271,1.0211329127879294
154,420,1.021127473337187
208,237,1.021119579064452
6,257,1.0211166657066864
422,445,1.0211026226521784
55,235,1.021089591554845
83,141,1.0210759517123331
59,378,1.021075672884486
302,431,1.0210701195590661
285,317,1.0210643093100091
154,338,1.0210442180424375
127,162,1.0210419216618585
256,273,1.0210327269277115
137,162,1.021016248345372
69,115,1.0209801247221635
116,459,1.0209707448582506
8,423,1.020926841554596
131,144,1.0209074715992605
13,219,1.020830052959427
83,426,1.0208241505753897
130,180,1.0207908493452849
89,152,1.020775800837974
254,385,1.0207695931909662
185,286,1.0206875612498678
191,435,1.0206852884369353
172,180,1.0206554909255183
94,133,1.020645335861783
94,297,1.020645335861783
214,371,1.0206222091632406
2,8,1.020594356674321
3,13,1.0205391684169216
138,311,1.0204979926157711
206,349,1.020489119047287
132,450,1.0204827123360534
420,456,1.0204561756242243
166,450,1.0204386436393351
100,290,1.0204117176213132
171,202,1.0204058547544053
142,174,1.0203894050361908
284,396,1.0203891183114964
243,444,1.0203647634788906
104,420,1.0203583739492634
312,414,1.0203548979104982
195,215,1.0203511637466907
129,379,1.020306349603252
25,170,1.020288220258467
62,155,1.0202877859280708
115,426,1.020276757735153
191,366,1.0202706764074327
155,226,1.020250566017494
97,177,1.0202445208077249
99,371,1.0201655091546549
113,343,1.0201582244482368
290,308,1.0201572827326546
78,437,1.020134599426581
134,256,1.0200943308404984
10,127,1.0200924491738044
36,154,1.020063019458287
262,457,1.0199857539308959
194,442,1.0199745208989055
95,401,1.0199744332655523
201,403,1.0198982348518875
255,366,1.0198633440987563
213,308,1.0198607523886936
176,375,1.0198573790285665
136,378,1.019803251404519
66,214,1.0197875286496014
96,218,1.0197872869300022
380,454,1.019778560270207
84,199,1.019733648621494
148,451,1.0197279140596693
32,93,1.0197218324096138
41,238,1.0196868750044978
84,202,1.0196678132472408
259,289,1.0196431610926886
403,426,1.0196236690107707
156,411,1.0196203874423415
137,243,1.0195970468130156
320,418,1.019583522981259
248,379,1.0195793142886738
150,391,1.0195532374254244
83,436,1.0195281096475002
156,302,1.0195054184816552
199,411,1.0194805400503195
371,443,1.0194600121264124
80,161,1.0194362232867646
260,284,1.0193652194590057
213,358,1.0193592593602068
70,186,1.019297780816744
108,220,1.019286682634867
115,220,1.0192824866889074
252,334,1.019280699665521
2,224,1.0192509128388292
19,444,1.0192449233928402
143,202,1.0192229863076996
136,186,1.0192042522680231
69,243,1.019203418341986
150,191,1.019194668037364
37,256,1.0191933630139218
127,459,1.0191599186474245
80,177,1.0190757308620253
95,172,1.0190634372741347
167,302,1.0190197377763797
246,257,1.0189871994002562
180,187,1.0189808484328717
131,248,1.01894749252347
208,243,1.0188540957100858
7,102,1.0188477779641936
99,355,1.0188397972977894
239,445,1.0188147968875527
9,433,1.018808644332962
20,213,1.0187947762854754
55,198,1.0187947498288252
323,402,1.0187833638722836
219,455,1.01878048715349
80,165,1.0187780999723137
33,104,1.0187547599319686
77,229,1.018748414875325
120,142,1.018716527147776
174,447,1.0186920206197319
315,338,1.0186882543699065
185,314,1.0185806879233168
235,315,1.018571553136611
60,458,1.0185636731941474
40,168,1.0184943376268616
106,160,1.0184714357369617
134,290,1.0184677664787172
66,272,1.0184055947886024
110,173,1.018330380196902
265,451,1.0183253028651045
237,401,1.0183212810005948
41,252,1.0182914030023198
77,129,1.0182420125361114
391,451,1.0182301203084834
187,461,1.018200996069489
257,287,1.018186812588158
13,204,1.018177906761973
112,232,1.0181778946080204
141,291,1.0181423109404208
136,142,1.0181390834128963
12,291,1.0181195448077291
176,441,1.0181172068845503
142,151,1.01808131319602
152,168,1.0180745726722775
179,218,1.0180018424822779
213,446,1.017980466587001
151,451,1.017930457962015
360,442,1.0179225045123252
183,314,1.0179192652057616
156,439,1.0179189686904098
116,456,1.0179150016596243
229,269,1.0179098940492737
172,315,1.0178604091147934
231,318,1.0178463748110924
125,155,1.0178372895760994
97,180,1.0178099967100798
150,199,1.0177816056789186
69,320,1.0177696426414815
41,95,1.0177380982209996
40,460,1.0177201770607383
106,165,1.0177065832783545
28,428,1.0176832845736412
121,265,1.017682695678007
236,366,1.017681581808758
173,215,1.0176610197796467
67,115,1.017652073644264
250,455,1.0176491378745547
385,456,1.01762851779352
286,422,1.0176097931280896
65,142,1.0175550999414127
147,326,1.017545239368805
296,418,1.0175424636255899
2,368,1.0175100403553536
70,272,1.017464485608723
113,132,1.0174373142746527
443,457,1.0174357759445436
151,343,1.017405084552199
67,134,1.0173951178345033
336,403,1.01738474672422
258,452,1.0173835613794318
158,427,1.0173814284676217
44,104,1.0173800145176217
156,250,1.017367331174823
326,436,1.0173558336427426
3,349,1.01735335010825
29,176,1.017342888091145
151,455,1.017261543783423
195,423,1.0172357078524905
311,454,1.0172170396028617
61,316,1.0172041153724094
14,143,1.0171782566516023
234,273,1.0171706059253782
173,396,1.0171622938893963
55,97,1.0171536028016401
259,399,1.0171222644100495
184,209,1.0171214725209903
254,312,1.0170529944896096
129,337,1.0170505510725327
163,369,1.0170064679332826
193,379,1.0169961748571674
441,454,1.0169917613181643
132,149,1.0169796104478706
10,222,1.0169421223707484
114,205,1.0169334931491545
135,208,1.0169162178114035
250,375,1.0169141668298132
72,285,1.0169093385141406
127,140,1.0168998347909892
201,319,1.0168986822031716
189,420,1.0168943573625113
317,336,1.0168846201904098
162,229,1.0168841682445964
141,330,1.0168638189904073
197,215,1.0168412120554151
188,393,1.0168393362832426
353,425,1.0167861089629233
172,459,1.0167815262094118
137,208,1.0167767462066537
52,455,1.0167526579411486
323,439,1.016746294317055
44,443,1.0167157900068748
244,290,1.0167074239100977
168,312,1.0166738953940428
19,119,1.0166723815675978
114,191,1.016666119616173
230,238,1.0165691686998595
396,454,1.0165543816118885
120,393,1.016551027172383
150,243,1.0165471470945386
171,445,1.016538728558965
429,439,1.0165297944234468
435,461,1.0164401198534656
312,315,1.016425881482215
60,380,1.0164155764996388
237,380,1.0164106099288823
97,237,1.0163966851079516
169,380,1.0163483515952318
163,230,1.0163416025691074
191,300,1.0163402091054405
59,108,1.0163260211013816
28,323,1.0162717694825556
391,438,1.0162572966978136
44,83,1.0162485058207225
234,259,1.0162475279332288
111,358,1.016181014519817
135,150,1.0161696957528015
93,146,1.0161506484543548
80,205,1.0161057106854208
80,448,1.0160938659399712
91,213,1.0160891321289154
10,263,1.0160540653922299
423,460,1.0160435679948847
169,215,1.0160136430856321
213,258,1.0160041499679247
97,397,1.0160041094050682
263,431,1.0159822946038577
29,37,1.015977039577816
19,418,1.0159519593663056
337,434,1.015943679351778
183,445,1.0159385044763238
55,411,1.0159365906086704
181,216,1.0159356940414113
197,366,1.0159353021430604
315,425,1.0159323261172681
102,107,1.0159240200946078
272,330,1.0159232749621054
2,209,1.0159220638351667
155,406,1.0158977614101794
132,270,1.0158879733546105
200,391,1.0158807847126745
115,142,1.015880004880086
96,245,1.0158774157499497
118,451,1.01586774683089
132,420,1.015843450998492
154,330,1.015840818768197
330,434,1.0158089192539062
137,235,1.0157819041032923
181,338,1.0157761386544866
296,445,1.0157624999473764
11,454,1.0157574789100037
69,110,1.015740228553818
361,459,1.0157401336520329
91,462,1.0157343791066755
164,336,1.0157337124941914
166,228,1.015716938444346
263,441,1.0156794012451755
78,94,1.0156732593541442
69,420,1.0156329776025665
179,232,1.0155657512632266
272,426,1.0155580461375386
150,456,1.0155186400453011
360,380,1.0154791959304295
141,396,1.0154508653494383
330,418,1.0154344466154133
302,320,1.0153835995880218
164,418,1.0153707118642141
151,256,1.0153481412607621
37,44,1.015339079668089
140,216,1.0153113665249085
19,380,1.0152939456896448
3,197,1.015281154031698
143,316,1.015258420403452
120,204,1.0152495963321972
44,149,1.0152376583947642
37,230,1.0152115267663584
135,250,1.0151783258679306
302,460,1.0151055152261865
115,186,1.01509042272271
188,455,1.0150791414001465
69,441,1.0150323857349224
338,461,1.0150187988993298
200,263,1.014972412791433
9,291,1.0149680313842322
118,222,1.0149460421437375
65,158,1.014936488970945
44,248,1.0149332162945697
193,435,1.0149325827815718
116,239,1.014924014083491
55,83,1.014911643338779
63,67,1.0149112950433372
272,401,1.0149045239622958
142,217,1.0148891065147772
131,243,1.0148795181953045
187,455,1.0148787537824788
239,336,1.0148503501832298
37,136,1.0148429105131826
6,110,1.0148400205124375
379,454,1.014829004712108
245,447,1.0147836798539491
66,129,1.0147742898708993
197,287,1.0147671065742028
20,290,1.0147467131424488
161,414,1.0147402829169532
37,40,1.0147377816264753
80,175,1.0147253861623768
150,202,1.0147136465431428
251,415,1.01470017867349
212,314,1.0146637532911638
415,452,1.0146576972278458
19,61,1.0146223627252269
37,429,1.0146220751283739
66,136,1.0146132383475903
137,273,1.014602629041637
143,323,1.0145980370995038
89,229,1.0145969674010031
113,232,1.0145612465815699
205,434,1.0145593356539027
89,326,1.0145179097844
233,438,1.0145080764117846
232,358,1.01450708276876
204,425,1.0144772515898681
272,436,1.0144342231893897
11,287,1.0144341692809344
343,349,1.014429194971082
420,461,1.014419796688964
94,275,1.0144044449514424
360,425,1.0144017398707832
70,209,1.014371514736389
3,213,1.014358598711594
159,222,1.014344330838244
112,178,1.0143291180840155
159,326,1.014303933404255
162,285,1.0142671188793246
63,156,1.0142647200815047
97,445,1.0142494172710514
259,331,1.0142128410043278
104,289,1.014209511104633
65,115,1.0142023153274051
238,246,1.0141718674832896
72,185,1.0141635979415096
178,245,1.0141456107315965
439,461,1.0140999661062933
318,454,1.014088005578848
112,192,1.0140830355327184
288,451,1.0140169300521682
12,394,1.0140113960907602
273,414,1.0139881078606314
148,433,1.0139734169746635
99,410,1.0139430578021078
112,134,1.0138913992992649
37,79,1.0138742473920754
286,458,1.013870051844945
156,330,1.0138661858332074
209,420,1.0138535042144938
113,181,1.0138371721869819
264,411,1.0137956378496031
93,263,1.0137888139671272
70,132,1.0137697438333917
135,186,1.013759348502334
60,113,1.0137450122366671
380,420,1.0137381240858718
37,441,1.0136854113943103
229,403,1.0136815598749596
181,396,1.0136402030653617
19,316,1.013518778179957
252,308,1.0135098403310423
234,255,1.0134858461741378
160,231,1.0134846742785457
99,300,1.0134833234360663
129,134,1.0134632871239475
41,115,1.0134468812474688
343,434,1.0134440582616207
378,446,1.0134409152447952
171,193,1.01343951648387
121,423,1.0134277077368898
28,445,1.0134251054217025
65,233,1.0134168312799723
115,248,1.0134001710872131
11,222,1.0133645543808467
136,447,1.0132604210289062
162,448,1.0132424693830908
160,433,1.0132301558798804
312,394,1.0132070508957318
136,319,1.013200471498247
393,415,1.0131975838366163
220,429,1.0131926156330209
97,178,1.0131815988988986
178,285,1.0131448646325047
13,222,1.0131361264863725
192,394,1.0131299509543923
100,174,1.0130928351727053
209,245,1.0130471549475126
44,437,1.013046133688434
401,420,1.0130400258281778
188,208,1.0130234940315161
63,212,1.0130084125240444
137,286,1.0130044766483008
220,425,1.0129494187904557
79,120,1.0129442697140991
292,314,1.0129404228975754
66,67,1.0129276327205115
44,108,1.0129256199496535
29,165,1.0129242608617255
181,208,1.0128726055457027
113,206,1.0128238959633613
10,270,1.0127951236043349
111,402,1.0127524837785928
3,448,1.0127213064023899
6,19,1.0127213064023899
44,269,1.0126892671387546
79,257,1.0126561356935506
120,337,1.0126484679212355
389,391,1.0126328147324257
130,199,1.0126133147990943
114,194,1.0126065936804463
80,173,1.0126032077144251
288,441,1.0125959704869574
197,402,1.0125929814159387
256,287,1.0125874692806265
224,270,1.0125854964151486
258,259,1.012525797639147
108,396,1.012502192114878
257,432,1.0124996824243653
40,461,1.012493583302169
230,255,1.0124890807779254
192,451,1.012478146544616
435,441,1.0124703110033633
41,437,1.0124616375591804
243,414,1.0124368311090093
251,338,1.0124229382688446
190,263,1.0124035649398841
145,391,1.012394290192325
119,248,1.01238192576711
2,131,1.0123628789605974
99,426,1.0123006715452878
11,84,1.0122909157001863
66,427,1.0122618941046757
19,446,1.012253405555687
216,391,1.012241145648835
61,173,1.0122111743588402
66,290,1.012186252997033
428,453,1.0121799279213475
152,391,1.0121442280413928
135,312,1.0121440035132558
141,336,1.0121148526634898
135,228,1.0121052611081505
181,288,1.0121008212744926
336,396,1.0120960654742979
80,319,1.0120619319309847
79,186,1.012043093478003
137,179,1.0120414109956046
111,144,1.0120250579515302
98,397,1.012021415018985
220,302,1.0120177593307487
206,406,1.0119621514706694
190,216,1.0119411224519617
137,343,1.011889936156661
138,144,1.0118660188242752
7,306,1.0118373950396613
129,159,1.0118354920057893
159,366,1.011809033133357
300,323,1.011806653621528
201,251,1.0118036647201951
72,320,1.0117810701673242
67,176,1.0117806472299435
2,69,1.0117471408882839
96,285,1.0117319967254774
204,207,1.0117112289355952
199,258,1.0116492725314532
197,306,1.0116073029284032
55,59,1.0116057807182337
136,204,1.0115987404262998
19,96,1.0115969015552964
349,422,1.0115834966762969
89,112,1.0115799654924147
70,191,1.0115795345798733
28,459,1.01155618636921
269,445,1.0115501168533048
213,331,1.0115045607338198
69,458,1.0114432312316888
194,390,1.0114401687091688
292,415,1.011432046223226
250,378,1.0114256459888982
103,292,1.0114134010016167
189,300,1.011413085834264
182,415,1.011399068351407
66,167,1.0113264586377906
120,418,1.0113116805081679
276,323,1.0113113775148432
193,212,1.0112993925606577
302,462,1.0112853051932817
185,434,1.0112842951880758
186,450,1.0112833522422644
120,411,1.0112793183814264
208,285,1.0112295946053151
96,233,1.0112150309548849
40,186,1.011211669797991
132,220,1.0112049301433743
144,455,1.011166950432166
245,460,1.0111469872680605
103,437,1.0111335873924554
311,435,1.011116921056243
186,336,1.0110891114405451
115,302,1.0110461638441526
265,458,1.0110350497974137
177,193,1.0110330691478844
411,451,1.010989220411594
107,173,1.010964181276681
113,178,1.0109557239577887
89,451,1.0109524350504921
67,445,1.0109516121521602
147,327,1.010920278484209
69,171,1.0109043733418352
264,415,1.010887928935888
248,375,1.0108836652948059
168,208,1.010854444914217
13,200,1.0108507261395947
91,378,1.0108293430782085
135,202,1.0108196052456164
147,411,1.0108144179346934
28,220,1.0107950882631513
3,140,1.0107919747790985
453,455,1.010790643005285
198,254,1.0107892393748907
3,435,1.0107665590834254
289,323,1.0107306626538606
312,431,1.0107293388427299
67,147,1.0107151885331067
418,448,1.0107097232958715
115,136,1.0106920887297781
368,432,1.0106845946875525
120,176,1.010664131962894
144,312,1.01064748800091
177,234,1.010589767343675
186,230,1.0105752337666818
96,302,1.0105580933797718
191,426,1.0105123276451349
100,444,1.010482897004189
89,239,1.01048133348045
19,93,1.0104380345935984
91,108,1.0104088674446934
12,270,1.0103997682465198
102,162,1.0103876937838587
7,423,1.0103554309951672
288,408,1.0103488066192388
273,458,1.0102930505311816
97,269,1.0102681755657128
159,371,1.0102208208189216
132,355,1.0102184998067683
306,379,1.010204326576497
41,288,1.010176315247849
164,234,1.0101090825291217
198,255,1.0101026811771492
19,185,1.0101025754491397
190,253,1.0100805542386548
234,459,1.0100569486827584
72,138,1.0100508380039883
148,222,1.0100482407250473
19,154,1.0099491164807002
156,454,1.009946762184746
190,264,1.0099305544257426
41,253,1.0099239373718758
220,435,1.009910196244339
77,399,1.0098794653046173
336,459,1.0097728835730166
154,289,1.0097469619260815
181,418,1.0096779792012827
284,418,1.009676130016701
183,450,1.0096447375772448
211,302,1.009575948749908
232,426,1.009574405373798
10,369,1.0095631126431672
177,257,1.0095547781844072
169,366,1.0095389559740098
84,220,1.009531852902416
112,214,1.009526058519751
118,446,1.0095043318825292
201,264,1.0095007606927553
102,204,1.009470293921529
67,170,1.0094699404729028
63,112,1.0094016058484048
245,438,1.00939823236491
3,403,1.0093955455895363
228,451,1.0093850116468404
431,450,1.0093692915050365
256,437,1.0093314848365658
200,375,1.009315855142166
62,196,1.009276835256012
239,248,1.0092608693534193
2,455,1.0092303940694958
343,399,1.0092248067300724
380,409,1.0091963046113621
55,145,1.0091948464474447
257,314,1.0091695921848534
119,258,1.0091470576403434
65,185,1.0090550179429636
2,148,1.0090475292775472
146,429,1.009016221930531
169,427,1.0090144620440245
97,186,1.00899731474171
415,427,1.0089343289663015
120,375,1.008925047957914
37,420,1.0088747270851823
131,188,1.0088420486632848
326,429,1.0088217608927448
176,415,1.0088100692647803
108,260,1.0087874530794416
224,406,1.0087791931996921
259,308,1.0087691728210788
397,459,1.0087513763907483
149,458,1.0087413131360785
358,432,1.0087407815581142
107,213,1.0087108031881755
152,450,1.0086909897619187
97,174,1.0086897735977338
104,234,1.0086837500108456
79,391,1.0086737814117577
259,385,1.0086626601314215
70,414,1.0086617779564486
187,431,1.0086432156698146
110,121,1.0086304318536317
391,418,1.0085021678714217
190,269,1.008488860412926
296,448,1.0084388131175317
428,441,1.0084131691784015
192,220,1.0084096659053294
6,190,1.0083813674880062
65,296,1.0083767299883986
89,235,1.0083619538381547
98,127,1.0083545242218792
181,201,1.0083458321421102
415,425,1.008336334786474
131,140,1.0083108940597676
146,443,1.0082767425695636
84,174,1.0082743015832984
146,205,1.0082611294648343
2,192,1.0082025391122253
14,19,1.0082013267873817
170,436,1.0081936685943083
83,450,1.0081803151823643
7,430,1.0081566077350723
3,121,1.0081479061667067
13,144,1.008134768469617
67,166,1.008129927025637
104,110,1.0081148183387738
110,115,1.0081116636484022
284,389,1.0080992587431905
14,46,1.0080925940650316
69,236,1.008076497393963
67,162,1.0080721708674352
6,337,1.0080516870664824
243,435,1.008045441165022
61,77,1.0080319480357345
216,319,1.0080141257720667
212,411,1.0079944270884393
129,189,1.0079870738335752
196,433,1.007969290057079
182,442,1.0079529544976098
243,317,1.0079467683578143
235,265,1.0079036543088435
44,263,1.0079035731062398
236,326,1.0078609406918138
25,252,1.00785304424614
399,462,1.0078482692292605
10,83,1.0078452302963081
285,431,1.007843895852556
63,162,1.007819749941807
411,428,1.0078065007072967
79,448,1.007784892877542
258,323,1.007770978113397
296,444,1.0077666122984386
173,436,1.0077439134262378
169,414,1.0077380293259193
414,435,1.0077222372717878
212,285,1.0077201174544335
154,454,1.0076799077875864
208,448,1.0076799077875862
127,272,1.0076538719518773
108,149,1.0075989497168831
165,198,1.0075950743833824
28,224,1.0075914723207755
104,106,1.007480740304515
147,172,1.0074698219410037
208,427,1.007454667388426
137,248,1.0074506668512389
219,313,1.0074157791220952
33,232,1.007390245173309
252,402,1.0073683237290432
214,229,1.0073642823482951
59,150,1.007350445572423
13,201,1.0073448922470025
72,420,1.007342576706443
83,455,1.0073235289664177
145,260,1.0073096815067974
72,120,1.0072747624448308
206,366,1.0072254035736312
313,409,1.0072203174557322
143,192,1.007204402105822
100,450,1.0071851150064948
215,396,1.007103432538739
316,420,1.0070826518460545
37,338,1.007079576959505
55,273,1.00707560813601
199,358,1.0070721710581834
66,422,1.007070329602219
95,408,1.0070611342117748
41,443,1.0070562343930225
408,411,1.0070289665965122
337,397,1.0070244994160404
264,396,1.0070121765249
99,203,1.0070054746629875
201,296,1.006976746225999
69,264,1.0069640588493953
80,119,1.0069496618416918
144,431,1.0069394717242972
104,330,1.0069071565199659
300,358,1.0069064446439955
173,338,1.0069030408563049
110,312,1.0069001774924577
83,391,1.0068821773855512
205,449,1.006878321915511
163,394,1.0068775569636452
102,393,1.0068683605799584
191,330,1.006868104249485
70,158,1.0068548793873162
196,399,1.0068495091107454
138,437,1.006810072029446
174,212,1.0067859355004156
263,343,1.0067796597905052
120,129,1.006769220945184
210,219,1.006768348864289
306,337,1.006762354332194
273,338,1.0067308210365147
182,226,1.0067208727088512
67,150,1.0066962512590627
394,438,1.0066807947835226
140,360,1.0066127384369636
308,459,1.0065916206957255
171,448,1.0065824564651222
228,414,1.0065732382450108
134,179,1.0065665715023169
151,200,1.0065255175906709
130,292,1.0064713440055475
163,219,1.006405584538185
330,403,1.006366515123042
260,317,1.0063661729315112
222,239,1.0063407792301204
161,237,1.0063370367561348
83,292,1.0063263239634157
161,248,1.0063234222479103
93,303,1.0063186103074582
61,252,1.0063181289405734
272,396,1.006302607996555
29,177,1.0063021406693837
216,415,1.006250666564091
63,198,1.0062339147761445
108,397,1.0062253938596701
284,397,1.006206741037293
166,187,1.0062058514998955
248,441,1.0061887027050813
141,344,1.0061525852850897
168,435,1.0061319221339922
97,169,1.006116514602857
175,451,1.0060758195443862
130,378,1.0060528668354871
19,104,1.0060525821690958
201,256,1.0060479100418895
10,336,1.0060452262409076
20,89,1.0059857888973653
37,84,1.0059821343584514
233,460,1.0059547020573818
93,432,1.0059067792576335
178,435,1.0058621572832716
402,428,1.0058254887579017
144,313,1.0058096397109888
65,139,1.0058012445203308
187,456,1.005741021504691
286,290,1.005719365687268
10,143,1.005713939315826
152,193,1.005711633928335
199,396,1.0057012103180238
80,97,1.0056947504523632
116,380,1.0056937170416667
89,444,1.0056710527422263
151,168,1.005653685090707
168,256,1.0056296846511816
80,176,1.0055901066331177
237,243,1.0055610901501344
19,205,1.0055518976078572
60,70,1.005551484163172
161,290,1.0055215738178278
148,385,1.0055001011866405
163,184,1.0054917713582778
188,228,1.005451392363941
140,270,1.0054507800712804
150,256,1.005400292227133
77,179,1.0053259417173372
78,460,1.0053249670137967
162,391,1.0053241698252937
131,434,1.005313492347842
193,380,1.0052738346113002
132,229,1.005256965713284
246,358,1.005220704462241
389,456,1.0052195601365377
2,13,1.005210891922086
136,320,1.0052057431286423
72,89,1.0051968463389473
177,222,1.0051780054142012
67,151,1.0051614045245203
66,179,1.0051256094007337
154,172,1.005099567895108
141,366,1.0050625146841223
13,426,1.00504973109889
192,218,1.0050411277666937
83,445,1.0050054726729363
237,343,1.0050051164039238
220,311,1.0049835560385243
186,422,1.0049607203562279
284,454,1.0049344842705266
52,89,1.0047326619860497
130,431,1.0047276943153365
199,338,1.0047081174030608
28,147,1.0047074468066788
149,200,1.0046929297147806
233,271,1.0046752901222236
135,456,1.0046744923333715
63,129,1.0046562383258841
72,418,1.0046351295561011
292,442,1.0046293641018322
319,441,1.004622647455519
84,403,1.0046115465493555
418,441,1.0046082327589851
265,343,1.004582239026189
208,444,1.004561523964464
286,435,1.0045308519541718
10,258,1.0044754449358166
118,436,1.0044651902692092
83,139,1.0044598480266054
316,454,1.004408597721458
451,458,1.0043780798000772
135,255,1.0043692158837545
116,159,1.0043687264027947
151,441,1.0043333778735222
237,415,1.0042536714272878
83,175,1.0042390597466997
343,344,1.0042244685728403
160,355,1.0042207990130512
155,187,1.0042198694792228
69,216,1.0042062021475597
100,292,1.0041951913776916
170,219,1.0041755915724193
220,223,1.0041725996448874
218,261,1.0041712113002577
136,193,1.0041042890527618
236,454,1.0040595722839827
84,378,1.0040187578832314
79,174,1.003991540322978
97,151,1.00398270086687
222,455,1.0039707726024885
183,349,1.0039693513859116
28,455,1.0039611974696439
91,170,1.003959866681948
179,200,1.0039550582066736
13,29,1.0039377005849484
135,319,1.0039088165628625
100,131,1.003863050168969
247,438,1.0038582571413603
65,189,1.0038552340439333
192,234,1.0038389030254578
179,202,1.0038323378683085
4,358,1.003825845713393
204,337,1.0036869566344702
202,270,1.0036590767627718
455,457,1.003611133548676
149,314,1.0035770100420067
198,232,1.0035255576554334
41,452,1.0035209474683005
224,330,1.0034787746441374
436,443,1.0034501269659954
422,444,1.0034432020695971
130,211,1.0034328740286984
108,439,1.0034176774743466
270,393,1.003391705117668
66,189,1.0033473352319977
177,422,1.0033437133193557
84,142,1.0032858718268842
28,37,1.0032844987871408
107,211,1.0032832477182616
196,446,1.003252519842761
104,396,1.0032504690773458
213,230,1.0032481499435077
383,437,1.003240375550953
63,97,1.0032063578688117
119,193,1.0032045972957908
113,141,1.0031820847100532
12,226,1.0031685567359632
252,446,1.003158340367268
219,458,1.0031408240583854
112,272,1.0031358537114585
182,222,1.0031150607666697
130,380,1.003114170851027
137,349,1.00309956600654
140,174,1.003086854378268
160,270,1.0030751895824779
5,291,1.0030653340563764
209,219,1.0030557635599855
202,435,1.00305216026212
181,263,1.003040592363237
190,452,1.0030338618260521
288,366,1.00302075023537
132,312,1.0030179322084438
148,360,1.003008389417602
194,446,1.0029660725102998
396,425,1.002957466697058
160,222,1.0029501687233924
142,441,1.0029213161222092
261,414,1.0028781980666917
164,396,1.0028728600348127
119,222,1.0028576150823194
41,148,1.002822288988567
257,430,1.002816561305647
121,411,1.0028102842620217
20,259,1.0027871993942603
157,330,1.0027847539938917
72,177,1.0027525828409725
65,171,1.0027493685925677
230,290,1.002734265313269
72,97,1.00269751496023
168,425,1.00268425645522
5,19,1.0026747053215015
151,311,1.0026730210147567
167,406,1.0026159333146705
198,284,1.0026103439549463
166,215,1.0025740451442664
28,264,1.002570479806784
141,217,1.0025594790272652
41,427,1.0025286453963946
189,411,1.002520881702799
261,420,1.0025097556496603
104,127,1.002502646621468
217,458,1.0024956143422585
224,366,1.0024892680142459
67,269,1.002483759908304
103,182,1.0024331391646468
155,372,1.0024056134718058
6,311,1.0023763319496102
106,145,1.0023753477309492
25,99,1.002356561419433
441,457,1.0023417700198103
104,426,1.0023361349007849
448,449,1.0023084199514032
12,372,1.0022972594691526
253,330,1.0022951992724247
252,411,1.002224142205388
204,258,1.0021716175564714
182,411,1.0021346824508828
200,338,1.0021015193531422
148,457,1.002093113141364
257,420,1.0020244594083263
102,176,1.0020155112633595
181,215,1.0020047260102927
230,292,1.0019583575211255
100,379,1.0019323956955912
257,455,1.0019244142810502
158,391,1.0019233760195
149,174,1.001919893706092
69,149,1.0019175069269397
121,235,1.001910454993644
176,317,1.0018715011406543
232,244,1.001849349306386
188,255,1.0018430085225505
167,396,1.0018376425478723
236,317,1.001793087709157
344,436,1.0017375907740274
103,134,1.0017085648089183
236,441,1.0016582211184342
229,264,1.0016442744287977
3,93,1.0016144718101818
235,336,1.001565110049565
195,334,1.0015620594578327
80,164,1.0015410806734855
149,441,1.0015385724290207
174,444,1.0015298854693104
420,429,1.0015282106099932
70,393,1.0014816471846406
134,188,1.001455270240166
35,94,1.0014499369071188
127,158,1.001381557754146
320,439,1.0013095957151354
19,445,1.0012615175003476
217,452,1.0012266771820357
252,347,1.001224368756493
5,258,1.0011371526460444
139,451,1.001113130232222
98,302,1.0010856683316782
28,189,1.0010827239041993
60,290,1.0010623825744343
41,168,1.0010353626027013
337,454,1.0010270019273813
65,444,1.0009842067510557
72,142,1.000972282873897
80,208,1.0009460810602424
72,284,1.0009329034592054
269,317,1.0009283952828962
164,411,1.0009170099633589
145,451,1.0009147536499803
263,314,1.000877031883901
140,429,1.0008376605770948
33,264,1.0008329173029373
134,171,1.0008139410717884
37,442,1.0007526823822512
224,446,1.000747187355832
33,259,1.0007126572405556
230,243,1.000700405220493
329,378,1.000643156248054
108,327,1.0005948995887544
79,256,1.0005888031168961
62,189,1.0005745860225725
174,251,1.0005310342700486
60,141,1.0005190357193285
180,418,1.000508168839098
164,314,1.0004975361866744
149,158,1.0004713076508243
402,437,1.0004194003094824
131,218,1.000407277752105
29,170,1.000392527593468
121,136,1.0003766781006838
103,425,1.00036359227426
79,176,1.0003438751730278
185,188,1.0003292579581904
197,423,1.0003159190812656
112,171,1.0003136053187818
55,204,1.0002965654720164
179,437,1.0002883789150243
131,193,1.000274014486753
121,172,1.000272536182529
252,287,1.0002252979615007
144,199,1.0002238356104516
112,142,1.0002184450405536
343,426,1.0001855168595164
28,292,1.0001724214376488
106,131,1.0001662258838087
80,115,1.0001477147356803
104,338,1.0001309165231536
66,182,1.0001234578909501
171,184,1.0001049023223814
11,422,1.0000664836724862
7,291,1.0000283123634728
220,431,1.0000128212470478
110,192,1.000005896443472
254,263,1.000003245275476
136,168,0.9999723332279937
99,250,0.9999591304665593
145,420,0.9998730131148398
115,127,0.9998510454049537
4,203,0.9998438672786382
248,296,0.9998387790453546
179,239,0.9998352880694334
157,401,0.9998315400776253
415,429,0.9998018449831604
215,254,0.999797464904176
366,459,0.9997741515489736
93,153,0.9997437123439012
205,308,0.9997402389161208
102,264,0.9997366120279719
269,286,0.9997285417725921
146,452,0.9997221284267801
343,358,0.9997176426185218
284,391,0.9997029118192422
393,426,0.9996942626881626
186,360,0.999686259129799
115,358,0.9996806747402283
182,233,0.9996384176243219
2,427,0.9996207352134872
65,77,0.9995955864655545
4,138,0.9995905190883967
59,431,0.9995542546012289
44,448,0.9994969398357423
186,314,0.9994911224204597
67,254,0.9994774189374949
286,415,0.9994719898215338
218,285,0.9994640846788424
214,396,0.9994599808377966
4,440,0.9994423601971135
169,220,0.9994203413746584
149,248,0.9993971800047521
212,420,0.9993798088664246
337,349,0.9993558626375043
28,206,0.9993461533728827
148,289,0.9993197313559629
210,344,0.9992391780475711
196,327,0.9992284121058779
211,358,0.9992262372812906
103,259,0.9992111968754315
41,316,0.9992037335451539
174,343,0.9991710489084485
219,235,0.9991641144658426
201,204,0.9991524093810263
152,169,0.9991215315000805
14,360,0.9990805690247819
250,379,0.9990748642909778
80,204,0.9990535110490912
167,289,0.9990257006356839
14,366,0.9990117071737138
100,317,0.9990073214105462
19,259,0.9990071962246665
300,456,0.9989899449671225
314,426,0.9989659874777957
40,163,0.9989058611774374
129,312,0.9988957757626276
116,191,0.9988935663019793
182,317,0.9988918194520494
196,432,0.9988894658547189
33,437,0.9988502358397976
84,200,0.9988416122835304
286,414,0.9988384527478771
89,418,0.9987999670425747
66,238,0.9987741937809759
317,320,0.9987703191967356
120,166,0.9987643862055693
55,135,0.9987607412297624
206,300,0.9987155503484237
3,444,0.9986956737920495
28,429,0.9986886401386935
259,436,0.9986868490882247
63,255,0.9986848416162928
265,442,0.9986726786060447
205,338,0.998657292031106
66,191,0.9986406845027204
149,272,0.9986347466282565
218,323,0.9986297946352816
251,311,0.9985899614728343
186,300,0.9985865251458558
44,89,0.9985819562335524
198,224,0.998573324347193
60,288,0.9985371065028729
151,323,0.9985214885484696
84,257,0.9985201116635439
59,97,0.9984799995815954
222,459,0.9984623790571184
271,406,0.9984586333648948
343,439,0.9984567010342442
14,265,0.9984520515166244
211,446,0.9983380284107066
55,229,0.9983220509822854
262,303,0.9982842358904371
118,289,0.9982791044891957
182,326,0.9982681179221856
103,243,0.9982475257049438
131,215,0.998247258135096
157,291,0.9982166817525125
137,379,0.9982149543613925
190,296,0.9981461688252711
3,251,0.9981020094538063
52,437,0.9980949623293617
372,456,0.9980922445894883
28,197,0.9980906851681804
112,461,0.9980806690741485
235,366,0.9980780529439822
70,199,0.9980738471488475
89,397,0.9980718540806348
28,211,0.9980615034777252
139,220,0.9980218483878844
160,187,0.9980077174009611
173,420,0.998004461753612
229,427,0.9979193651766117
181,218,0.9979126081398372
155,432,0.9978773920467212
210,434,0.9978707500770814
97,451,0.9978539021643669
237,451,0.9978518631793403
118,326,0.9978492846354768
138,210,0.9977984575689416
119,408,0.9977969587696227
79,337,0.9977783672308808
289,378,0.9977779356952824
69,130,0.9977502949284851
196,453,0.9977494276739951
368,406,0.9977292468485336
65,235,0.9977217772867555
171,243,0.997720478138413
143,195,0.9977182285581476
252,355,0.9976903252035795
72,216,0.9976855038911354
202,265,0.9976742210021742
193,235,0.9976659233678812
11,33,0.99764476729524
161,204,0.9975939849579627
263,284,0.9975838882936753
159,226,0.9975743765021313
320,415,0.9975300514233473
116,195,0.9975087709288472
273,441,0.9974961857559281
205,361,0.9974938505910956
70,462,0.9974821696427998
206,330,0.9974717906950159
112,119,0.9974695726677508
163,354,0.9973988237716764
14,415,0.9973813121026506
140,450,0.9973605173916235
194,219,0.9973569014363909
67,98,0.9973537188031332
318,369,0.9973450693732677
140,235,0.997337191270957
55,312,0.9973347383234115
142,179,0.9973029572922323
79,450,0.9972997272344986
113,139,0.9972914517106136
217,296,0.9972790962768605
260,290,0.9972527344592703
132,136,0.997209764290546
157,396,0.9972065987611899
96,454,0.9971832515960276
168,422,0.9971823004875797
320,375,0.9971719933307583
243,420,0.9971400457068558
366,461,0.9970771798780016
253,446,0.9970164906127926
89,174,0.9969987675246484
55,171,0.9969896681125374
433,444,0.996969187800768
182,334,0.9969594379810365
28,210,0.9969511237377208
141,436,0.9969508262854138
200,379,0.9969476100078738
176,414,0.9969469212558979
167,426,0.9968886937838652
129,447,0.9968855330194668
129,450,0.9968508632084607
119,149,0.9968362254732853
112,156,0.9968030335151192
59,164,0.9967955129971092
7,432,0.9967939929683515
114,213,0.9967645734830447
238,402,0.996761504522484
290,320,0.9967162254054872
69,204,0.9967009041739965
145,183,0.9966891399994763
83,108,0.9966533825941448
112,191,0.9966502473163397
129,445,0.9966058783958281
10,349,0.9965922344415803
135,269,0.9965758942152623
159,436,0.9965746392220943
156,248,0.9965031621709415
214,433,0.996467679158992
93,353,0.9964488518411632
97,202,0.9964342602697082
213,409,0.9964098672339406
119,338,0.9963729836124897
145,149,0.9963277934034398
271,401,0.9963217102144023
315,358,0.9963199301267602
19,378,0.9962908341506437
316,391,0.9962863406361983
397,427,0.9962805813712902
181,296,0.9962771857667633
33,455,0.9962665135626068
97,232,0.9962231659339301
165,208,0.9961746187287289
14,215,0.9961449445500868
162,314,0.9960318211411008
163,331,0.996026209206144
255,418,0.9960157619284903
197,406,0.9959831109445372
104,116,0.9959478351581029
326,444,0.9959252672996939
250,452,0.9959169024171138
215,253,0.9959086627586895
130,143,0.9958873511129575
2,459,0.9958766300116947
349,461,0.9958524489940115
4,245,0.9958100993642405
102,136,0.9957441860660747
117,238,0.9956998128565848
260,315,0.9955719753228494
380,446,0.9955334385741735
146,211,0.9955151857601502
168,172,0.9955116125711168
78,155,0.995501955090788
67,215,0.9954944596135001
238,396,0.9954943979453098
148,245,0.9954537188377075
397,431,0.9954339130961157
180,273,0.9954259411968465
152,204,0.9954004259851161
154,415,0.9953737497444606
151,414,0.995371005571726
141,435,0.9953651563598134
147,446,0.9953597725835955
273,422,0.9953356202948038
63,256,0.9953247927653781
78,290,0.9953015840194426
130,190,0.9952842338503952
257,434,0.9952547765674747
190,206,0.9952289200089981
318,457,0.9951640843368578
216,311,0.9951555949514056
110,170,0.995133834213161
31,155,0.9951335519813019
181,290,0.9951296058563883
177,442,0.9951143596989029
248,455,0.9951120355343892
63,415,0.9950759114420743
37,458,0.9950623618380677
220,415,0.9950529434997315
102,111,0.9950322428530849
167,330,0.9949348159940863
79,212,0.9949261565181857
41,259,0.9949164815551996
83,253,0.9949076569766159
77,83,0.994893106819186
172,238,0.994892236508968
83,425,0.9948895491043146
121,330,0.9948806521812764
40,148,0.9948761421658661
187,235,0.9948665003106346
308,443,0.9948655380669078
83,459,0.9948356388362783
70,118,0.994834394394076
402,429,0.9948278692868108
174,315,0.9948175517899146
265,312,0.9947926836353819
169,187,0.9947793381481882
314,366,0.9947654879200428
253,326,0.9947487765218341
206,258,0.9947473433543662
261,372,0.9947252139771101
97,129,0.9947041914788858
169,451,0.9946958247359778
69,228,0.9946622900517182
101,252,0.9945896140047872
237,288,0.994583433015949
147,396,0.99456480334152
113,168,0.9945510880494611
188,264,0.9945318538195509
201,429,0.9945294111533751
37,415,0.9945130983984529
33,192,0.9945063736856532
269,439,0.9945012408899448
344,428,0.9944997469477701
41,165,0.9944934783228182
197,372,0.9944614422140181
69,311,0.9944431046541822
210,411,0.9944129281212417
200,378,0.994396450637893
238,287,0.9943919258244787
7,201,0.9943451204390723
163,270,0.9942936087843047
235,441,0.9942907147269152
29,459,0.9942905229474776
102,113,0.9942382470169169
272,434,0.994197697131154
110,189,0.9941930816118699
155,230,0.9941808322030061
336,379,0.99415668726262
243,428,0.9941528353127035
368,385,0.9941457237396053
162,248,0.9941357552739439
93,409,0.9941153521555486
183,441,0.9940933730970831
190,379,0.9940826958586363
150,151,0.9940798512399781
66,177,0.9940673870851101
138,255,0.9940314734487657
93,312,0.9940255134389572
107,209,0.9939966420120157
183,425,0.9939754294396401
13,113,0.9939386131799949
91,254,0.9939259742884639
166,451,0.9939102297743077
121,396,0.9938838233183037
83,200,0.9938664633899026
12,397,0.9938423014102965
2,84,0.9938388646965509
200,343,0.9938212621480537
191,360,0.9937740706519905
100,435,0.9937636330768976
183,193,0.9937615789934909
96,439,0.9937584261054953
210,420,0.9937513357803462
2,217,0.9937445148290756
12,432,0.993662768180828
113,199,0.9936551954381293
69,206,0.9936354916058544
290,298,0.9935917489862576
62,147,0.9935857340017512
120,165,0.993579427318286
198,379,0.993576932308573
70,391,0.9935715536735912
147,419,0.9935483258948532
172,189,0.9935365862047947
19,210,0.9935211050690904
167,358,0.9935106567202004
140,330,0.9934834528932932
208,326,0.9934427160741225
247,318,0.9933852137749165
3,118,0.9933819378857273
77,198,0.9933529682903355
80,257,0.9933250981257387
93,223,0.9933139231775637
70,319,0.993308457274561
138,211,0.9932846626849443
316,457,0.9932562030334572
198,216,0.9932486169137532
60,239,0.9932325351769808
41,156,0.9932195052885965
3,205,0.9932154766925548
66,196,0.9932148799009303
296,450,0.9931858909414721
66,186,0.993181056473495
152,202,0.9931689852808735
288,420,0.9931550340792876
197,433,0.9931487364351251
29,159,0.9931287108517425
66,451,0.993127824929072
65,100,0.9931157066544382
28,442,0.993039673247303
289,343,0.9930112298385035
5,74,0.9930088106618827
103,192,0.9930043201482118
44,55,0.9929680450746412
261,286,0.9929536455339524
302,323,0.9929466283666617
178,394,0.9929361453363882
199,394,0.9929295874924485
55,177,0.9929273670219735
164,415,0.9929153544458349
211,449,0.9929123530063161
436,445,0.9929115127145582
69,237,0.9929034570703483
169,192,0.9928977281869186
187,443,0.9928929570550814
13,66,0.9928390697142638
59,263,0.9928130554972695
320,411,0.9927929415734541
211,372,0.9927914709140173
262,434,0.9927792571322921
229,428,0.9927245129423888
403,418,0.9927224951350602
129,145,0.9927090930825904
37,169,0.9926956303839368
121,300,0.9926721909529047
161,314,0.992668843703953
183,208,0.9926295985224345
182,360,0.9926043936978396
138,209,0.9925813468492893
252,408,0.9925773305460412
364,397,0.9925709597976231
84,264,0.9925390975498961
59,167,0.9925275775153344
251,389,0.9925242086273981
150,418,0.9925182761198639
422,458,0.9925051938342202
327,378,0.9924859405442854
287,380,0.9924854515707022
60,65,0.9924841041640412
119,129,0.9924799467758687
65,131,0.9924662286634098
152,172,0.9924132284126396
213,399,0.9924106496175301
146,251,0.9923945228686142
154,308,0.9923414966879192
271,306,0.9923391437642732
188,250,0.9923135641002973
37,237,0.9923075251624837
99,372,0.9922730486804351
129,435,0.9922699594413543
72,183,0.9922446991674007
147,258,0.9922082115733829
155,245,0.9921913601810523
234,272,0.9921860789605137
61,197,0.9921560099985608
70,168,0.9921349126277736
141,222,0.9920934425349565
83,165,0.9920863832400986
162,215,0.992078807292472
28,65,0.9920771576833002
97,378,0.9920421306166897
411,441,0.9920152779079014
229,459,0.9919968758348042
147,330,0.991989739964502
144,178,0.9919843047296601
418,436,0.9919823965316772
201,443,0.9919793419630747
65,319,0.9919729276197753
220,427,0.991947952352585
114,192,0.9919357624542688
13,234,0.9919208826921755
115,442,0.9919160947239274
80,112,0.991894858992008
326,427,0.9918933568603671
245,272,0.9918871858062382
78,318,0.9918424628692023
84,285,0.9918408130655774
433,437,0.9918363659141406
44,193,0.9917986340597569
120,326,0.9917506376577259
292,409,0.9917188584623747
157,234,0.9917094881885304
213,453,0.9916690672575398
127,411,0.9916391151027524
337,409,0.991630626822307
129,459,0.9915824665310877
116,197,0.991571509863383
228,248,0.9915504670115378
142,144,0.9915498060397221
161,415,0.9915422567136164
206,286,0.9915328169808305
44,140,0.9915295445593517
397,448,0.9915183473310257
162,201,0.9915006272530985
113,458,0.9914769687738899
29,443,0.991475869396975
110,132,0.9914407554092763
313,355,0.9913854402027283
12,306,0.991354464315231
261,349,0.9913352616889466
173,406,0.9913237642828424
171,429,0.9912754513644676
366,458,0.9912383577245617
326,379,0.9912350244246626
3,139,0.9912176388275632
100,142,0.9912128290582649
446,455,0.9911810626413791
83,99,0.9911200593424748
65,107,0.9911032786978091
84,89,0.9910759559199855
302,315,0.9910529261901889
73,194,0.9910512568893571
78,380,0.9910302994727965
116,284,0.9910163323646757
77,152,0.9910121952210389
125,163,0.9910016948317094
37,330,0.9909573929835254
80,447,0.9909489113439772
209,358,0.9909389834318221
132,338,0.9909054052887294
28,336,0.9908917758563457
152,422,0.9908249636484879
72,239,0.9907984528999635
219,460,0.9907904928006143
106,167,0.9907796468462488
216,273,0.9907571496928014
101,132,0.9907303261991627
191,296,0.990682511380141
431,439,0.9906607060010179
368,418,0.9906598423472017
263,422,0.9906587850784346
91,284,0.9906528993338899
141,228,0.9906433544877085
2,7,0.9906398706069548
115,169,0.9906126853471439
196,219,0.9905987362935256
13,65,0.9905761115386447
292,420,0.9905581315531299
204,336,0.9905299169720897
77,130,0.9904701534820325
366,452,0.9904669535758851
271,385,0.9904661541383782
146,180,0.9904580791355526
145,273,0.9904554813574177
130,183,0.9904529532239525
115,435,0.9904529424020009
44,284,0.9904404915285647
79,422,0.9904194598848097
235,358,0.9903990898625981
131,234,0.990386299003432
260,285,0.9903809341203623
134,263,0.9903709601469901
69,317,0.9903621359744958
214,222,0.9903103942744602
7,361,0.9902884381107614
19,323,0.9902754301149422
171,256,0.9902711321072449
70,189,0.9902665360373744
69,269,0.9902559356726539
183,343,0.9902214901059364
150,284,0.9901903112813898
287,336,0.9901378311874466
97,273,0.9901339389797831
5,360,0.9901279045332093
143,396,0.9900710513558887
84,243,0.9900651081082736
237,260,0.9900621288568909
188,272,0.9900284819413963
211,300,0.9900179718181233
265,337,0.9899844610727837
204,415,0.9899826398440388
196,423,0.9899767090610442
284,302,0.9899678426596937
156,234,0.9899663737959836
121,287,0.9899657424271993
184,368,0.9899578140002108
20,160,0.9899449434324602
5,133,0.9898784720132916
127,319,0.9898736234258028
157,418,0.9898659631384225
113,180,0.989840427288059
178,434,0.9898143560331353
116,272,0.989788197897135
183,187,0.9897692202941363
63,70,0.9897671319724244
261,314,0.9897633702301488
248,428,0.989762769607428
69,183,0.9897366509616518
228,406,0.9897231558756483
389,452,0.9896955697323256
257,300,0.9896911513929479
148,394,0.9896870275688886
288,415,0.9896646581379122
101,238,0.9896597058401269
263,444,0.9895982131706796
14,184,0.9895851971403485
287,428,0.9895780193541491
435,449,0.9895777148693468
66,192,0.9895747591238642
97,452,0.9895569267725652
144,319,0.9895431973558715
164,454,0.9895314193701239
366,422,0.9895230119162266
174,375,0.9895005321019656
136,243,0.9894884856157229
100,414,0.9894824390352607
179,273,0.9894782388938341
211,369,0.9894303520991296
174,349,0.9894179334371636
114,166,0.989310206366016
145,343,0.9892921329883003
261,290,0.9892852672138878
55,174,0.9892589854691834
20,99,0.9892576623556927
198,202,0.9892306052499731
186,420,0.9892249501649667
137,149,0.9892010870713593
108,250,0.9891945515384332
364,368,0.9891876081763877
202,391,0.9891677766394563
169,312,0.989156265948256
200,316,0.9891507349907388
13,179,0.9891183499153665
89,300,0.9891089862648358
125,264,0.9891068819303714
113,202,0.9890598984406433
65,206,0.9890562686632137
127,426,0.9890361432629339
66,455,0.9890233702868259
152,284,0.9890130029272874
111,326,0.989004610139337
144,435,0.9890033677259811
320,436,0.9889943873109599
179,256,0.988941230399259
157,360,0.9889395714193321
165,343,0.9889196554302444
9,125,0.9888867084738178
6,406,0.9888704473278926
183,220,0.9888632535205687
257,422,0.9888455231275589
103,288,0.988843078518742
234,375,0.9888396949839687
129,316,0.9888332621366829
19,145,0.9888324604245613
186,200,0.9887949630981099
175,336,0.988758277758977
96,235,0.9887437223745951
55,67,0.9887169111851427
97,104,0.9886796872224807
170,425,0.9886767531470781
220,420,0.9886761326502403
239,435,0.9886632146507972
110,168,0.9886604781928597
5,78,0.9886171811323966
194,397,0.9885950219153505
72,110,0.988535401191182
300,461,0.9885051106974366
103,170,0.988480975114514
201,448,0.9884708855311121
311,394,0.9884601568934627
113,462,0.9884518107627353
140,286,0.9884472281562301
195,222,0.9884363222795193
67,450,0.9884335411143991
200,296,0.9884242207446204
228,264,0.9884042850126716
4,71,0.9883700588590331
3,100,0.9883208860972884
106,427,0.9882915204555477
428,450,0.988287571177844
134,312,0.9882631035293231
106,141,0.988208622276206
60,437,0.9882006218960412
254,326,0.9881802385393859
8,311,0.9881785586126883
244,318,0.9881694329803742
37,298,0.9881691034657057
134,168,0.9881245044987746
343,445,0.9881012915124955
29,132,0.988061846626485
191,451,0.9880273614138047
204,338,0.9879757957069383
171,391,0.9879659752909321
65,380,0.9879629629555543
19,111,0.987911892970433
72,179,0.9879066955261668
336,441,0.987836605512623
55,439,0.987814689247257
69,285,0.9877892106243338
11,270,0.9877692508550476
60,118,0.9877681217614999
257,349,0.9877335362513071
211,371,0.9877334248069989
19,248,0.9877250238829083
33,452,0.9877237890517733
211,347,0.9876976479216629
179,254,0.9876836870539536
142,235,0.9876696786110479
96,287,0.9876475950461149
272,454,0.9876377437656867
183,391,0.9876356566370116
111,415,0.987621534994789
218,296,0.9876183141167728
179,314,0.9876095854831871
60,233,0.9875997492129545
224,308,0.9875891572800296
211,423,0.9875640287657715
154,229,0.9875486097373194
222,379,0.9875367597142577
229,255,0.987501521431042
251,327,0.9874779410831143
59,214,0.9874750613886407
197,308,0.9874684167378838
72,102,0.9874629482874535
41,77,0.9874405894281255
19,120,0.9874227927062618
60,162,0.987411112840071
3,6,0.9873983307771844
234,444,0.9873651181485992
278,368,0.9873589964478265
87,95,0.9873427966810965
108,176,0.9873364731621466
70,238,0.9873090377504471
311,343,0.9872983799337172
102,196,0.9872983448152632
106,118,0.9872893597429355
160,364,0.9872713278606009
61,368,0.9872658735875322
260,292,0.987235506510473
131,183,0.9872146766704296
237,263,0.9871865873999272
119,146,0.9871640765158579
174,445,0.9871470947950273
253,409,0.9870979085555884
106,323,0.9870834060700195
379,422,0.9870735904499959
235,397,0.9870483726888555
40,208,0.9870474385420936
116,259,0.9870161879397005
149,150,0.9869845994546772
313,361,0.9869568429899092
101,154,0.9869097098887942
315,439,0.9868961076618229
252,291,0.9868802332498589
143,256,0.9868498592231458
67,216,0.9868494675258789
150,431,0.9868429329067883
198,271,0.9868095877036779
37,308,0.9867735349569922
72,235,0.9867621510416723
172,460,0.9867559850926134
114,288,0.9867408625369942
114,427,0.9867319866755825
104,151,0.9866910265074313
320,338,0.9866907178165151
127,379,0.9866745756651039
28,195,0.9866638006928812
143,145,0.9866587110165144
104,445,0.9866460166465711
69,403,0.9866390032718175
4,226,0.986579389285283
290,462,0.9865450288093385
327,458,0.9865445615086421
11,308,0.9865441762977396
197,258,0.9865062803605938
158,300,0.9864958675155593
206,426,0.986476923625879
41,211,0.9864614377785241
202,290,0.9864607092223384
296,336,0.9864235075441944
214,245,0.9864072801728697
101,288,0.9863972391508969
97,192,0.9863970702985518
262,410,0.9863931114912966
239,448,0.9863914076393945
120,455,0.9863904680799701
147,372,0.9862976954190623
166,233,0.9862515758035216
44,349,0.9862214216324926
40,72,0.9862187853977455
83,121,0.9861970294925039
265,290,0.9861925053410642
181,415,0.986187737472734
181,234,0.986168528028623
239,285,0.9861565870391242
250,431,0.9861506526798159
66,319,0.9861332671658154
116,316,0.9861133128597203
103,337,0.9861054091099011
139,188,0.9860924308392521
245,264,0.9860872027896004
253,385,0.9860529270905961
5,62,0.9860461253357069
194,308,0.9860448854691968
338,462,0.9860265271482244
10,330,0.9860201153529768
67,140,0.9860019706016027
251,442,0.9859743735555753
250,292,0.9859742895777764
286,375,0.985973988248105
55,375,0.9859509223907703
196,270,0.9858892794064664
302,459,0.9858822433154015
127,441,0.9858814346451881
4,409,0.9858803524761142
65,118,0.9858356213751953
80,190,0.9857771658153591
338,444,0.985765327223225
127,215,0.9857443087122629
10,187,0.9857385106281104
290,360,0.9857229726243784
25,447,0.9857185331904368
96,116,0.9857163052193416
414,431,0.9857138427622721
178,411,0.9857105063980093
208,239,0.9856962476250208
218,311,0.9856868737477426
302,428,0.9856841855910778
216,286,0.9856640181441273
158,366,0.9856628214089559
19,130,0.9856579852602139
94,413,0.9856514484921758
142,201,0.9856470891194455
145,202,0.9856457512703677
138,315,0.9856293571516817
212,336,0.9856209470355842
118,402,0.9856101775044647
135,151,0.9855977188253935
143,379,0.9855968089002205
187,197,0.9855685759200645
99,278,0.9855535486801937
83,162,0.9855505395226604
251,334,0.9855429724582384
130,132,0.9855327673277097
151,420,0.985532390723936
83,448,0.9855199076634643
154,426,0.985510821445298
55,454,0.9855074585157206
178,330,0.985480454204149
148,219,0.985473732077413
78,254,0.9854638906517149
146,152,0.9854518334746184
69,208,0.9854451344650109
306,313,0.9854386768009821
119,327,0.9854367667360465
121,426,0.985425763956358
286,428,0.9854132871831529
152,220,0.9853704967075695
232,401,0.9853516756999526
229,448,0.9853458566459721
147,187,0.9853328407099469
238,389,0.9852566693803466
201,288,0.985239083813494
93,117,0.985235779471061
93,421,0.985235779471061
217,238,0.9852353785671994
7,101,0.9852320664907642
55,426,0.9852299146669363
33,238,0.9852117445160923
145,418,0.9851815901647308
167,344,0.9851496170140561
150,285,0.9851139432347692
110,140,0.9851082216916146
228,237,0.985091231304963
6,63,0.9850730651545313
169,337,0.9850463799662101
66,169,0.9850285075071702
162,250,0.9850203365078708
19,285,0.9849879203595109
215,391,0.9849485609799352
292,327,0.9849390953422317
330,437,0.9848912389277784
77,146,0.9848871680637449
72,143,0.9848755012488605
272,402,0.9848497207463369
7,360,0.9848461724391696
31,160,0.984817985199635
106,132,0.9847826055573536
140,366,0.9847629723420777
89,103,0.9847399665273517
130,170,0.9847327284037755
183,458,0.9847200577944004
116,455,0.9846279201058512
77,103,0.9846157205220198
137,237,0.9846047439727119
6,447,0.9845708329633899
29,438,0.9845685721518741
4,219,0.9845624385816617
63,411,0.9845345513865886
41,210,0.9845188374678706
55,423,0.9845123735371649
457,460,0.9845087283760728
131,411,0.9844863027864332
157,358,0.984458805176867
292,433,0.9844545182951532
179,260,0.9844522934813109
317,415,0.9844505394144754
119,372,0.9844330122642855
162,442,0.9844182996438814
111,396,0.9844108880444337
185,336,0.9844086653729981
180,343,0.9844074420495297
157,222,0.984405317469737
37,80,0.9843971970495465
13,25,0.9843802626133641
326,393,0.9843449785285789
89,436,0.9843306143977966
378,444,0.9842961511941943
263,450,0.9842902701332614
222,427,0.9842880840351792
408,459,0.9842471120271132
131,220,0.9842264173721968
5,68,0.9841775488743297
136,284,0.9841771641720585
103,290,0.9841489276661082
37,100,0.9841364702686157
228,458,0.9841073461336609
108,418,0.984105360758249
111,300,0.9840963358157311
40,196,0.9840928921119563
3,216,0.9840891833652997
194,401,0.9840869837944534
55,185,0.9840621607989735
162,336,0.9840589954123959
113,236,0.9840189001720933
179,292,0.9839863922961911
237,337,0.9839749988760089
263,418,0.9839355289416584
72,269,0.9839077871561696
260,452,0.9839017589411813
289,368,0.983869619520286
33,210,0.9838571023948652
63,445,0.9838362300973941
84,177,0.9838289835238401
393,457,0.9838228732443313
259,330,0.9838085740484512
111,312,0.9838043752715114
112,140,0.983795506852268
202,228,0.9837422505415429
217,435,0.9837255050901523
191,372,0.9837122004682055
142,233,0.983663229116049
272,372,0.9836563065114787
148,423,0.9836557431847697
180,217,0.9836550667246567
228,234,0.9836299685556087
115,439,0.9835991938287072
150,168,0.983594130106938
44,183,0.9835934822998819
141,426,0.9835884301511992
406,461,0.983571665669859
213,336,0.9835578576889829
129,228,0.9835293168548448
19,236,0.9834979151331568
317,441,0.9834971910521342
216,403,0.9834536992098639
3,237,0.9834424111700522
271,426,0.9834361594194577
152,445,0.9834356313113946
89,372,0.9834116238496847
111,245,0.9834053975347795
84,164,0.9833891365999614
337,448,0.9833861763677911
215,243,0.9832824549290426
144,445,0.9832291731905685
288,303,0.9832284446365706
113,255,0.9831805433259835
118,330,0.9831616499032804
269,360,0.9830836567741692
434,444,0.9830814797875648
125,205,0.9830760323031419
66,448,0.9830726615546708
316,397,0.9830531926338192
414,458,0.9830408444487708
139,420,0.9830183942684255
6,216,0.9830140032660023
160,360,0.9829941919020538
111,344,0.9829933943301193
157,414,0.9829531754902662
158,401,0.9829461035778269
180,256,0.9829460372803802
113,429,0.9829293958657866
426,445,0.9829180808849788
209,423,0.9829058589519634
192,423,0.9829007793015544
98,361,0.9828938923139892
125,214,0.9828784219862946
248,452,0.9828607986047674
103,208,0.9828295828284864
261,311,0.9828256015713064
255,448,0.9828197685804902
177,226,0.9828104005847137
270,288,0.9827830125970063
179,311,0.9827817981298634
69,442,0.9827651131262913
319,426,0.9827340132638159
330,391,0.982718889984984
40,236,0.9827123232713195
120,319,0.9827040674869597
262,401,0.9826916271314968
197,369,0.9826782055695173
216,431,0.9826731825685792
113,444,0.9826227206558276
169,288,0.9826086981246756
292,422,0.9825960782373395
158,233,0.9825871492152634
193,284,0.982567780327196
115,129,0.9825643499387935
145,190,0.9825564349184994
245,403,0.9825460760043401
70,182,0.9825428228625583
208,316,0.9825357784793605
148,371,0.9825228156547993
95,250,0.9825176045308385
112,197,0.9825150118145294
112,319,0.9825073803112894
129,224,0.9824734725460721
97,102,0.9824494180944451
147,394,0.9824426991740973
239,379,0.9824273591399968
150,180,0.9824052137566452
327,368,0.9824047174093907
134,314,0.9823791740093819
252,258,0.9823782345503079
151,164,0.9823780557740898
135,174,0.9823757765361779
98,270,0.9823738701055549
224,371,0.9823722100696671
11,439,0.9823609435256685
72,448,0.9823580526228994
55,442,0.9823563073640056
265,336,0.9823436677514666
143,251,0.9823346159808194
272,451,0.9823295670056618
170,401,0.9823253305310513
108,435,0.9823073648838725
130,272,0.9823010789963246
167,327,0.9822981311539398
97,164,0.9822663672405596
132,144,0.9822622677078153
108,151,0.9822595165873516
7,41,0.982257606477597
200,441,0.9822517137151484
144,170,0.9822242245171565
271,402,0.9821891806324032
110,456,0.9821517018702701
389,428,0.9821076879290168
216,257,0.9820894338346439
63,188,0.9820776946216035
103,137,0.9820765854918945
198,201,0.9820593196856696
139,411,0.9820579384501098
422,450,0.9820337255910622
136,391,0.9819723353241128
84,251,0.9819493103511809
411,426,0.9819335762712043
3,154,0.9819049166482685
143,199,0.9818928412414913
137,423,0.9818802264107737
173,432,0.9818728520811476
4,347,0.9818395686836461
415,461,0.9818074487817535
103,148,0.9817912912218273
70,178,0.9817896116637775
84,96,0.9817048319791277
261,426,0.9816616923301105
114,121,0.981651319446944
185,326,0.9816315687966377
278,290,0.9816192971288518
67,422,0.981618831030639
210,247,0.981602864401543
270,323,0.9816007795045798
80,108,0.981588245407175
253,371,0.9815623647414647
66,181,0.98156016146406
183,235,0.9815498144060608
248,317,0.9815479297406782
316,415,0.9814945665621487
393,406,0.9814918072627579
116,177,0.9814839632703491
10,439,0.9814680027935009
10,215,0.9814645274964146
336,391,0.9814463862546671
19,40,0.9814342705989844
397,441,0.9814224682190954
55,84,0.981415261897972
95,371,0.9813825049972625
232,434,0.9813646944900294
13,415,0.9813629796244296
186,419,0.9813626709324128
429,449,0.9813441254734193
176,336,0.9812768123200949
334,425,0.981255535557656
150,220,0.9812323292984781
19,89,0.9812272016875312
12,62,0.9811906400306791
200,360,0.9811870262630501
161,169,0.9811781463791321
237,444,0.9811744862441142
205,402,0.9811623705988395
97,131,0.9811329056279675
14,423,0.981132756632504
245,427,0.981111898321081
5,107,0.9810473474530749
120,336,0.9810281459143574
37,366,0.9810279348962304
80,288,0.9810272525245538
112,338,0.9810271168742113
59,148,0.9810221044626581
300,315,0.9809752110239685
201,248,0.9809571823762644
148,418,0.9809088377510756
129,185,0.9808788402197902
313,402,0.9808598435853793
127,165,0.9808489821314034
284,426,0.9808346334391239
340,425,0.980834328842557
170,426,0.9808287329001869
44,80,0.9807970134438858
212,389,0.9807897266004103
67,72,0.98077387264606
349,403,0.9807381329932136
7,106,0.9807372670458924
127,142,0.980691394828536
158,349,0.9806910947416516
204,220,0.98068860371995
152,186,0.9806795372850334
366,437,0.9806759146436109
194,454,0.9806558466203344
147,289,0.9806512129560803
178,187,0.9806304210733056
199,415,0.9806268206378513
316,396,0.9805911349936421
102,156,0.9805618040596609
197,289,0.9805522319229281
173,302,0.9805452948971286
6,369,0.980530616024498
93,423,0.9805284044749208
229,271,0.980510126685794
229,236,0.9804739104622691
178,397,0.9804553386048488
217,228,0.9804288154451559
40,229,0.9804232090657438
311,427,0.9804155130827801
250,265,0.9804077564200522
102,456,0.9803805222289088
160,344,0.980355939104725
6,336,0.9803550372372856
238,454,0.9803296399277719
60,285,0.9803234396737414
31,93,0.9802921552044521
153,252,0.9802715083518833
432,460,0.980247767772897
83,447,0.9802323968120455
316,394,0.9802293217167818
8,78,0.9802168783336207
205,426,0.9801981745275596
110,403,0.9801690284229876
329,435,0.9801176277696302
160,229,0.9800992979358689
152,218,0.980050557831957
2,447,0.9800479751833038
296,403,0.9800417033342252
40,140,0.980036365457782
209,408,0.979970263124612
235,396,0.979958626206225
138,176,0.9799414050156474
296,338,0.9799029605924636
63,228,0.9798983745577557
216,375,0.9798916314066186
144,257,0.9798665517043146
154,366,0.9797785234711097
112,141,0.9797762045623899
162,415,0.9797643462613946
259,406,0.9797629330653224
59,316,0.9797557284425745
28,72,0.979740292508567
180,375,0.9797399043464502
158,343,0.9797337369122445
185,263,0.9797303627525823
344,429,0.9797034027108668
19,150,0.979687289725717
149,336,0.9796864672252168
97,181,0.9796825899025426
67,239,0.9796345479371711
242,243,0.9796335407198169
254,451,0.9796223395006113
149,343,0.9795928928854805
210,229,0.9795836424203679
228,261,0.9795706734754202
94,345,0.9795674014680092
160,291,0.9795647609002766
239,426,0.9795635682504926
52,160,0.9795489586698498
104,435,0.9795471087255871
316,432,0.9795421322294621
127,150,0.9795229427334171
174,320,0.9795129762530643
399,415,0.9794892497015368
106,393,0.9794716090521435
3,96,0.9794705707972522
129,204,0.9794588125470839
141,441,0.979441115282769
245,459,0.9793880397804596
116,254,0.9793745405195927
175,360,0.9793556244951592
67,437,0.979351150158461
169,264,0.9793303144040623
114,210,0.9792682777585897
172,239,0.9792539955043834
108,235,0.9792421279902234
318,399,0.9792245151844451
192,406,0.9791960710902889
252,419,0.9791939179674369
191,420,0.9791806788933914
286,396,0.9791788692358125
135,337,0.9791681699806258
202,450,0.979157185779007
72,220,0.9791402369036142
65,145,0.9791399868665115
78,196,0.9791047183920133
83,202,0.9790934770799652
259,439,0.9790738244374723
160,446,0.9790535158167623
164,248,0.9790222936030057
129,140,0.978943048605998
80,437,0.9788972151723317
183,234,0.9788330515143377
215,380,0.9787486548640515
179,284,0.9787312967250816
113,208,0.9787297029786841
420,435,0.9787085174791521
141,327,0.9787063440700726
14,302,0.9786926159585015
385,437,0.9786916038802028
91,118,0.9786328178601242
4,61,0.9786137171821596
97,337,0.9786041147403527
218,300,0.9785925782284447
246,425,0.97858181106357
138,179,0.9785817327906159
186,439,0.9785689502528362
104,442,0.9785399772674541
132,448,0.9785379715160585
84,201,0.9785107196799835
142,300,0.9784793291724849
144,189,0.9784782233801804
127,414,0.9784351055337869
208,441,0.9784331106617873
167,347,0.9783958958374045
106,261,0.9783347729463743
158,286,0.9782886686391596
178,396,0.9782512906012949
60,379,0.9782165878328497
250,314,0.9782108534433781
171,172,0.978194981923412
168,265,0.9781944664692733
156,296,0.9781453887493913
190,422,0.9780803559622241
343,385,0.9780440972914761
170,331,0.9780159584874804
193,286,0.9780117932191847
433,438,0.9779166764843987
312,458,0.9779135877835382
156,420,0.9778876252370775
115,215,0.9778645960880379
44,379,0.9778372312362904
197,453,0.9778329796325828
420,443,0.9778107369985134
95,354,0.9778102537424712
120,431,0.9778025802768757
215,403,0.9777961214584815
72,375,0.9777869315609562
379,401,0.977738637161185
11,106,0.977724523007416
116,173,0.9776900144732819
130,171,0.9776344545928097
171,260,0.9776207735799467
271,331,0.9776147498795362
183,415,0.9776107365419657
224,401,0.9775896432522011
150,186,0.977584736714021
112,131,0.9775844774479481
119,172,0.97755654606348
37,41,0.9775501669906912
143,438,0.9775466615713412
98,263,0.9775374829349601
228,239,0.9775321080102448
91,167,0.9775149691871987
91,290,0.9775137353025214
89,426,0.9774844743946246
14,439,0.9774764462971867
60,228,0.9774602877899972
202,312,0.97744714052977
217,218,0.9774289719943227
40,380,0.9774237192294332
69,136,0.9774178175281714
435,448,0.9774171846540772
238,433,0.9774054355440916
60,142,0.9773993021935388
228,420,0.9773841546979208
77,336,0.977372806350263
29,315,0.9773388814624908
236,394,0.9773368375744212
391,442,0.9773367412690838
120,132,0.9773275025229533
235,442,0.977323895000838
7,449,0.9773035688153259
136,179,0.9772907416099893
338,418,0.9772497027747576
95,410,0.9772457332421619
130,159,0.9772174666757723
80,429,0.9772086830556168
108,263,0.9771933323732211
217,379,0.9771728088889164
248,323,0.9771687996128449
141,308,0.9771621401943444
70,104,0.9771501207766511
143,161,0.9771394587974175
201,216,0.9771392356899685
166,226,0.9770986647682067
394,397,0.9770849622563843
70,458,0.9770698352652912
97,208,0.977044430993543
83,171,0.9770420814165461
201,444,0.9770187503931271
112,151,0.9770175393033652
161,441,0.9770164926490136
19,447,0.9770012990876795
5,33,0.9769785595902745
186,358,0.9769586725347648
260,273,0.9769583294812235
144,437,0.9769359979883826
166,300,0.9768875079370527
40,253,0.9768498075256451
178,228,0.9768068040031103
129,338,0.976745350895753
67,261,0.9767360058181445
40,130,0.976717252028047
169,429,0.9766544968825299
243,300,0.9766496848478827
6,285,0.9766068231538312
170,394,0.9765941104862118
98,234,0.9765449167198004
415,445,0.976504848884259
229,232,0.9765042322058937
19,272,0.976481038883313
228,349,0.9764207425388658
308,452,0.976418418396547
337,396,0.9763863308440868
121,150,0.9763651092598623
222,238,0.9763286828835895
331,437,0.9763128562126753
312,380,0.976310623973315
134,445,0.9762469541054394
19,222,0.9762300035415042
72,445,0.9762299737649253
284,420,0.9762131864467738
201,260,0.9762126897337866
163,289,0.9761966114474845
336,461,0.976182928451452
130,261,0.9761762955005711
235,263,0.9761675788368571
112,206,0.9761207211492742
435,454,0.9760807754639487
212,216,0.9760792073627336
144,236,0.9760661969360063
197,409,0.9760540612630182
33,313,0.9760223603328624
189,245,0.9760184096067669
175,270,0.9760097346385347
165,193,0.976002288382666
158,425,0.9759894671210049
361,378,0.9759798507147124
379,426,0.9759788850237696
95,340,0.9759736993369887
200,255,0.9759705878998103
215,315,0.9759123326007796
245,261,0.9759107458204044
70,211,0.9758547372749431
169,302,0.9758464681360137
129,200,0.9758196282873229
67,323,0.9757935239408908
140,265,0.9757933014559195
337,408,0.9757590137037078
206,372,0.9757565427474425
12,369,0.9757350834886614
191,399,0.9756868079684399
175,300,0.9756739060932288
84,396,0.9756716080219104
201,380,0.9756119699074245
175,222,0.9755909139004398
260,435,0.9755836731674415
239,317,0.9755712971764147
151,172,0.9755268210456505
302,452,0.9754940507470529
79,131,0.9754871230255234
118,396,0.9754832149702378
99,270,0.9754781714778451
180,220,0.975471679922903
62,271,0.9754523262321014
119,127,0.9754430483621827
159,215,0.9754360191851645
10,28,0.9754094270656933
168,389,0.9754016236063289
147,383,0.9753298131322868
97,224,0.9752938970425187
135,198,0.9752903503124588
214,234,0.9752637068870008
142,286,0.9752559782993295
154,326,0.9752521258534314
194,231,0.9752301694424025
84,254,0.9752228108779355
361,428,0.9752003379788075
120,285,0.975193498688486
238,419,0.9751632759386972
40,199,0.9751343303991574
165,446,0.9751178048783415
5,71,0.9750996096414135
206,222,0.9750916198047476
250,312,0.9750626463352479
375,454,0.9750515977239456
40,411,0.9750370836170876
135,137,0.9750223473115934
55,100,0.9750203693471454
209,249,0.9750154506002214
136,256,0.9749963224180526
157,457,0.9749775092853793
101,104,0.9749762651937403
165,427,0.9749521810438547
147,355,0.974933127036917
415,438,0.9749177481458215
14,449,0.9749143197196264
121,420,0.9749046690185506
175,406,0.974863761369111
40,437,0.9748552103209955
238,446,0.9748020354135074
83,433,0.9747736776523416
2,204,0.9747570327499216
212,320,0.9747563459344951
14,231,0.974744799461007
65,320,0.9747303333878387
261,425,0.9747022175308828
316,411,0.9746947761748959
65,112,0.9746913089708619
69,179,0.9746510730593952
194,426,0.974644031723594
393,411,0.9746287389764193
336,432,0.974622772549221
239,439,0.9746072398645943
232,233,0.9745959585954942
181,222,0.9745686574563825
130,256,0.974532469645579
418,451,0.9745227605297698
420,436,0.9744835504930112
96,106,0.9744413215238804
103,438,0.974440831276297
337,372,0.9744352397163768
2,212,0.9744183139072822
4,25,0.9744183139072822
143,177,0.9744120114429841
285,418,0.974398568394945
375,444,0.9743837044798678
89,435,0.9743793854568543
171,296,0.9743511940338395
78,251,0.9743464254553312
181,231,0.9743049165775463
121,149,0.9743026065691752
80,397,0.974299933550773
368,401,0.9742966900499646
155,360,0.9742714284352605
406,429,0.9742227663074742
319,366,0.9741326998999521
439,444,0.9741313163952325
59,134,0.9740840488560523
63,108,0.9740704087462365
183,190,0.9740443046856728
110,178,0.974021510421881
258,262,0.9740045258353502
59,147,0.9739881373505176
197,394,0.9739827879860893
175,291,0.9739791003481651
117,211,0.9739748775025208
98,215,0.9739418938871923
28,311,0.9739145564504113
69,107,0.9738949936667178
176,296,0.9738807780528805
250,448,0.9738615282439818
104,286,0.9738427001335486
224,289,0.9738393244948002
165,401,0.9738390430598439
172,403,0.973816195041119
183,320,0.9738090078078232
142,431,0.9738048335452409
433,459,0.9737963659238148
220,229,0.9737850828250777
159,234,0.9737310775726853
113,176,0.9737066554254264
403,422,0.9736925449254323
112,437,0.9736640920774364
129,161,0.9736584548395611
159,248,0.973640548047121
314,349,0.9735931947487952
118,434,0.9735811508614847
16,94,0.9735591235191334
135,179,0.9735188204127663
246,248,0.9735136074209267
137,144,0.9734984181486076
116,212,0.9734844894230116
116,271,0.9734843362383861
160,369,0.973469138060247
317,375,0.9734291588886679
70,375,0.9734205637669466
119,411,0.9734177713151225
197,302,0.9733724315536904
96,101,0.9733664709010743
149,256,0.9733217808443039
154,234,0.9732877392933783
9,306,0.9732624074230776
195,415,0.973215313825791
113,445,0.9732132874025442
187,452,0.9732003255538012
344,425,0.973190314738853
229,368,0.9731877151787852
226,316,0.9731668477424328
260,391,0.9731186983195143
171,439,0.9731126511625453
119,125,0.9731050750917629
10,19,0.9730923871504726
59,136,0.973075272689064
194,385,0.9730506482945239
96,102,0.9730505277442498
302,447,0.9730448435310912
136,444,0.9730443429312401
157,308,0.9730442394615804
44,179,0.9729890059745244
80,330,0.9729830452804692
8,287,0.9729761845602102
183,184,0.9729678213240636
118,312,0.9729618101098498
135,136,0.9729010539016321
25,380,0.9728883204781964
6,389,0.9728743299806818
186,190,0.9728629963618027
19,261,0.9728608732710388
41,142,0.9728471081066237
423,428,0.9728374744874984
166,436,0.9728094061930684
69,187,0.9728046633835455
131,446,0.9727975656929343
6,320,0.9727937398717713
6,314,0.9727729101945687
143,238,0.9727286196934358
52,95,0.9727184793443908
2,89,0.9727091217270802
168,406,0.9726549058535939
100,300,0.9726463682102087
62,456,0.9726401785891526
358,461,0.9726249690918951
29,118,0.9726133131835405
102,253,0.972606592616367
112,429,0.9725705404771
439,448,0.97254303084564
102,379,0.9725403328697101
369,459,0.9725379093540346
366,431,0.9725305116922756
219,368,0.9725187031701662
102,269,0.9725185214772711
95,146,0.9725105400702431
257,450,0.9725077331204389
262,360,0.9725014292612397
159,406,0.9724978511680942
216,402,0.9724410460910589
19,170,0.972417103370139
187,253,0.9724116009250655
234,265,0.9723996386052403
210,245,0.9723919592245358
63,366,0.9723807110693228
101,429,0.9723550115331586
129,152,0.972354821970358
65,343,0.9723011814297409
194,402,0.9722831218130426
230,337,0.972265178689274
151,314,0.9722475178548621
218,445,0.972221547580749
79,439,0.9722213449347135
5,320,0.9722207574013441
138,146,0.9722207248914781
12,31,0.9722068154484914
160,361,0.9722056379235765
83,166,0.9722045479855331
3,312,0.9721995683105593
250,300,0.9721781566671425
28,175,0.9721643411501112
443,446,0.9721397567913403
319,420,0.972123986663773
13,265,0.9721143692650576
113,174,0.9720519758332071
162,317,0.9720262751886024
260,445,0.9719980421077719
114,447,0.9719071935928443
138,254,0.971904176875875
151,418,0.971874775134646
189,208,0.9718704802421768
306,318,0.9718675620970425
186,201,0.9718614669519817
174,296,0.9718463101874041
197,360,0.9718346615419798
150,192,0.9718325748858604
135,442,0.9718325748858603
98,396,0.9717627223303993
408,437,0.9717393806198259
234,257,0.971702503571006
69,397,0.9716953474194174
84,151,0.97169252165516
165,375,0.9716899763004069
20,186,0.9716807815352906
3,243,0.9716796843365418
84,391,0.9716700345319595
91,99,0.9716595982856364
137,444,0.9716233079944804
380,423,0.971604963811823
130,437,0.9715843130826433
72,403,0.97156396912866
431,445,0.971563889911452
210,402,0.9715557589745712
188,235,0.9715177960272003
323,436,0.971516693032444
63,72,0.9714918883223507
183,200,0.9714687977199238
226,425,0.9714678165888643
77,84,0.9714533068147514
239,257,0.9714502949541189
399,447,0.9714452803450697
288,432,0.9714045070851168
243,273,0.9713865456442659
91,131,0.9713584439727866
158,441,0.971344213581355
55,80,0.9713323035625211
59,425,0.9713239039719532
173,327,0.9713160819702901
170,347,0.9713133870544038
149,447,0.9712753924320398
206,453,0.9712623603759837
168,450,0.9712457357970199
25,455,0.9712450584757437
44,455,0.9712353219036399
326,380,0.9711872731948338
172,461,0.9711770552590155
166,296,0.9711741903211641
183,337,0.971171680467775
65,66,0.9711663375750083
369,427,0.9711469851373544
186,215,0.9710856829752689
2,444,0.9710656915708633
261,397,0.97105555122678
177,418,0.9710421612239114
184,269,0.9710407738452214
9,358,0.9710392553782137
245,368,0.9710275790392073
134,243,0.9709877924425747
33,343,0.9709766345943668
418,427,0.9709652334555999
143,175,0.9709641386335771
196,233,0.9709618903337873
138,323,0.970939213559707
70,205,0.970930473398919
145,237,0.9709284838529876
20,214,0.9709133609461117
83,343,0.9708928606806332
231,378,0.9708606523543426
311,428,0.9708584437023943
67,260,0.9708426088794241
134,258,0.9708286781650963
193,451,0.9708082197786086
426,460,0.9708006511955528
248,290,0.970787712512525
318,410,0.9707765202302906
2,157,0.970772169155139
317,435,0.9707720907708602
113,201,0.9707705937934645
10,397,0.9707460307334828
120,127,0.9707311820407911
318,432,0.9707288576931921
135,422,0.9707263857213133
272,420,0.9707263857213131
287,429,0.9707247258041062
170,454,0.9706996572195519
218,312,0.9706904267414364
238,439,0.9706695667331899
10,366,0.9706418172680419
135,172,0.9706336005951496
111,172,0.970587065518608
97,218,0.9705672537175102
300,391,0.9705625844959265
230,252,0.9705480809113848
138,256,0.9705285769632422
216,248,0.9704985593007118
167,401,0.9704630996611874
135,425,0.9704564717794621
243,260,0.9704262400597872
114,271,0.9704124164859504
186,433,0.9704021187974067
245,269,0.9703761716706455
338,458,0.9703701427045229
397,462,0.9703700058305816
96,427,0.9703505338807128
80,272,0.9703480897375718
248,427,0.97031879842408
428,439,0.9702932650051681
182,406,0.9702920448462097
214,248,0.9702758225230828
165,228,0.9702638533254714
176,422,0.9702624404410258
147,302,0.9701939665586472
143,264,0.9701885504997703
152,243,0.97018600344652
136,349,0.970172082771276
78,313,0.9701654151137824
43,288,0.970151893470709
212,422,0.9701221404189679
134,285,0.9701076192179643
149,292,0.9700327282350641
196,426,0.9700278165876717
108,229,0.9700197367033927
235,426,0.9700026194081633
59,69,0.9699919354885653
55,415,0.9699915221500992
40,337,0.9699636765455997
257,358,0.9699619453897773
29,460,0.9699491403136038
191,287,0.9699258628391212
159,338,0.969906042400586
206,229,0.969873128043893
115,260,0.96985771738453
198,456,0.9698308009590083
271,409,0.9698038489406333
61,196,0.9698003386604828
144,427,0.9697883253570275
63,319,0.9697647296979389
146,167,0.9697315333500536
130,142,0.969719981288155
155,308,0.9697099059944096
157,420,0.9697015313264334
40,264,0.9696819292876061
3,129,0.969681335727278
102,214,0.9696342807658656
198,200,0.9696322945945749
62,315,0.9696319637133904
4,184,0.9696313507030925
59,313,0.9696307900907605
65,323,0.9696209335317151
77,270,0.9696171582902822
264,399,0.9695915006676649
11,184,0.9695844300109933
259,364,0.9695738907860496
130,169,0.9695649903975959
271,432,0.9695616106891235
154,302,0.9695570397494294
96,406,0.9695314284478157
143,265,0.9695231650257278
37,326,0.9694835376695078
233,375,0.9694809765954611
44,458,0.9694787591769299
228,311,0.9694656463984995
44,67,0.9694522766801497
300,397,0.9693959713619186
106,173,0.9693888987467042
101,148,0.9693496583278125
349,427,0.9693460711977999
144,146,0.9693410171869454
110,455,0.9692716715251256
201,255,0.9692208574018168
29,319,0.9692000987292668
314,439,0.9691977663002957
178,360,0.9691952365598752
312,461,0.9691683454924612
199,372,0.9691633362657817
172,198,0.9691523266278887
93,413,0.9691475731115271
150,450,0.9691388609598619
134,415,0.9691359584867894
106,238,0.9691125080365517
206,287,0.9690907075594688
337,390,0.9690743416450481
9,78,0.9690479126594559
112,260,0.9689963036552157
60,311,0.9689239661257457
116,236,0.9689084457492165
113,218,0.9688829397189711
196,354,0.9688798583954765
210,371,0.9687977913759093
114,253,0.9687952874065027
251,300,0.9687807702745129
79,127,0.9687606691681288
99,334,0.9687369331506338
143,311,0.9687248824587047
167,385,0.9686946029701777
59,170,0.9686798360958582
94,360,0.9686710967223026
290,326,0.9686644097636913
162,230,0.9686446479285133
140,394,0.9686003590883171
302,393,0.9685850225460682
3,217,0.9685331496285647
130,204,0.9685222094204304
67,161,0.9684688156494111
91,232,0.9684586704750355
63,442,0.9684178082437028
112,403,0.968404720427434
125,403,0.9683936545875582
19,141,0.9683928011847185
188,217,0.9683740885682374
112,180,0.9683682745756355
69,429,0.9683580033109523
93,356,0.9683533318038424
145,208,0.968344920952614
149,319,0.9683146548216934
249,264,0.9683000258972582
102,303,0.9682811667255001
327,459,0.9682768587831831
28,260,0.968275335480278
261,375,0.9682701777982917
406,459,0.9682694312161435
272,415,0.9682595130761635
272,394,0.9682204670282782
28,55,0.9681709749189659
243,263,0.968169028873857
286,444,0.9681666745080091
222,261,0.9681606757190776
2,265,0.9681554931511231
101,113,0.9681357009285716
41,393,0.9680614637919144
8,190,0.9680580042642432
317,385,0.9680557697226966
222,320,0.9680440641155746
99,399,0.9679966790717158
104,451,0.9679500569950152
168,451,0.967949719751435
146,460,0.967915797529874
139,426,0.967902482712058
165,287,0.9678935136384036
76,94,0.9678922254068408
224,411,0.9678835312406701
95,457,0.9678738427402199
204,358,0.9678464109047301
229,256,0.9678382074002141
3,434,0.9678316453649243
246,460,0.9678308443211276
163,360,0.9678114035797195
98,360,0.9677968645950544
426,434,0.9677940792770272
108,336,0.9677840054115628
148,409,0.9677800247622899
334,460,0.9677737672758164
40,142,0.9677710189825383
120,458,0.9677623466462063
62,177,0.967749501152179
125,462,0.9677481357658174
263,319,0.9677236147783688
273,298,0.9677083446903413
63,149,0.967706021955857
158,200,0.9676979370205387
312,435,0.9676809600866719
8,91,0.9676700858275501
344,379,0.9676659051362141
166,317,0.9676484460296272
129,151,0.9676348804205643
330,428,0.9676336531014051
25,375,0.9676184532018333
108,273,0.9676124534410961
200,312,0.9675997278106611
116,252,0.9675940420987419
140,208,0.9675725091411385
198,285,0.9675700775445828
149,461,0.9675538875498223
135,183,0.9675488843040662
116,168,0.967457918787907
161,215,0.9674538463790266
28,441,0.9674500167707585
65,149,0.9674386877548676
316,361,0.9674366061981697
120,312,0.9674362238331994
200,261,0.9674314371993024
296,436,0.967411325486067
336,360,0.967405151053932
149,250,0.9673970137502669
89,389,0.9673961720236591
226,368,0.9673483167176333
116,158,0.9673353877670106
69,134,0.9672958249044561
112,118,0.9672943465948093
426,439,0.9672898376606889
210,453,0.9672551530444331
163,399,0.9672462266050404
218,228,0.9672395965957575
337,402,0.9672395310438797
155,446,0.9672375473624317
11,215,0.9672077992307642
80,444,0.9672031656863425
108,217,0.967183476456834
319,431,0.9671811020471164
176,234,0.9671361667558227
175,302,0.9671166507457857
213,244,0.9671155680987749
232,334,0.9670808610408884
185,265,0.9670674738225511
169,290,0.9670202087879297
170,408,0.9670108828304256
220,428,0.9670013558744366
166,360,0.9669994869096382
65,349,0.966967432046899
253,327,0.9669469293864168
55,286,0.9669392684485052
99,394,0.9669223505859703
40,99,0.9669115032586286
187,260,0.966907451077962
161,174,0.9668695839431909
217,284,0.9668608613454476
84,194,0.9668547538360959
136,336,0.9667731310288115
369,425,0.9667601989621969
137,330,0.9667598698044414
286,425,0.966741735788262
9,278,0.966737779601247
28,290,0.9667173941531315
180,234,0.9667163859272436
296,330,0.9667105540616221
224,344,0.9667073648945513
220,418,0.9666901427868397
151,450,0.9666820445814669
72,261,0.9666719247048396
201,379,0.9666171530325106
3,195,0.9666060287047405
59,104,0.9665932586368289
167,446,0.9665520606070335
95,190,0.9665424196014727
132,287,0.966519458076913
72,396,0.9665060436121675
172,205,0.9664877484467208
155,219,0.9664553694954225
170,372,0.9664420385645803
254,270,0.9663899143947003
5,28,0.9663605380390802
243,285,0.9663477740017193
176,442,0.9662991326628266
137,193,0.9662968771624415
119,219,0.9662914003036586
10,358,0.9662850768299023
375,435,0.9661906829599837
138,459,0.9661871963729574
142,358,0.9661522457139124
13,190,0.966148935410545
142,289,0.9661400391415973
59,391,0.96613223113666
446,460,0.966122129478031
411,462,0.9661083690050785
215,375,0.9661022194609202
132,327,0.9660354174622091
433,443,0.966033071122626
443,449,0.9659958962898771
69,273,0.96598898110154
79,161,0.9659887817627192
234,437,0.9659872249140404
152,343,0.9659720905955189
177,391,0.9659413939765663
411,427,0.9659382193770751
91,337,0.965901547577968
3,239,0.9658941284003636
161,326,0.9658905819478947
358,406,0.9658600206383163
349,366,0.9658597198394956
238,270,0.9658461973666165
78,170,0.9657988652679605
129,158,0.9657912865421994
8,366,0.9657673381466103
29,181,0.9657638556221876
83,272,0.9657530907487233
135,248,0.9657154023563309
181,230,0.9657038200529452
200,292,0.9656600290975891
209,361,0.9656549215329409
2,172,0.9656538000827162
170,358,0.9656302880116232
98,366,0.9656174195828474
131,172,0.9656137171429188
99,240,0.9656057666551577
97,108,0.9656044338832682
431,448,0.9655892566977344
41,447,0.9655178048621628
70,150,0.965506492401456
182,229,0.9654915353404947
217,425,0.965455066777666
189,338,0.9654360352176067
288,426,0.9654235079164696
6,120,0.9654158229942256
306,378,0.9653541264594386
110,438,0.9653269237894914
178,198,0.9653056287752267
10,245,0.9652992196439875
65,181,0.9652888442662554
378,394,0.9652875143055824
106,162,0.9652797714877744
55,414,0.9652760039570553
237,448,0.9652538672861838
205,230,0.9652505952176599
233,239,0.9651767661520729
62,94,0.965170690756676
164,385,0.9651461342928767
37,151,0.9651419042326111
65,152,0.9651335274546444
175,358,0.9651226723656356
83,238,0.9650997723845606
97,161,0.965088015808279
208,260,0.9650716657957009
210,334,0.9650481269647869
211,222,0.9650192682378163
151,204,0.9650185428075848
415,458,0.9649708495896824
55,79,0.9649691970716234
320,358,0.9649687784087514
127,317,0.9649560573617015
152,198,0.9649515049769537
192,366,0.9649443309864145
260,431,0.9649291641746076
3,141,0.9649272420953744
102,157,0.964907855344746
209,406,0.9649076752898906
229,437,0.9648971781968931
69,447,0.9648906049303773
175,338,0.9648373909652318
63,396,0.9648163851471456
160,354,0.9648149057504369
161,451,0.9647863453502998
9,344,0.9647528778132013
61,67,0.9647495345449952
287,323,0.9647474179061721
218,360,0.9647069495167389
218,422,0.9646895343788571
142,261,0.9646717340461437
127,269,0.9646609517862795
312,379,0.9646546039583646
314,441,0.9646428240611801
161,418,0.9646229195172137
136,317,0.9646187265344928
157,372,0.9646153475202702
192,290,0.9646136258239182
60,224,0.9645794482124166
137,250,0.9645673765107031
19,379,0.9645597188845627
3,220,0.9645587128719705
375,379,0.9645301935256863
370,397,0.9645122452134108
132,401,0.9645104028686696
60,210,0.9644797349149008
63,290,0.9644677028269082
135,414,0.96446061569795
70,177,0.9644188209116331
157,229,0.9644109054043547
146,175,0.9644029641670983
29,197,0.9643984601235654
7,223,0.9643702496206492
162,397,0.9643473881562159
229,391,0.9643189997582141
142,245,0.964314988151762
44,212,0.9643125816181184
44,220,0.9643094835055216
110,458,0.9642798515528166
251,419,0.9642586082581315
3,320,0.9642403858948226
67,257,0.9642398537644854
183,239,0.964209733358288
185,287,0.9641994692447187
40,204,0.9641721118421255
28,165,0.9641704077693393
138,243,0.9641661925504228
40,154,0.9641419336894136
98,150,0.9641375716886809
41,336,0.9640820527556132
315,391,0.9640490456309413
270,425,0.9640111242319113
144,260,0.9639725669260603
197,338,0.9639463019897215
164,270,0.9639396810686846
235,269,0.9639028851189982
160,432,0.9639022185509413
262,397,0.963848724491125
195,397,0.9638420820201894
102,461,0.9638404565784058
97,142,0.9638037467703069
138,156,0.9638005237030559
149,442,0.9637917240842027
234,447,0.9637916074034919
8,408,0.963771590084809
59,70,0.9637377950312372
244,252,0.9636788897725103
29,210,0.9636670538179362
143,393,0.963663482402796
261,273,0.963643287712625
150,204,0.963615226115702
204,418,0.9636085545309375
9,371,0.9635985343729481
195,457,0.9635950235517543
61,182,0.9635754085442936
3,214,0.9635751438906972
208,375,0.9635638315962902
178,418,0.963516054239696
28,296,0.9634985330560187
286,429,0.9634916650710067
106,156,0.9634888266828532
218,336,0.9634726000535571
156,326,0.9634349585584785
79,99,0.9634041408866738
79,414,0.9633991947276894
316,336,0.9633946275570804
80,134,0.9633459237242082
106,425,0.9633422992495109
263,435,0.9633383284820491
214,326,0.963335178098163
180,406,0.9633284921274045
292,445,0.9633154213559426
170,330,0.9633118976376874
110,427,0.9632873621966944
59,238,0.9632728739352084
120,145,0.9632605544168957
179,403,0.9632572028409891
155,399,0.963233429651449
222,445,0.9632104846412288
78,214,0.9631894979687631
206,397,0.9631838131624876
28,132,0.9631821250200723
161,201,0.9631780265777514
235,422,0.9631627687005001
308,316,0.9631464405756619
99,432,0.9631431561285849
127,358,0.9631200584806997
98,355,0.9630987941284715
136,375,0.9630955572819317
154,331,0.9630825435641581
120,200,0.9630794961983765
129,179,0.9630664493384885
315,394,0.963060097583609
250,269,0.9630590667297997
19,159,0.9630547646001705
2,158,0.9630447213938665
186,451,0.9629760270764574
220,434,0.9629678781136035
311,414,0.9629596521621828
296,349,0.962936693371685
258,437,0.9629171444549526
12,402,0.9628872546614221
3,396,0.9628504932016497
170,336,0.9628394693379442
79,317,0.9628183939279974
415,450,0.9627919038364062
143,462,0.9627751073860373
20,141,0.9627705913976627
14,248,0.962767101992328
63,127,0.9627644281443275
273,349,0.9627627266180089
152,235,0.9627596556954638
116,238,0.9627558608641238
156,201,0.9627551038851354
12,401,0.9627407761566846
129,166,0.9627375393101448
84,171,0.9627322885582239
131,449,0.962706316122701
237,458,0.9626987458717647
129,255,0.9626395623776602
174,218,0.9626263176577096
141,434,0.96258632863132
205,453,0.9625767448740126
222,338,0.9625518398785244
115,425,0.9625437029329575
9,366,0.9625369166913984
138,175,0.9625259307507037
70,79,0.9624632857038551
8,385,0.9624576362471093
67,79,0.9624565257518405
252,331,0.9624529144840053
230,393,0.962440185949704
217,445,0.9624054778803639
205,331,0.9624013660991964
168,234,0.9623524026102502
25,264,0.9623260864082505
167,355,0.9622810660658473
127,208,0.9622407466972834
157,385,0.9622143131342823
135,165,0.9622021906267169
287,315,0.9621963559759857
189,439,0.9621944572620711
145,425,0.9621811479440778
361,397,0.9621748022850184
98,130,0.9621665784975327
66,205,0.96215304941589
130,343,0.962136175483411
11,59,0.9621084732412057
145,193,0.9621004143569557
142,349,0.9620297401181561
186,287,0.9620209909450208
10,420,0.9620081248072452
11,146,0.9619787728943315
186,308,0.9619589875536052
319,330,0.9619170612091709
28,186,0.9619148270493777
65,243,0.9619090900470668
63,208,0.9619011287345007
402,438,0.9618732877949698
60,272,0.9618722422038994
103,264,0.9618619062554342
59,224,0.9618400868312871
127,337,0.9618303751419527
167,245,0.9618209288217061
218,317,0.9618068034246352
138,191,0.9617803394157242
272,327,0.9617719438436986
132,250,0.9617543761655339
110,343,0.9617433332749716
100,447,0.961697500449889
198,343,0.9616943071336409
160,203,0.9616906450065129
175,327,0.9616633263011073
264,302,0.9616378726456699
245,323,0.9616177361027158
306,452,0.96161343721498
290,428,0.961611796925051
125,209,0.9615866318200343
378,434,0.961578913018666
202,291,0.9615769080513111
6,338,0.9615606372064008
215,443,0.9615506912179309
69,102,0.9615445892538632
120,243,0.9615331211668579
251,302,0.9615228802038828
140,193,0.9615076201669642
151,190,0.9614998547831944
28,182,0.9614918669224449
269,302,0.961484190056959
186,397,0.9614813746028759
257,263,0.9614740363047862
214,411,0.961441494124942
314,422,0.9614302741528269
188,319,0.9614213854862278
224,231,0.961415757221397
61,119,0.9614010010123257
77,344,0.9613933277640473
391,397,0.9613827250221961
148,246,0.9613540611644735
91,214,0.9613221818598229
143,189,0.9613209447915729
156,229,0.9612939665492812
84,448,0.9612573842779454
258,438,0.9612446831424866
256,451,0.9612150150651472
11,326,0.9612092556688401
245,316,0.9611951186436334
315,361,0.9611850162569413
224,389,0.9611616729877321
188,214,0.9611593769498561
200,218,0.9611399385314813
278,380,0.9611368290083171
343,408,0.9611353104499218
251,326,0.9611218542698784
120,269,0.9611163399944885
36,37,0.961108416616152
190,272,0.961107049488888
176,228,0.9611024734914405
262,334,0.9610927055311798
116,189,0.9610901534949151
60,173,0.9609572674155455
121,308,0.9609389120285659
67,436,0.960902507040994
115,411,0.9608984362447408
326,443,0.9608912675351788
204,427,0.9608805588768596
2,443,0.9608616398155013
139,334,0.9608599253847792
106,205,0.9608513587152647
439,454,0.96082932894125
60,320,0.9608061505491864
97,284,0.9608004109672765
260,343,0.9607537422682045
179,263,0.960684237817783
291,460,0.9606775531642482
336,338,0.9606695007922613
41,118,0.9606554313197629
61,98,0.960646549273779
454,458,0.9606368300035762
440,452,0.960601191196904
263,445,0.9605860337497991
229,447,0.9605790055426122
264,433,0.9605633485133512
29,147,0.9605621327384113
28,375,0.9605183387729654
84,450,0.9605120577507901
169,228,0.9605112344373883
428,436,0.9605065579196692
160,389,0.9604930143863102
296,420,0.9604861924334682
215,296,0.960472333856061
132,406,0.960455066460751
287,292,0.9604520914191509
179,378,0.9604244346015549
127,130,0.9604164189803346
114,168,0.9604127031393688
10,207,0.9603695529293985
292,454,0.9603400413896495
264,446,0.9603379335270227
256,426,0.96031578034603
232,372,0.9603009013757671
228,229,0.9602956966889533
429,446,0.9602898345379204
216,263,0.9602173995440485
157,436,0.9601935443726053
149,220,0.9601617185720831
313,440,0.9601511774708663
245,462,0.9601284023154666
216,239,0.9601205951177003
449,460,0.9601180943200398
188,202,0.960067784742603
89,312,0.960064253637976
173,402,0.9600583283141015
110,139,0.9600498346372621
206,358,0.9600292719528385
326,378,0.9600055813548727
223,259,0.9599885576036911
98,102,0.9599673472418615
112,158,0.959923352823556
147,432,0.9599193175687278
399,436,0.9599117914360213
130,323,0.9599044066462995
183,317,0.9598412836840216
115,349,0.9598172761183322
65,447,0.9598026748073587
67,263,0.9596844160469206
239,414,0.9596407038401689
66,211,0.9596052836412059
235,391,0.9595995031869037
205,439,0.9595911502172338
192,442,0.9595843666406337
201,314,0.9595734939746243
156,433,0.9595667329827723
170,355,0.9595622607788628
111,406,0.9595216113022798
211,233,0.9594950547134042
211,308,0.9594808087771904
250,434,0.9594784133192718
72,255,0.9594724134916572
19,60,0.9594556214433868
314,418,0.9594451272215709
193,427,0.9594403479328714
37,391,0.9594174560893775
179,456,0.959359993456904
65,450,0.9593359613588948
164,389,0.9593072494677114
245,336,0.9592806588307282
210,446,0.9592646939039531
195,399,0.9592205567694609
434,462,0.959208626675016
83,181,0.9592035816726642
176,311,0.9591859756165382
60,89,0.9591608076331576
289,456,0.9591556210858598
434,455,0.9591409018358807
204,217,0.959140291696241
358,427,0.9591348799204583
93,350,0.9591168951724433
355,378,0.9590986743805239
59,211,0.959093544399671
113,158,0.9590766225885855
113,161,0.9590736016247381
248,378,0.9590347637898312
269,371,0.9590221100134091
272,389,0.9590150820278136
114,251,0.959008782092535
228,441,0.9589745105603734
112,121,0.9589618220299817
323,426,0.9589390479574015
134,420,0.9589141011879612
186,320,0.9588814206600861
272,358,0.9588693271952743
219,438,0.9588543106537508
25,437,0.9588527525865911
378,411,0.9588500078371521
220,230,0.9588099505114749
160,410,0.9588000074069489
3,187,0.958791003374932
102,224,0.9587864824009523
114,193,0.9587676251602409
83,393,0.9587649399527953
121,439,0.9587402754975106
408,431,0.9587369894416905
255,358,0.958733073638778
136,286,0.9587234883853648
231,252,0.9587099645536081
127,389,0.9587002353579701
169,447,0.9586961716066936
102,232,0.9586913676508143
195,401,0.9586861951261931
41,257,0.9586714815154215
97,429,0.9586535085381076
210,270,0.9586449981206184
213,360,0.9586423281684349
165,457,0.9586351970335188
311,391,0.9586234771141793
132,385,0.9586225256462919
52,313,0.9586201346154642
89,188,0.9585955172255285
323,344,0.9585908978410111
151,435,0.9585782737823826
167,287,0.9585441560007395
3,151,0.9585161132336228
183,429,0.958495759329091
215,255,0.9584884679369851
375,396,0.9584819122119779
44,100,0.9584589761360265
234,455,0.9584458754879962
163,419,0.9584421825721727
78,139,0.9584387682674697
104,179,0.9584374381367998
103,393,0.9584306191951057
41,462,0.9584173441325357
140,418,0.958416298541465
186,298,0.9584130480378548
69,80,0.95839229223111
31,313,0.9583719442884847
5,48,0.9583291421882207
106,163,0.9583137435161543
59,139,0.9582923047378382
262,372,0.9582610745255722
234,237,0.9582555946704682
151,444,0.9582552718904354
182,434,0.9582229314870531
19,238,0.9581953530639298
232,389,0.9581889244849345
213,344,0.9581510207197627
154,344,0.9581299971716472
173,446,0.9581278980344348
19,66,0.9580886520704807
7,270,0.9580756751766235
113,284,0.9580713344068313
72,136,0.9580570636952658
96,401,0.9580031801702089
19,288,0.9579721999585522
396,427,0.9579600321247551
237,308,0.9579347944802363
104,248,0.9578919130868754
316,372,0.9578912788038342
161,422,0.9578786606102575
138,269,0.9578337614857613
300,437,0.9578067935711527
222,290,0.9577742329697967
183,188,0.9577332564404715
10,289,0.9577078319742536
79,179,0.9576723585489781
428,451,0.9575882566009657
173,361,0.9575841503705705
188,447,0.9575779150146791
259,302,0.9575691817890263
213,245,0.9575650327993919
41,209,0.9575058282152393
19,152,0.9575005731869517
178,219,0.9574928361329081
166,326,0.9574883093472755
222,452,0.9574686291397296
29,213,0.9574651565169319
134,448,0.9574606906786917
248,273,0.957459058629273
80,206,0.9574532872740992
212,256,0.9574504795518428
117,337,0.9574428955373057
10,372,0.9574423923499646
66,69,0.9574312224587502
14,372,0.9573788688750977
252,433,0.957361881697261
41,185,0.9573617575981695
319,391,0.9573451683137669
208,228,0.9573356532939398
31,163,0.9573119538308873
144,254,0.9572772034697073
40,118,0.9572736283744434
336,458,0.9572602218553139
125,460,0.9572362191508905
371,393,0.9572282368252539
29,174,0.9572058929930072
62,96,0.9571720549040805
175,389,0.9571386634147444
422,427,0.9571284149858537
174,190,0.9571208571189643
326,437,0.9570936722184665
202,229,0.957068884443904
7,355,0.9570591707733026
114,261,0.9570580618264501
288,344,0.9570428464900445
40,243,0.9569666901509386
135,254,0.9569572448109175
232,291,0.9569404879178574
408,443,0.956901127886225
2,199,0.9568539624686552
250,273,0.9568324005297054
172,235,0.9568055520508008
175,366,0.9567926756146583
136,415,0.9567801669230146
186,432,0.9567706955328767
320,414,0.9567702042894195
269,314,0.9567659475912302
80,284,0.9567562243901998
186,229,0.9567161098397813
255,312,0.9567136655481494
154,369,0.9567041235455565
102,140,0.9566897340289842
7,219,0.9566746790406058
208,425,0.9566473663915784
6,103,0.9566159993104338
14,287,0.9566047667322971
118,198,0.9565723416382781
313,432,0.9565679781271795
215,237,0.9565352772475522
70,286,0.9565133080880298
146,209,0.9564907383849819
14,432,0.9564781825978702
19,455,0.9564622685263887
138,192,0.9564227310517942
60,104,0.956419745110396
65,442,0.9563793726954293
290,426,0.9563755840486198
97,311,0.9563621628736224
224,361,0.9563620120025145
77,91,0.9563028016750796
120,130,0.9562860157309665
378,409,0.9562805703205414
151,287,0.9562619670864411
264,419,0.9562541226129223
170,233,0.9562489925530887
106,459,0.9562184340176753
165,434,0.9562146614991962
139,439,0.9562032792891256
2,259,0.9562015677080589
228,330,0.9561888773764669
190,237,0.956166025518699
84,145,0.9561567677647241
204,248,0.9560926935251529
69,250,0.956089701859083
171,366,0.9560813028019789
187,205,0.9560528398777656
426,461,0.9560316822723759
175,433,0.9560115226893844
408,441,0.9560016291688858
141,420,0.955997346188488
135,152,0.9559799278772141
102,254,0.9559231694259123
63,427,0.9559222753873456
158,250,0.95591306350731
182,201,0.9559035241381567
118,215,0.9558914403805072
166,218,0.9558829133150404
140,312,0.955881459673339
108,403,0.9558754566855322
20,375,0.9558347228252516
151,337,0.955820427434463
66,216,0.9557936748062896
41,70,0.9557922197850418
372,438,0.9557677957611179
97,235,0.9557419357548751
3,337,0.9557217981538311
69,120,0.9557186775503291
223,252,0.9556726412720117
141,422,0.9556685055740648
59,121,0.9556594979214298
254,396,0.9556446348815131
217,375,0.95563278806517
189,450,0.9556139606222426
262,327,0.9556020353938776
206,234,0.9555966341694785
163,291,0.9555663604037423
77,222,0.9555330520439637
291,425,0.955515022096883
67,145,0.9554871715903609
112,149,0.9554726072797517
375,458,0.955447011499874
62,163,0.9554392950148494
127,216,0.9554223192818048
265,391,0.9554065591562525
438,457,0.955385281342942
28,237,0.9553801874337542
99,317,0.9553762012603022
427,439,0.9553702935058579
313,389,0.9553675481700653
245,455,0.9553533527507436
130,456,0.9553408110619147
36,323,0.955316020613086
399,431,0.9552916714090387
62,186,0.9552794072527196
218,235,0.9552756663228388
320,326,0.9552716321348556
127,193,0.9552231470401659
252,377,0.9552163741412207
402,435,0.9552092200372564
19,256,0.9551897433170118
59,368,0.9551872954007946
185,218,0.9551717440099563
9,231,0.9551413192529112
244,262,0.9551408944752663
166,442,0.9551172159170015
130,284,0.9551112088428964
2,420,0.9551021788031682
411,436,0.9550963920713496
163,287,0.9550637895651424
190,257,0.9550634640891356
2,177,0.95502375121687
173,229,0.9549984627048047
106,458,0.9549677329915646
165,336,0.9549377236008423
156,187,0.9549235311145196
3,172,0.9548982571697787
9,106,0.9548901730777797
396,448,0.9548866057898576
11,369,0.9548454886571117
229,316,0.9548168543773736
145,336,0.9548126636759046
144,235,0.9548067231732819
89,415,0.9547691365192861
151,285,0.9547274500923124
177,233,0.9547222037253223
65,204,0.9547078375896605
219,393,0.9546890295607109
201,311,0.9546818181038081
245,319,0.9546673990226823
162,212,0.9546664610593147
212,217,0.9546399569061892
37,190,0.9546352133523486
306,320,0.9546348263961951
120,444,0.9546295316132988
171,208,0.9545873757214705
40,257,0.9545698870712851
155,326,0.9545102082376241
366,447,0.9545029620389114
439,451,0.9544733682129635
40,134,0.9544698354849096
14,61,0.9544670702162856
146,438,0.9544414856233239
300,441,0.9543865726732486
19,250,0.9543849909056275
226,403,0.9543816898014044
8,144,0.9543695923990311
33,205,0.9543057088861832
156,336,0.9542674824835592
218,378,0.9542248934547
66,72,0.9542010211088312
129,220,0.9541950386832481
252,326,0.9541925576886534
41,177,0.9541792354495182
108,317,0.9541708524807281
186,415,0.9541572741277312
156,423,0.9540970672433552
190,288,0.9540960790245632
108,433,0.9540886835641768
358,442,0.9540851828227475
219,428,0.9540844995319216
213,222,0.9540720730913709
273,329,0.9540697019749695
330,459,0.9540535589818092
300,371,0.9539992155689717
66,166,0.9539850723793752
237,426,0.9539747754074082
138,171,0.9539238526122438
147,198,0.9539124104469692
229,253,0.9538961147924483
323,423,0.953823745137578
258,455,0.9538118770222987
270,290,0.9537864428060171
55,113,0.9537726017362392
208,296,0.9537426098092119
375,448,0.9537315514955569
262,371,0.9537312863337513
8,298,0.953718372826527
377,396,0.9537011581063524
37,212,0.9536937557088656
116,172,0.9536873884216185
59,157,0.9536769982597432
441,453,0.9536686491994865
144,265,0.9536680140215363
191,231,0.9536677030276579
284,326,0.9536300488645398
67,179,0.953612118472379
91,140,0.9536072131560341
20,148,0.9535776681403055
205,234,0.9535461299069672
97,243,0.9535373178779871
375,439,0.9535248654994406
256,270,0.9535202908886715
111,114,0.9535131682977428
195,308,0.9535107254214346
250,445,0.9535036442096211
130,176,0.9534862597287063
153,264,0.9534723059271637
91,271,0.9534650327487904
106,437,0.9533948620219954
33,178,0.9533935356521791
151,208,0.953391147210238
361,456,0.9533899550955258
67,178,0.9533770091507028
222,254,0.9533285062729333
213,385,0.9533273037884269
40,98,0.9533266982548778
237,422,0.9533008713816705
4,28,0.9532957859982506
286,455,0.9532388220853089
110,393,0.9532036555276917
159,415,0.9531855242635423
154,184,0.9531729980610489
19,180,0.953164219730347
143,165,0.9531469863676005
144,380,0.9531323949166135
127,156,0.9531218911875113
151,243,0.9530846982121564
200,337,0.9530606706252157
366,428,0.9530439920446913
256,300,0.9530379339761226
151,379,0.9530337040976634
8,354,0.9530272011233402
236,289,0.9530202096183775
115,201,0.9530180577641256
188,438,0.9530099962856172
158,334,0.9530079577535896
156,338,0.9529706464197655
40,459,0.9529554422429274
167,326,0.9529502873173044
257,326,0.9529085508699944
199,234,0.9528750504193539
201,214,0.9528665907139009
113,443,0.9528627859619897
55,409,0.9528624727524412
349,448,0.9528592845008859
148,406,0.9528112843558446
453,459,0.9527952480561022
256,286,0.9527685303942651
337,432,0.9527555902155861
393,401,0.9527282370235004
40,70,0.9527265250432901
37,306,0.9527202812048993
116,140,0.9527028785434631
223,224,0.9526922064587174
97,134,0.9526617679397461
98,369,0.9526478073260911
153,195,0.9526474151013229
122,163,0.9526387217442007
171,320,0.9526159615682224
100,172,0.952614512703441
44,70,0.9525939463826779
278,313,0.9525793332240005
265,311,0.952531673624501
69,218,0.9525047322955336
158,260,0.9524929703394788
360,461,0.9524595940032251
300,343,0.9524099550486
61,459,0.9524004432570558
67,248,0.9524000380529866
112,181,0.9523797637974414
205,360,0.9523794093368686
199,439,0.9523619046290691
131,317,0.9523520332138178
102,238,0.9523251240358429
44,145,0.9523249441674738
13,198,0.9523119166180626
116,157,0.9522648686851325
33,378,0.9522610096379769
149,166,0.9522225586840396
232,394,0.9522123384757627
116,167,0.9522057820010076
288,397,0.9522038699526099
288,423,0.9521936032458176
288,306,0.9521827683459199
169,320,0.9521762500370333
80,311,0.9521753943057178
158,451,0.9521217482618842
316,453,0.9520617196105141
179,429,0.9520206436725497
61,262,0.9520057203162056
100,102,0.9518838933248941
193,300,0.9518683186715811
120,188,0.9518521296269937
95,107,0.9518455155433261
72,441,0.9518389126666336
101,170,0.9518257653670367
291,448,0.9518194561892701
259,270,0.9517895627398034
211,401,0.9517711791249364
167,389,0.9517294361669132
255,445,0.9517113002257631
83,192,0.9516866202622943
66,83,0.9516632710596549
168,423,0.9516624781703183
108,129,0.9516576965688629
263,337,0.9516535554013241
196,326,0.9516371268155944
79,263,0.9516316287169615
41,166,0.9515818225619161
173,326,0.9515630989406505
152,380,0.9515624858715088
69,131,0.9515588195511696
130,146,0.9514738318002073
67,234,0.951446997474643
59,151,0.9514148546471946
163,453,0.9513987175242482
426,432,0.9513875793306108
79,273,0.9513492116956338
237,379,0.9513354139802686
183,451,0.9513098492952651
423,427,0.9512996156554024
235,302,0.9512632502465037
55,390,0.9512615199975112
63,285,0.951249268620091
343,414,0.9512323024830768
131,336,0.9512192774452098
83,375,0.951215349591938
111,426,0.951197785270576
211,258,0.951194984847361
156,215,0.9511924630951949
446,456,0.9511823892288707
2,135,0.9511713060417405
314,336,0.9511709887038236
168,397,0.951156904880214
33,273,0.951134620234851
101,337,0.9511194155065757
127,190,0.9511044959830746
120,343,0.9510868057209684
255,441,0.951057277550168
139,258,0.9510534074906539
12,366,0.9510456838480768
427,442,0.9510189278305222
116,139,0.9510031157347598
284,344,0.9509885394926529
95,101,0.95092478618381
131,138,0.9509182355293603
8,306,0.9509135439133374
72,248,0.9508978228023149
171,349,0.9508974010847724
175,408,0.9508425490538994
326,344,0.9508379925285373
10,41,0.9508326728169855
79,204,0.9508210198994487
138,290,0.9508095604120929
180,317,0.9507865734037291
60,121,0.9507759972166991
98,358,0.9507389193287955
289,292,0.9507279239029462
284,360,0.9507117757611654
212,215,0.9506997332478582
55,344,0.9506746784051349
111,222,0.9506671515092247
142,451,0.9506540884785022
240,368,0.950632751750229
129,175,0.9506123963992188
214,300,0.9506117470322019
168,317,0.950591017091334
296,434,0.9505853187530612
159,331,0.9505794064522047
231,271,0.9505746716161163
14,433,0.9505386490060802
11,66,0.9505243128876267
65,208,0.9505186419537238
13,40,0.9504971678122965
28,199,0.950480886610621
33,337,0.9504494797535871
144,190,0.9504213927590472
415,431,0.9503943196238734
62,239,0.9503923164718298
101,427,0.9503839138350891
130,181,0.9503597205528111
190,437,0.9503585376278797
142,330,0.9503215582306537
264,409,0.9503146113325769
150,442,0.9502744613151631
129,264,0.9502539388976784
11,312,0.9502470769904025
143,168,0.9501898513839423
264,420,0.9501769083756465
165,300,0.9501711844475009
220,308,0.9501603656454205
101,380,0.950152846539084
108,411,0.95015242023824
200,428,0.9501444858789
99,457,0.9501390930397735
379,420,0.9501076480893359
139,418,0.9500985106695233
239,391,0.950079124551432
150,379,0.9500546938408807
97,176,0.950044821214492
311,446,0.9500366986778451
33,79,0.9500184462100459
9,146,0.9499931779429021
2,180,0.9499666886679741
183,442,0.9499641906207532
257,270,0.9499596933824579
182,300,0.9499540534524181
150,200,0.9498807342141308
174,285,0.9498645331042298
318,439,0.949863425422665
236,420,0.9498431535941875
363,368,0.9498212005617104
150,358,0.9498200615265552
114,313,0.9498198014162423
183,447,0.9497526492361998
93,123,0.9497494799779672
72,171,0.9497203025321598
108,218,0.949717125541462
13,385,0.9497049388952519
214,414,0.9496891917120978
434,438,0.9496826338478888
165,215,0.9496759407010936
195,410,0.9496756758900157
135,168,0.9496594875135236
29,238,0.9496509211348018
145,204,0.9496308468757765
120,420,0.9496271570370907
160,230,0.9496256259301817
151,457,0.9495947021635376
28,315,0.9495767639722892
422,429,0.9495715394459937
100,127,0.9495629040317037
226,337,0.9495573804020926
262,394,0.9495567872253075
157,302,0.949551162627973
216,447,0.9495128498071539
100,451,0.9495070456152933
150,420,0.9494647846124176
186,396,0.9494528900158398
148,302,0.9494367436229094
79,243,0.9494278606914842
77,226,0.949415853180502
158,415,0.9494129430350741
104,117,0.9494031277866575
84,323,0.9493970801142193
29,437,0.949356554848045
185,291,0.9493539287581523
60,204,0.9493460871406746
172,199,0.9493226721509922
185,414,0.9492984063520644
248,249,0.9492958758752205
89,317,0.9492832035838819
115,138,0.9492557287966592
162,406,0.9492498854579722
110,176,0.949246995462762
67,287,0.949240991544111
202,349,0.9492147228552328
10,338,0.9492093852864754
83,239,0.9492029966673334
61,195,0.9491748526098185
9,20,0.9491406316764043
174,265,0.9491180002412813
201,431,0.949092999559371
28,458,0.9490622609802638
131,229,0.9490525674391272
20,271,0.9490504723683163
70,337,0.9490348634366749
177,244,0.9490297559388605
154,372,0.9490210073550687
188,260,0.9490192482237375
175,454,0.9490160904521439
181,286,0.949012957922591
9,355,0.9489725930656724
185,290,0.9489658397180813
320,369,0.9488985162535067
137,146,0.9488793156071399
192,372,0.948878624577475
121,239,0.9488407743269233
188,431,0.9488277504612785
84,317,0.9488224122029113
138,170,0.9488170776803184
136,436,0.9488165706593349
201,273,0.9487969239617295
202,360,0.9487639010036427
121,146,0.9487616971038422
65,264,0.948750329617176
132,258,0.9487410914382081
228,401,0.9487292851101458
215,286,0.9487219586525001
344,431,0.9486986529280612
176,420,0.9486894527237464
193,444,0.9486864807631983
106,445,0.9486639785287878
147,371,0.9486579813095292
187,209,0.9486375762012881
136,217,0.9486086829893048
83,273,0.9486032061350664
43,104,0.94858781395369
291,343,0.9485508055121699
174,302,0.9484975283997497
135,448,0.9484930703645585
184,196,0.9484766627931207
210,408,0.9484745154392294
131,265,0.9484694266081946
232,423,0.9484651040504675
233,272,0.9484551394929309
261,435,0.9484449396881237
317,360,0.9483911208794729
255,439,0.9483848643305988
192,420,0.9483629607426861
196,203,0.9483490543228666
79,429,0.9483159051693733
143,459,0.9483143104126806
204,228,0.9482955003430995
169,260,0.9482770658525348
113,248,0.9480951688132303
143,452,0.9480937462631939
103,284,0.9480635698966265
175,230,0.9480627913060169
116,232,0.9480257616893251
198,243,0.9480160745990989
93,336,0.9479965331665843
203,204,0.9479780133128626
127,228,0.9479386814249221
89,190,0.9479286365856492
193,455,0.9479196049926519
102,195,0.9478987543574108
84,186,0.947863198674733
226,456,0.9478555056187374
176,445,0.9478487698435254
181,397,0.9478111492242408
414,442,0.9478107417618132
95,184,0.9477983056311889
114,461,0.9477884112922513
186,263,0.9477668667338263
2,63,0.9477528670230271
418,445,0.9477331084912342
132,138,0.9477321723679307
257,311,0.947719949687887
147,397,0.9476933097054002
166,396,0.9476827280915531
187,451,0.9476659119170814
315,415,0.9476594923487008
214,419,0.9476374907516179
229,323,0.9475653206617756
2,55,0.9475588042843867
209,360,0.9475362091606151
180,441,0.9475126595487882
25,131,0.947506146851994
10,389,0.9474857683170024
136,433,0.9474556423260198
66,79,0.9474311680017977
44,311,0.9473973442157504
11,245,0.9473941229818041
69,289,0.9473782903024766
238,338,0.9472653871656694
103,300,0.9472150872692079
37,435,0.9471848760352815
397,444,0.9471657739738805
270,461,0.9471621138693738
146,427,0.94714511470094
7,229,0.947126772123252
91,238,0.947093820316854
10,422,0.947092499987076
326,343,0.9470847163524024
161,179,0.9470589120966515
314,338,0.9470263161033207
63,102,0.9470167757704474
11,122,0.9469929090806676
436,457,0.9469861837620536
205,369,0.9469787048255021
89,138,0.9469686417624334
13,226,0.9469561130624782
110,174,0.9469553688010791
174,250,0.9469217288831491
315,372,0.9469132830002527
323,415,0.9469021550115536
156,436,0.9468738011206548
167,371,0.9468549717124025
103,318,0.9468451944006774
127,265,0.9468378770933152
78,163,0.9468283488823159
169,271,0.9468218879565279
389,438,0.9468156733458544
119,406,0.9467613747902874
59,434,0.9467411891943425
97,250,0.9467307506231369
245,315,0.946705665776084
67,296,0.9466737793580775
214,291,0.9466608222174195
156,389,0.9466382645291288
190,443,0.9466056155794327
160,356,0.946566150610443
265,338,0.9465627225533737
12,36,0.946551892891073
284,289,0.9465266991082365
158,215,0.9465023668497009
3,152,0.946487941126894
159,446,0.9464719615716245
176,451,0.9464039125240613
137,449,0.9463868882577439
338,447,0.9463377152516421
94,305,0.9463137138648348
59,60,0.9462777747720647
115,317,0.9462603307887988
269,415,0.9462588647445945
264,303,0.9462514525473725
106,148,0.9462165080081253
243,396,0.9462126907024678
80,181,0.9461790175538075
35,252,0.9461673781350359
19,175,0.9461525517531174
151,255,0.9461524827094618
224,229,0.9461090191347167
102,115,0.9461088382070225
233,426,0.9460983806690899
411,461,0.9460973283156485
158,230,0.9460937067259988
59,344,0.94603451368505
311,375,0.946008849953598
29,148,0.945979649431191
97,112,0.945971967166059
33,119,0.9459397298028509
37,372,0.9458982817057757
187,428,0.9458842803724472
200,457,0.9458827373609325
84,349,0.9458632503008807
187,284,0.9458583021746553
183,432,0.9458543528880236
394,455,0.9458495680673388
130,438,0.9458385524342656
218,431,0.945767055874174
171,286,0.9457226474606081
170,184,0.9456898121540582
69,323,0.9456894889047439
154,406,0.9456844997232208
80,137,0.9456780437284041
33,214,0.9456612901195505
60,318,0.9456584634791657
287,445,0.9456523580467102
224,439,0.9456184138176131
145,200,0.9456149083360105
19,212,0.9455906182409416
265,375,0.9455747816587888
408,429,0.9455740575772812
33,155,0.9455615492324759
255,422,0.945506876280101
375,436,0.9454858747620543
83,311,0.945461591113788
93,260,0.9454522068940854
72,399,0.945426792331379
36,141,0.9453707877160353
187,368,0.9453416729842011
430,460,0.945337218006316
29,251,0.9453364509579191
173,394,0.9453264773522162
130,178,0.9453185650557612
189,308,0.9453047422619089
194,270,0.9452870550732597
104,389,0.9452863169466431
14,40,0.9452839358554853
59,259,0.945268867625573
6,245,0.9452646622579319
65,70,0.9452379934099082
116,194,0.9452160836593042
118,258,0.9451489810150178
216,314,0.9451182379698599
140,188,0.9451172464214644
176,418,0.9451134202660998
218,425,0.945085766286229
164,439,0.9450842724567613
10,138,0.9450838517571387
149,169,0.9450715133327119
97,448,0.9450674350939068
302,314,0.9450621935779163
125,257,0.9450452662152194
196,401,0.945021685706363
271,457,0.9450209949026468
100,296,0.945009140483126
166,336,0.9449787293666926
206,334,0.9449641956702685
408,427,0.9449585830993505
291,393,0.9449544870289374
14,389,0.9449396212206519
204,366,0.9449280727137083
317,401,0.9449271171827046
228,442,0.9449148030820863
120,263,0.9449084930924038
28,142,0.9448958969585823
91,447,0.9448517940190453
247,443,0.944839204492315
259,360,0.9448317528139787
14,127,0.9448185574236467
369,442,0.9448168169506539
246,288,0.944802156443652
77,433,0.9447751810559276
202,298,0.9447730305060946
378,419,0.9447389412291782
372,379,0.9447345965764914
172,462,0.9447045091426154
10,114,0.9447039088882806
108,420,0.9446992660770708
25,147,0.9446905337426825
160,390,0.9446835891180502
269,312,0.944681022165651
41,251,0.9446809332002207
453,462,0.9446697313624557
33,121,0.9446383411370357
422,431,0.9446337293299634
314,435,0.9446173300453139
184,318,0.9446088307033509
135,450,0.944593356033784
72,409,0.9445611163045301
177,420,0.9445397974554078
243,397,0.9445268926290168
130,461,0.9444867995464662
371,375,0.9444697665360057
184,313,0.9444157092005095
73,197,0.9444083268950559
55,101,0.944405881249162
235,444,0.9444031714846319
204,414,0.9443940880619067
70,197,0.9443452568791486
110,429,0.944344430048263
144,447,0.944311191945064
74,213,0.9442950615905936
256,431,0.9442782406373639
19,428,0.9442741680170095
110,284,0.9442694525288217
311,429,0.9442489226289631
130,316,0.944214907268902
140,414,0.9442129137544131
207,208,0.9442069345422135
212,451,0.9442061504603679
13,411,0.9441625551245819
289,379,0.9441209052485338
285,435,0.9441018848034058
399,438,0.9440579292499501
408,425,0.9440559583897409
259,355,0.9440378020729009
264,390,0.9440272804498694
206,420,0.944022943484648
198,437,0.9440135597944009
165,201,0.9439791369167663
29,224,0.9439727038623161
263,285,0.9439632560144322
135,237,0.9439389233430263
2,317,0.9439305202498842
289,380,0.943918606939574
72,217,0.9438732228537915
205,432,0.9438487693679982
161,366,0.9438476221815216
186,418,0.9438259039370471
99,233,0.9438174248904216
228,444,0.9438029722750292
316,406,0.9438026779974336
118,432,0.9437957561174588
259,371,0.9437941326115914
220,260,0.943787359374379
172,248,0.9437511110142197
327,427,0.9436982260794863
33,154,0.9436977574759465
434,459,0.9436834776545077
182,410,0.9436213392246261
99,420,0.9436137167088836
300,311,0.9435949191132842
198,261,0.9435901401087784
134,248,0.943587601696722
61,191,0.9435609563328928
189,454,0.9435570272251734
300,379,0.943554271454978
243,426,0.943541649135015
161,246,0.94351058393185
52,170,0.9434892442805983
44,65,0.943486631163396
290,438,0.9434831642222808
127,428,0.9434743580236927
216,420,0.9434740503265883
20,170,0.943471525766736
113,165,0.9434646044709926
426,450,0.9434010406751728
3,238,0.9433932891733728
144,158,0.9433641679237488
428,454,0.9433611432846143
179,188,0.9433475419192157
358,393,0.9433327409997044
192,360,0.9433257719149182
179,320,0.9433133814726447
300,448,0.9433090534598476
66,217,0.9433030755012933
72,256,0.9432982928521705
108,358,0.9432533859673359
114,157,0.9432045737147703
6,203,0.9431876575851561
204,312,0.943165864401035
260,379,0.9431589501348456
145,423,0.9431538688540437
186,410,0.9431384200120089
141,258,0.9431336593748653
179,248,0.943120627318809
290,411,0.9431203292469224
55,296,0.9431162991272141
94,242,0.9430759539738682
205,270,0.9430745062683741
114,443,0.9430630560278495
287,456,0.9430551115723247
134,375,0.9430473406057339
314,383,0.94304510252305
66,257,0.9430300651288368
182,457,0.9430146563261046
182,396,0.9430104232321833
288,399,0.9430094353805102
194,327,0.9430068146917024
70,317,0.9429648022842049
156,308,0.9429553151161405
95,423,0.9429514498608256
369,435,0.942916207359161
72,338,0.9428946125184582
100,149,0.9428764442083157
185,330,0.9428755094258726
63,69,0.9428698912892042
181,389,0.9428197048891116
59,343,0.9428156418963306
290,403,0.9428147854490015
110,415,0.942747228931811
28,437,0.9427254752728598
199,222,0.9427062929695452
240,378,0.9426698485615866
290,383,0.9426357126213436
228,422,0.9426257509926469
137,396,0.942559121766292
262,361,0.9425382931898303
104,220,0.9425338918034485
253,291,0.9425165137969522
202,432,0.9425084037677172
201,237,0.9424672634554996
142,265,0.9424544119444138
211,408,0.9424504581454577
59,411,0.942444322051518
33,77,0.9424375779056672
122,214,0.9424271229604454
130,418,0.9424131255048227
206,434,0.9424068279180035
127,260,0.9423997042949226
111,338,0.9423986686524289
33,69,0.9423616516497684
149,379,0.9423611450506924
143,288,0.9423513207340408
7,453,0.9423420072921926
189,336,0.9423353162244636
59,168,0.9423180674990015
219,236,0.942271969777057
52,99,0.9422719242591879
20,296,0.9422708055707936
66,393,0.9422689793151637
148,353,0.9422496711380798
246,254,0.9422495259437385
148,326,0.9422362366069889
62,211,0.942228205439466
245,437,0.9422249225315521
209,230,0.9422238392979608
10,102,0.942191209854264
204,395,0.9421753723386066
203,318,0.9421405792510902
292,406,0.9421161819770931
117,208,0.9421089247891067
380,399,0.9420958033305387
120,186,0.942076646333197
217,349,0.9420485455136648
200,330,0.9420460601618356
264,389,0.9420357132480541
178,326,0.9420306510068606
152,216,0.9420297901963256
83,435,0.9420251057282909
181,451,0.9420078683765487
168,331,0.9420073761955038
147,344,0.9419750643131464
199,336,0.94197012164299
120,158,0.9419613615310347
208,455,0.9419441543516586
6,290,0.9419303069712075
174,317,0.9419208110304806
94,277,0.9419186323637466
10,130,0.9418936532725083
99,302,0.9418884331436074
8,421,0.9418622727069976
140,237,0.9418596501749089
3,171,0.9417803865265745
127,437,0.9417313871933842
205,326,0.9417246916322232
211,331,0.9416857619349188
251,411,0.9416844040103626
137,220,0.941665438662658
13,454,0.9416587714890342
114,170,0.9416124586704983
286,312,0.9415977160187796
245,429,0.9415362311969216
69,97,0.9415055511024621
238,449,0.9414648355345967
70,202,0.941464098634442
33,98,0.9414174971903406
198,448,0.9413488978255936
108,449,0.94134510407271
253,289,0.941338439619541
253,270,0.941326968592887
135,212,0.9413253401223004
102,216,0.9413230791193421
41,204,0.9413018658110419
201,437,0.9412211102001415
393,402,0.9412075571600247
66,264,0.9411975607644651
119,250,0.9411787491831145
257,312,0.9411649476132792
108,112,0.9411596241117759
91,165,0.9411308005288276
259,419,0.941124884113758
131,312,0.9411060537121444
157,184,0.9410925103053893
118,233,0.9410510401992868
48,163,0.9410359697414274
84,338,0.9410336379376143
44,391,0.941027066901968
29,428,0.9410187336588757
218,366,0.9410139410008419
13,245,0.9409419836421227
314,420,0.9409416075537206
379,415,0.9409321149183388
162,330,0.9409097103883123
171,200,0.9408911503339542
145,239,0.9408672775964999
89,270,0.9408481824161109
313,433,0.940832264933554
174,188,0.9408290280870142
70,108,0.9407724730466004
251,406,0.9407714184665054
13,103,0.9407524998917126
311,377,0.9407180431612587
156,434,0.9407061717230222
319,360,0.9406924088000322
176,285,0.9406889903050906
372,428,0.9406802779201209
146,171,0.9406754364761409
143,455,0.9406548974632299
323,442,0.9406373116976252
155,408,0.9406349664939726
177,435,0.9406028553516438
271,411,0.9405903884428326
65,317,0.9405879705665146
171,285,0.940557404385818
61,161,0.9405474666302199
28,159,0.9405418100768401
98,433,0.9405177696954692
116,461,0.9405158264157298
120,314,0.9405130390335291
79,442,0.9405072930239317
29,65,0.940469241569564
2,118,0.9404333136188199
257,289,0.940412719387241
108,200,0.9403978699995227
219,253,0.9403592722198583
287,459,0.9403146871972431
180,296,0.9403083940114612
3,94,0.940285958670631
80,142,0.9402742054946633
230,251,0.9402647106475178
136,144,0.9402371226178311
248,314,0.9402358225260209
136,296,0.9402124937333801
189,327,0.9402113244495781
67,212,0.9402111431811583
152,258,0.9401962731706663
159,347,0.9401875889856988
95,240,0.9401614312181904
401,459,0.9401310593969171
151,263,0.9401234166192683
177,336,0.940115891376127
272,289,0.9400880040343101
326,461,0.9400214818155935
14,300,0.9400196190094424
83,451,0.9400126694457563
238,406,0.9399964941298765
116,154,0.939932322523337
4,278,0.939921707715273
396,450,0.9398961052191565
55,450,0.9398680074027442
164,300,0.9398527040228223
236,415,0.9398113287988912
231,313,0.9397962984792292
113,228,0.9397721456403024
84,214,0.9397504653208836
358,415,0.939736533842583
106,120,0.939706555233054
190,441,0.9397009502783866
289,320,0.9396862159549512
326,447,0.9396769872769971
248,349,0.9396546530398373
72,443,0.9396515585680213
139,215,0.9396287219813174
292,311,0.9396109982799385
70,380,0.9395779649656232
157,326,0.9395759040827089
61,154,0.9395554748148951
157,433,0.9395506657005868
380,385,0.9395388343925437
170,369,0.9395358400809158
97,183,0.9394985102014771
111,146,0.9394962938906533
216,343,0.9394927963503076
63,436,0.939477935518458
253,389,0.9394731221828754
186,326,0.9394380375902892
111,327,0.9394261203016161
251,312,0.9394169236407366
202,311,0.9394131210000186
173,308,0.9394107944113056
141,423,0.9393601650697199
89,366,0.9393548985873321
11,415,0.9393533179227678
199,302,0.9393518586987911
20,232,0.9393327010361545
149,273,0.939330494976027
272,287,0.9393142712813701
138,214,0.93925773459133
110,196,0.9392548821850615
67,315,0.9392545944192445
149,199,0.9392535369792283
67,285,0.9392346662620669
97,315,0.9392157546295775
80,217,0.9391991515320447
141,450,0.9391902351163771
145,235,0.9391891720707589
291,378,0.9391455895956555
190,448,0.9390967742766564
331,438,0.9390867327637271
317,426,0.939077694025995
40,162,0.9390720338869422
93,184,0.9390660151795965
208,434,0.9390176027428518
184,438,0.939005067097765
135,435,0.9389875901233508
151,320,0.9389857723939171
250,317,0.9389573931556736
28,29,0.9389457238351389
66,206,0.9389369645136892
369,455,0.9389330430982006
132,372,0.9389314103626332
29,461,0.9389135376170984
121,448,0.9388946772449309
151,415,0.9388895294810689
239,450,0.9388855163945257
255,327,0.9388786227706227
44,414,0.9388638748037152
217,451,0.9388407334389275
112,261,0.9388163687793789
96,270,0.9388016305409146
14,308,0.9387946730018832
44,204,0.9387925196418734
248,431,0.9387844725877597
319,434,0.9387586169756676
25,396,0.938753457094426
80,256,0.938720274526618
284,450,0.9387184468127524
2,237,0.9387112103546258
136,312,0.9386820322861921
391,433,0.9386763206087211
337,451,0.9386760515493524
334,456,0.938670479206426
116,176,0.9386278882489792
143,254,0.9386222456121879
118,401,0.938617218844716
96,409,0.938591988905486
55,422,0.938586104560845
429,442,0.9385535140180179
29,155,0.938551755608469
112,379,0.9385430362942468
288,327,0.9385260686861754
214,434,0.9385250389008063
167,415,0.9385201349333492
67,461,0.9385100541655248
187,232,0.9384998470105398
316,371,0.9384973361525317
145,216,0.9384958893645063
234,323,0.9384787793121081
28,248,0.9384781093408358
179,336,0.9384437369317296
120,255,0.9384344119896417
60,180,0.9384344119896416
66,330,0.9384157315737215
247,460,0.9384070347890616
103,429,0.938392093049654
106,180,0.93830240296499
269,442,0.9382543695883983
62,194,0.9382426463367978
108,143,0.9382031524349828
139,448,0.9381706589456574
186,264,0.9381569410693134
14,371,0.9381377165456263
108,434,0.9381211828661933
113,234,0.9380738718730806
93,126,0.9380471541143429
196,402,0.9380303913788446
233,235,0.9380031476471569
104,326,0.9379486115598608
3,185,0.9379310793752872
94,384,0.9379310793752871
420,442,0.9379277543129998
97,263,0.9379194616952926
103,443,0.9379166205857157
194,226,0.9378979760122469
127,273,0.9378886784913535
12,446,0.937882931160911
257,330,0.9378472098504568
169,233,0.937804070429227
316,402,0.9377886128191774
7,91,0.9377685096497398
415,426,0.9377576811604733
269,434,0.9377528685179803
13,106,0.9376613036208964
19,337,0.9376611692695477
129,176,0.9376479687229088
397,428,0.9376408802760082
118,298,0.9376146001647374
164,420,0.9376052909477806
255,447,0.937588917784481
80,235,0.9375886019744932
270,337,0.9375885828753311
210,289,0.9375771320409129
402,443,0.9375422840416068
168,222,0.937511334639952
131,235,0.9375054757239656
33,288,0.9374857730909538
99,127,0.9374791995270101
224,291,0.9374784333553862
187,462,0.9374512776965285
193,418,0.9374302629753539
129,323,0.9374291735397543
226,380,0.9374206913734462
12,230,0.9374108212342622
408,456,0.9373947827039639
137,174,0.9373931800001539
36,284,0.9373296293149994
104,287,0.9373140090411775
269,391,0.9372992473486034
226,313,0.9372811568487041
98,457,0.9372796645636273
197,408,0.9372762337885571
19,165,0.9372586653135087
13,372,0.9372536455618298
237,285,0.9372215275689707
62,233,0.9372110201968716
59,438,0.9372079288709466
139,248,0.9371967388217065
284,306,0.9371791186892093
450,457,0.9371732946000462
67,142,0.937116410666542
167,402,0.9371003044747528
7,107,0.9370971751694697
130,156,0.9370873888839863
37,116,0.9370781846312375
63,273,0.9370781175839049
67,208,0.9370567632064993
285,446,0.9370325285060729
211,453,0.9370071919286385
159,396,0.9369895435163073
176,286,0.9369595090131562
163,401,0.9369464769570998
156,418,0.9369370593173135
181,366,0.9369329022247509
70,379,0.9369289556342442
145,218,0.9369225546412953
7,399,0.93687778210396
209,231,0.9368739570662746
63,172,0.9368719232516451
206,457,0.9368673862367656
67,89,0.9368532190337068
137,284,0.9368375954997414
175,234,0.936829218253087
33,429,0.9368131487319064
205,290,0.9368112809087923
147,423,0.9367915680299357
12,360,0.9367208028140102
14,114,0.9367081897754989
79,149,0.9367040838178311
121,389,0.9367005444434781
9,219,0.9366380224732146
106,192,0.9366184718589969
9,399,0.9366075311180555
137,151,0.936555289671949
414,418,0.9365370708650148
14,31,0.9365286195924837
103,461,0.9365022065710896
130,403,0.9364928459260767
10,146,0.9364748345958458
19,211,0.9364691263841276
220,263,0.9364278373785139
67,415,0.9364118942349646
9,287,0.9363975069091636
327,429,0.9363897123423858
193,208,0.9363876831645402
259,457,0.9363840299364725
143,319,0.9363787530042865
260,378,0.9363770608807033
28,185,0.9363739041505565
224,369,0.9363398094880088
258,314,0.9363360694586543
141,394,0.9363351175884859
158,312,0.936296288633872
106,326,0.9362957331468675
199,389,0.9362850473480853
79,181,0.9362612673190389
104,198,0.9362525541325273
366,396,0.9362494981271827
338,445,0.9361663406948261
286,419,0.9361578576593039
61,176,0.936147864956471
2,171,0.9361264357120394
11,432,0.9360900028509864
269,327,0.936067565060992
178,308,0.9360630106675677
49,313,0.9360361141772564
230,236,0.9360287997271446
226,314,0.9360250903663498
163,361,0.9359944753510178
112,238,0.9359721473898749
187,189,0.9359574809433955
145,300,0.9359079401350185
119,245,0.9358904399456724
182,394,0.9358886555234247
360,366,0.9358884059269569
226,232,0.9358855985016927
25,98,0.935874122143783
285,450,0.935853278308365
314,372,0.9358515082874311
29,111,0.9358488449880699
146,173,0.9358346630359357
120,378,0.9358259353159096
101,313,0.9357964281200538
161,349,0.9357873741350172
191,396,0.9357841995355264
8,383,0.935749784513302
99,222,0.9357429929988471
167,308,0.9357350477298425
69,427,0.9357093107450472
149,311,0.9357073417623895
2,438,0.9357036358418409
361,438,0.935670662535172
191,442,0.9356540418657145
40,166,0.9356266405955507
40,139,0.9356265048994594
311,439,0.9355899454657854
89,358,0.9355797838745833
115,330,0.9355686720871625
60,253,0.9355608648133115
127,234,0.9355465702509121
210,308,0.9355413149000509
165,308,0.9355360357880156
243,434,0.9355162973090069
12,409,0.9354727933008471
214,230,0.9353899829859356
311,449,0.9353770814285932
37,217,0.9353733963067015
70,174,0.935372182809697
127,212,0.9353466442201724
260,414,0.9353305048890342
104,454,0.9353245400199551
215,452,0.9353174757768489
67,431,0.9352695516770958
215,379,0.9352607698519025
210,457,0.9352365233702666
103,141,0.9352238453806774
8,203,0.935215286851543
179,444,0.9351948220204817
159,360,0.9351904428810349
192,287,0.9351703960948194
411,422,0.9351575777073315
215,264,0.9351497760720143
449,456,0.9351059831000752
98,146,0.9350996739694363
177,245,0.9350760963391905
66,118,0.9350663285878142
286,442,0.935056652187132
273,415,0.9350450489750598
141,358,0.9350071875975207
61,147,0.9349775314681572
172,195,0.9349765714758043
320,399,0.9349501124489861
9,17,0.9349475587990782
98,389,0.9349340009554993
146,162,0.9348879840436468
147,354,0.934878769659143
390,427,0.9348529652908444
198,300,0.9348145399916948
6,61,0.9347798583176208
165,454,0.9347763363822809
41,197,0.934774000571002
96,396,0.9347546751562933
129,198,0.9347390413218428
159,389,0.9347239988965359
103,120,0.934680484569156
111,215,0.9346771101058974
390,444,0.9346658783779518
251,394,0.9346100807763601
144,391,0.9346098571450865
103,195,0.9345901018108832
411,447,0.93458190413571
193,248,0.9345748713142643
363,379,0.9345708187223144
197,334,0.9345283292856494
127,235,0.9345176323174536
185,366,0.9344936120628451
121,219,0.9344475804665382
101,459,0.9344330769236388
103,313,0.9344184766105063
3,208,0.9344003502284691
211,226,0.9343937949361715
41,119,0.9343829735572233
63,110,0.9343702440529671
254,287,0.93436109263814
167,230,0.9343031488700666
143,222,0.9342976068494988
138,149,0.9342539786348499
83,314,0.9342257360028224
190,212,0.9342100925953705
239,422,0.9341985794600646
116,319,0.9341974919740377
298,316,0.9341974919740376
65,458,0.9341970087623409
169,453,0.9341576270632019
37,314,0.9341330637242221
60,428,0.9340969724425006
106,320,0.9340890623237683
61,131,0.934056819430371
165,391,0.9340527435036189
143,232,0.9340380981545997
117,290,0.9340345194437502
136,435,0.9340339872158573
66,429,0.9340192837331078
217,461,0.9339910660468087
146,154,0.9339906557042499
228,358,0.9339753675207562
167,432,0.9339709757826903
63,171,0.9339504900834982
33,145,0.9339422635559166
111,331,0.9339249450651967
146,161,0.9339189410220775
132,233,0.9339173560612144
188,360,0.9339091565618081
209,369,0.9338960040107356
163,247,0.9338822753083325
150,260,0.9338635836046706
145,372,0.933844142284307
174,200,0.9338406851098937
72,435,0.93383956028338
130,319,0.9338305204190146
171,323,0.9338160519693477
169,193,0.9337748660008707
235,423,0.9337600589491356
129,378,0.9337579897188023
33,427,0.9337236414266004
286,436,0.9337148539452224
146,191,0.9337145187687301
112,284,0.9337060323305196
131,327,0.9336829561284063
129,236,0.9336738747996705
183,248,0.933669967765521
113,420,0.9336396711921445
113,397,0.9336290119076229
204,439,0.9336270590022374
336,372,0.9336057619622421
232,330,0.9335963166340183
106,444,0.9335700677572113
37,180,0.933557778738077
84,273,0.9335400490361108
65,137,0.9335214028401465
118,130,0.9334689113887036
269,291,0.9334394874988087
143,391,0.9333676844326597
212,270,0.9333569771374507
41,206,0.9333435962495634
111,356,0.9333334988460116
29,191,0.9333333542307769
149,269,0.9333148273177867
107,313,0.9332805336538015
323,411,0.9332008224378128
231,272,0.9331950332909774
218,443,0.9331782712331812
197,399,0.9331281745241725
264,432,0.9331151275231969
188,218,0.9331087108031653
130,451,0.933106659314834
110,443,0.9330900879199036
168,219,0.933021149549885
60,61,0.9330177349002811
70,181,0.9330032888066758
243,364,0.9329906546097383
43,120,0.9329506206472632
250,358,0.9329371218033272
411,438,0.9329337235999975
215,290,0.9329160496925435
195,432,0.9328793731636371
166,432,0.9328758925948171
186,414,0.9328659393831173
166,286,0.9328434935129747
63,257,0.9328323248434934
110,461,0.9327894325652932
103,252,0.9327519990939266
17,95,0.9327294805831837
167,366,0.9326825575217368
237,355,0.9326662746985392
41,181,0.9326528112675754
40,206,0.9326314964531334
147,308,0.9326313418488674
394,458,0.9326188169782555
41,403,0.9326171279672018
447,453,0.9326131730089329
77,144,0.9326113553142997
199,291,0.9326004978381593
33,213,0.9325980948688753
154,402,0.9325790999157573
196,410,0.9325756014417714
215,438,0.9325753896227909
20,252,0.9325461908795848
115,130,0.9325204343946641
12,187,0.9324862269351882
11,207,0.9324540946665764
212,250,0.9324482919201645
7,230,0.9324119416025676
216,445,0.9323430564406551
120,423,0.932291780354607
218,343,0.9322894108105538
164,434,0.9322731922351452
186,193,0.9322203066789101
63,435,0.9322176540727813
155,291,0.9322158910327378
201,261,0.932211276095387
84,120,0.9321094233335958
40,273,0.9321016202410349
238,344,0.9320901076783789
129,375,0.9320811271642946
150,375,0.9320715091045932
285,420,0.9320638604812698
170,457,0.9320615313253972
306,330,0.9320565594775055
44,286,0.9320133916296309
106,152,0.9319618608364456
134,446,0.9319504817709864
84,137,0.931911686182944
33,132,0.9318952198844258
150,448,0.9318557716381096
12,426,0.9318491683936196
89,217,0.93184382411589
191,436,0.9318424554135003
166,273,0.9318419597068056
4,47,0.9318052765365092
180,435,0.9317954294508832
28,427,0.9317834437787137
286,300,0.9317632947263094
99,409,0.9317557080236603
6,40,0.931753631950655
29,456,0.93175054322342
229,296,0.9317454962390693
217,444,0.9317319006437105
162,327,0.9317043344405025
40,406,0.9317001111349632
406,451,0.9316867856913484
199,330,0.9316695053617396
63,448,0.9316540190876835
166,285,0.9316436099573148
206,228,0.9316372539371728
135,161,0.9316283492671624
5,408,0.9316167327082574
212,427,0.9316009728178875
209,229,0.9315796400203794
191,441,0.9315670742926258
89,127,0.931536867864519
139,457,0.9315330711440531
40,379,0.9314816750255481
10,59,0.9314498785794086
66,375,0.9314284149013159
79,165,0.9314235219789521
269,420,0.9314224967106198
12,423,0.9314087679616243
165,302,0.9313852116306545
71,93,0.9313812041242957
414,436,0.9313720206078016
172,204,0.9313081995577212
188,425,0.9312863771498657
134,198,0.9312541031493342
149,235,0.931225139174458
172,311,0.9312112913271504
129,290,0.9311913012029859
95,279,0.9311179318337556
102,259,0.9311179318337554
106,318,0.9310705740438282
420,444,0.9310429171037283
207,237,0.9309970714659528
36,292,0.9309600091640788
44,84,0.9309481954468635
445,453,0.9309450801396456
178,415,0.9309432936326876
120,391,0.930930837260692
195,369,0.9309179760498056
214,418,0.9309159536871814
14,112,0.9309117213093479
5,75,0.9308927290103626
111,287,0.9308650175309188
3,379,0.9308233589457768
6,235,0.9307999993022584
137,434,0.9307892709418171
204,441,0.9307798723030523
231,323,0.9307795418722
8,410,0.9307727356040285
41,337,0.9307587527847994
179,270,0.9307485269703619
72,296,0.9306973887534216
113,379,0.9306799032601963
216,366,0.9306336952599479
159,383,0.9306324255190319
33,456,0.9306305974664306
70,145,0.9306160681351889
442,457,0.9306026893097522
208,220,0.9305924660576872
180,290,0.930509842511102
292,432,0.9305000785281008
9,234,0.9304984330037521
246,259,0.9304895031741827
256,285,0.9304625387468878
285,312,0.9304130295538854
260,418,0.9303865529110625
148,298,0.9303819458681514
29,98,0.9303715872340437
188,220,0.9303695453626912
206,401,0.9303413722868764
262,331,0.9303375168289216
20,173,0.9303305804897701
176,312,0.9303256926088652
41,216,0.9303231728554847
130,157,0.9303181196595895
114,119,0.9302895922475103
33,425,0.930268559448385
286,418,0.9302600606839085
320,344,0.9302530901076037
192,434,0.9302241534358213
115,216,0.9302163757252525
37,161,0.9301926305104913
253,397,0.9301677156136898
265,308,0.9301178036029473
78,456,0.9300808170998958
44,185,0.9300715165075522
143,214,0.9300713277097132
265,300,0.9300528175590727
40,180,0.930038992736267
8,130,0.9300331902052447
60,393,0.9300209958197813
19,98,0.930001383458946
250,461,0.9299867438416405
151,349,0.9299372321745033
188,451,0.9299350462093188
113,239,0.9299339611619815
103,154,0.9299322787327425
52,238,0.9299247785553794
59,80,0.9299135977850561
65,273,0.9298948179686235
208,270,0.929890648072431
125,259,0.92988008390187
55,317,0.9298709835859477
102,218,0.929867357830009
14,406,0.9298531629619224
70,157,0.9298356783314613
199,219,0.9298311359364189
103,110,0.9298005761000823
93,105,0.9297629015545482
110,156,0.929731190438364
139,217,0.9297309224664003
60,189,0.929712141000143
83,137,0.9297000366064242
296,422,0.9296740895748151
104,433,0.9296703836616724
113,319,0.9296509831672147
196,287,0.9296387684295353
9,410,0.9295768196968136
255,296,0.9295329633843568
67,375,0.9295290738967648
235,439,0.9295180989944581
284,401,0.9294939836025035
118,399,0.9294732085009674
106,170,0.9294345975498549
396,403,0.9294008727412097
236,371,0.9293650295438093
91,264,0.9293615376798756
261,423,0.9293567990669186
6,401,0.9293547009479937
89,150,0.9293317280135607
5,231,0.9293313769787134
106,208,0.9293218308535283
237,334,0.9293008481556988
445,457,0.9292568823009841
389,414,0.9292232040403896
166,363,0.9292195808969244
160,289,0.9292129563810886
259,334,0.9291862510477747
59,185,0.9291740661611337
142,270,0.9291513604151536
192,426,0.9291320133215921
2,164,0.9291151288969698
12,222,0.9291132799394191
104,418,0.9290843755772197
115,234,0.9290706071642247
294,311,0.9289872635194721
78,197,0.9289671736243311
114,147,0.9289474982289943
120,152,0.9289422513742802
159,426,0.9289408713210939
55,220,0.9289024307754269
193,378,0.9288798594773201
186,457,0.9288658948679797
429,433,0.9288455228073298
169,190,0.9288393726439962
160,363,0.9288288069345662
173,423,0.928828806934566
231,244,0.9288135983787843
115,336,0.9288114359266507
213,457,0.9287872775547062
160,409,0.928771409380969
113,237,0.9287692231442272
409,460,0.9287656899980863
168,434,0.9287509396353698
171,220,0.9287413085055354
77,172,0.9287379821094391
132,234,0.9287226417423569
173,291,0.9287093022975319
187,460,0.9286389764281134
9,457,0.9286313637086432
55,179,0.9286273315606197
159,219,0.9286250213593625
302,380,0.9286224493401292
391,450,0.9285949658686911
4,117,0.9285838097587714
237,349,0.9285757622278049
210,244,0.9285653473156005
215,429,0.928539906007612
131,349,0.9285297493250857
40,210,0.9285294440355673
83,336,0.928527279054636
155,207,0.9285215412394395
60,445,0.9285147807823684
37,234,0.9285110260940725
130,255,0.9285081879371598
4,417,0.9284926816296247
264,286,0.9284528841712697
3,459,0.9284167431199264
228,354,0.9284120461010013
233,420,0.9284020276989691
250,286,0.9284003846690145
169,292,0.9283678396036525
59,61,0.928365526915369
155,203,0.9283591427987656
142,397,0.9283042273215559
10,66,0.928271871706159
111,439,0.9282558385762862
218,265,0.9282552139624871
8,433,0.9282207203083735
217,422,0.9281883588015165
127,429,0.9281673808397747
136,151,0.928162270664043
151,312,0.9281616329971508
98,143,0.9281529723444493
431,451,0.9281269461776689
344,456,0.9281255574971936
287,435,0.928110089515208
19,55,0.9280986112672176
180,229,0.9280924037216534
315,371,0.9280565311938727
62,157,0.9280401533674998
286,377,0.9280187911205198
65,97,0.9280122165428455
103,119,0.9280067372317679
186,401,0.9280025701985569
3,63,0.9279916065112171
212,260,0.9279684190453628
140,184,0.9279402979228409
134,296,0.927920672959849
220,291,0.9279010153448259
261,358,0.9278807780280816
189,457,0.9278769416941572
31,69,0.9278629084127579
138,178,0.9278608581764116
19,79,0.9278573603939905
177,286,0.9278529318880221
337,401,0.9278485394852408
147,385,0.9278399673040735
189,434,0.9278294799085184
360,460,0.9278274321889697
189,334,0.9278046777875917
70,420,0.9278010893617878
452,453,0.9277793249168332
209,308,0.9277658021657799
130,443,0.927726446063552
172,220,0.9277249765274282
102,192,0.9277246906591959
255,433,0.9277063122804023
187,349,0.9276949749993177
172,254,0.9276894202057001
366,442,0.9276749170654972
195,270,0.9276735270206637
138,262,0.9276590388464243
37,461,0.9276493352375652
134,330,0.92762335090035
146,159,0.927621660640385
20,343,0.9275870875759199
236,338,0.9275479867362997
55,250,0.9275448160835518
254,360,0.9275427355787069
150,193,0.9275357740736863
159,230,0.9275199327727289
69,193,0.9274865511728404
158,187,0.9274771193959809
185,258,0.9274103369923854
144,198,0.9273870763267017
65,314,0.9273624302459573
63,152,0.9273606787911938
202,451,0.9273292390867842
139,326,0.9273249461914636
80,391,0.927323371428797
245,452,0.9273099260772844
237,414,0.9273028180511464
160,408,0.9272920832155902
218,444,0.927285719858912
103,261,0.9272625305792227
150,327,0.927256133228422
127,199,0.9272451221042987
131,290,0.9272300428462898
232,415,0.9272245848775299
411,437,0.927214199517365
327,330,0.9272125697698569
253,401,0.9272058652451404
287,438,0.9271924455125576
197,430,0.9271749993818659
289,461,0.9271610555101525
80,250,0.9271449368490005
91,273,0.9271305472817527
155,222,0.927109999659968
9,190,0.927059341927866
188,443,0.9270302051117693
253,432,0.9270198772146045
96,451,0.9270165703669863
315,457,0.926948936045703
35,148,0.9269266833569333
272,344,0.9269113451666809
186,234,0.926856085713125
217,220,0.9267927404259667
143,243,0.9267900331869423
84,438,0.9267775965722289
218,394,0.9267707805826634
63,180,0.9267647845516203
139,234,0.9267620631320859
259,432,0.9266862949903582
115,389,0.9266120694871824
114,320,0.9266042671863557
152,337,0.9265798643511708
131,397,0.9265791299595844
97,265,0.9265771762017726
28,263,0.9265750211883755
163,246,0.9265447720289112
149,431,0.9265283496670478
315,390,0.9265281199571499
136,248,0.9265237217597898
107,253,0.9265234216718179
67,255,0.9265062741462301
25,262,0.9264986772443206
100,144,0.9264897904228179
83,168,0.9264767936204306
110,180,0.9264600172177068
177,343,0.9264599920768908
378,401,0.9264419285449181
334,438,0.9264408042406054
205,287,0.9264306240698662
358,366,0.9264152921933645
399,461,0.9264109572392327
91,428,0.9264101730171163
168,201,0.926382506563652
158,296,0.9263765843744445
302,403,0.9263581850496821
29,202,0.9263308723808132
213,423,0.9263300564906418
61,194,0.9262963358209034
232,371,0.9262810305781938
162,454,0.926267449627568
63,142,0.9262648471854313
13,217,0.9262528512639465
144,168,0.9262325831157152
149,455,0.9262218238709289
198,403,0.9261986889162259
358,447,0.9261839677888907
12,29,0.9261786548052128
319,415,0.9261496011803393
99,406,0.9261436277686768
308,368,0.9261062698830997
2,151,0.9261012688865551
188,311,0.9260551686297467
229,230,0.9259490568064238
36,127,0.9259444983448971
19,199,0.9259370647087025
226,459,0.925926994011051
290,443,0.9259202386266595
55,329,0.9259191572824267
119,409,0.9259152880679133
251,308,0.9258821283051478
259,446,0.9258588068129859
33,314,0.9258362124276555
176,450,0.9258281263989457
131,314,0.9258140807305387
152,248,0.925813877573754
77,426,0.925801447667622
9,385,0.9257842838731544
239,442,0.9257826349708275
66,183,0.9257723715159174
239,366,0.9257581569736274
114,458,0.9257568499198757
141,233,0.9257247020941456
95,389,0.9256837612239106
319,356,0.9256764049957971
155,419,0.9256587693649028
83,264,0.925647090350861
62,213,0.925602297019824
136,228,0.9255829097355384
360,403,0.925541786204645
162,258,0.9255412378116483
145,311,0.9255342594274827
188,378,0.9255247141575115
161,406,0.9255155277202379
243,454,0.9255149829834579
231,288,0.925512395862232
11,402,0.9255007913582547
138,199,0.925422959472452
438,446,0.925418090949891
37,235,0.9253546230175712
120,248,0.9253532085165321
98,233,0.9253512034593259
143,176,0.9253191824562683
112,179,0.9253151160472436
121,200,0.9253148387232905
79,139,0.9253125908132799
312,337,0.925309150889301
343,444,0.9252984895005087
102,311,0.9252843616039838
220,245,0.925277677480174
158,396,0.9252745973977393
327,379,0.9252662546638063
33,459,0.9252594496719082
182,446,0.9252536525350089
102,159,0.9252027805957923
172,232,0.9251720715623429
100,258,0.9251666821838949
28,158,0.9251641575687766
300,319,0.9251427227149461
273,454,0.9251406862737456
37,127,0.9251339206784466
33,443,0.9251307166876986
63,458,0.9251265594108291
171,198,0.9251121990614195
108,177,0.9250701011610788
98,113,0.9250530189607916
146,254,0.9250444772546691
218,451,0.9250185895471785
312,441,0.9250166012085926
177,450,0.9249972461012654
97,158,0.9249713077712434
29,259,0.9249606551221402
259,454,0.9249459026838314
79,314,0.9249448681566466
52,65,0.924871065529739
187,437,0.9248708464674331
387,397,0.9248338687659851
157,172,0.9248036426170205
358,372,0.9247959099328457
222,248,0.924777778143667
179,427,0.9247527175909038
131,366,0.9247298245514503
102,460,0.9247144321724335
201,313,0.9247108360246264
296,311,0.924706389017867
70,134,0.9246920775474297
208,265,0.9246917510474224
148,258,0.924639492323635
244,460,0.9246387104116187
394,427,0.9246263234471463
25,461,0.9246244072354296
62,460,0.9246009564899267
226,255,0.924591918005143
233,461,0.9245643631533329
78,147,0.9245596012625599
161,188,0.9245470361573229
172,255,0.9245070885306743
194,329,0.9244766787154921
403,439,0.9244692374765396
425,433,0.9244620590747867
195,226,0.9244604875652896
136,174,0.9244435678178485
224,454,0.9244318978079226
188,448,0.924431001590627
84,320,0.924422100023702
176,263,0.9244213206393751
80,378,0.9244147320527198
119,302,0.9244097578712964
251,360,0.9244045832106254
155,354,0.9243971582298657
229,272,0.9243732692438525
150,300,0.9243699387824094
220,444,0.9243493954870635
177,330,0.9243302976665726
349,429,0.9243274813790305
61,257,0.9243213503000124
270,284,0.9242669580750397
292,439,0.9242372943180486
140,435,0.9242091485452235
217,256,0.9242004656738784
150,311,0.9241962053881086
288,291,0.9241928398294755
219,378,0.9241550467171925
100,129,0.924123720524132
273,366,0.9241122124700539
102,378,0.9241054373806652
224,276,0.9240934004186692
239,343,0.9240850797651022
235,371,0.9240550964011118
6,65,0.9239697747565273
143,166,0.9239626284412741
264,329,0.9239111322043808
106,441,0.923856941454733
224,331,0.9238388117298828
201,323,0.9238349173524407
138,250,0.9238270313295629
60,186,0.9238185375049398
6,457,0.9237949406953987
6,270,0.9237949406953986
190,455,0.9237836908888512
72,319,0.9237748253578001
446,461,0.9237561713551834
149,204,0.9237520121318706
143,228,0.9237486183717885
288,406,0.923736697823389
449,452,0.9237146555655246
122,224,0.9237140557672348
147,270,0.9237089571132051
318,361,0.9236521059647882
55,433,0.9236440782863777
29,199,0.9236402521921306
138,181,0.9236395331560759
150,422,0.9236247602331558
130,436,0.923623245159463
186,448,0.9236164681149047
106,447,0.9236085948953121
94,260,0.9236024797646017
156,415,0.9235916246010074
273,312,0.9235523191079955
188,243,0.9235134245225101
254,302,0.923506791472582
170,244,0.9234965751038865
201,300,0.923493832287685
252,327,0.92347552658009
70,284,0.9234704130326877
72,158,0.9234554629007781
426,444,0.9234521313637839
166,263,0.9234160897500315
55,115,0.9234126316466503
358,370,0.9234072431209912
204,435,0.9233978320831695
143,368,0.9233886604823441
59,159,0.9233839441375327
142,414,0.9233744131821676
97,314,0.92337265305356
83,261,0.9233369387932713
83,158,0.9233351466781212
131,250,0.9233065389201233
52,315,0.9232084337264447
116,218,0.9231924929501856
127,445,0.9231849272174335
44,255,0.9231594508492084
201,218,0.923148986817558
366,438,0.9231273715565559
193,237,0.9231242278952835
177,411,0.9231005472075775
44,134,0.9230636211285548
59,205,0.923053075759399
55,103,0.9230524311755465
3,14,0.9230166639655312
188,379,0.9230120365328187
120,173,0.923005195797377
204,320,0.9230044967875611
113,285,0.9229865112344371
104,112,0.9229445453054527
217,378,0.9229026745010616
372,441,0.9228629243491432
313,408,0.9228516225913794
25,313,0.9228251356639161
96,366,0.9228023561438781
84,102,0.9227838077901734
270,272,0.922764617174495
179,243,0.922760231148658
77,420,0.9227441321881192
4,201,0.9227354954862773
313,454,0.9227127752875082
31,104,0.9227038508491439
5,442,0.9226976810975037
65,257,0.9226596382287691
169,435,0.9226419808662462
158,411,0.9226393131928197
149,246,0.9226360016773952
119,423,0.9225968545138181
176,187,0.9225817431248812
8,279,0.9225395415895375
84,135,0.9225241623421184
343,363,0.9225170063812127
106,460,0.9225081973341903
12,116,0.92250447542998
271,423,0.9224976274977728
144,188,0.9224716026042316
187,316,0.9224659281915817
181,229,0.9224370967436564
181,402,0.9224349867704683
99,143,0.9224237063505659
446,449,0.9224086918133456
37,454,0.9223975797129585
55,338,0.9223577297980488
152,418,0.9223083822562357
174,411,0.9222851343466026
102,178,0.9222813403252189
245,314,0.9222612026201137
314,431,0.9222545026633363
72,311,0.9222423949410187
152,179,0.9222167953009811
3,62,0.922206050575039
193,462,0.9222027268135453
162,433,0.922156685293863
323,363,0.9221535973297774
141,433,0.9221165286164704
149,154,0.9221164152553624
138,195,0.9220947448415878
72,187,0.9220681658057496
180,423,0.9220617048524475
19,132,0.9220501174033279
114,326,0.9220355007210177
94,321,0.9220294920505554
79,343,0.9220232439291802
146,148,0.9220060225920902
110,368,0.9220005287526863
271,287,0.9219970929687128
83,119,0.921947430779879
110,142,0.9218711149739285
55,256,0.9218595631096953
104,358,0.9218553677907748
152,255,0.9218402469949392
196,338,0.9217978509482152
229,375,0.9217966334549291
37,129,0.9217904047301503
317,414,0.9217789196383326
222,269,0.9217636563483861
114,212,0.9217514967211221
79,330,0.921743745995186
149,179,0.9217331821094993
265,420,0.9216940602583894
117,460,0.9216764725701502
130,232,0.9216627921994296
29,89,0.9216473099464301
154,423,0.9216358435111891
63,220,0.9216319414093984
68,121,0.9216088649943419
72,326,0.9215944292480113
14,426,0.9215791097299609
143,397,0.9215157836762555
142,450,0.9215056687130986
70,89,0.9215023833198749
415,462,0.9214804607802791
200,406,0.9214231973798199
208,438,0.9213860120001729
28,448,0.9213801904780984
171,451,0.9213610377309398
160,449,0.9213604461817616
61,443,0.9213405985468243
292,441,0.9213325762209542
117,313,0.9213169265715773
60,248,0.9212913468362673
153,155,0.9212897606684496
143,186,0.9212784031799105
260,286,0.9212618574183121
59,290,0.9212310990631956
179,190,0.9212184509291419
257,327,0.9211844421514924
95,351,0.9211665409234248
112,255,0.9211119316121024
378,383,0.9211023138102158
66,185,0.921094516871505
308,458,0.9210911045650607
211,361,0.9210654937549153
235,401,0.9210616774010938
155,361,0.9210496872442178
393,408,0.9210495520091435
253,287,0.9210441602746801
239,415,0.9210232959343175
125,140,0.9210132920127256
152,300,0.9210090431688409
167,203,0.9209975589870154
140,289,0.9209674950885345
40,286,0.9209551810944767
7,433,0.9209422761460481
291,380,0.9209261730301395
171,263,0.9208955855584487
269,394,0.9208834719810536
4,62,0.9208795853224007
98,101,0.9208517297319333
250,261,0.9208308423923847
3,446,0.9208218516468977
40,368,0.9208189875371497
66,436,0.9207837738932088
194,258,0.9207811406766471
233,380,0.9207298762187599
194,287,0.9207268817390554
103,115,0.9207058513639215
264,397,0.9206993185472372
43,238,0.9206927776273097
271,374,0.9206879691217068
237,289,0.9206856710868314
185,411,0.9206744669884006
43,162,0.920650102715818
102,135,0.920643544531856
369,450,0.9205801343564188
244,403,0.9205222897592381
202,396,0.9205160670441399
175,397,0.9204970230244824
224,244,0.9204867986075397
151,439,0.9204628959856049
358,433,0.9204367323560525
101,160,0.9204350526028492
149,171,0.9203736409223908
168,415,0.9203626755497253
264,289,0.9203485361241734
101,111,0.9203459121464181
199,287,0.9203430397834788
154,219,0.9203371435674192
156,172,0.9203336414400085
72,358,0.9203238661713975
150,169,0.9203056091543781
176,432,0.920242927634938
171,379,0.9201862217099916
110,437,0.9201682981870091
106,206,0.9201464456658043
59,132,0.9201352453811535
83,257,0.9201072858430366
140,391,0.9200906475622121
44,256,0.9200856781277402
100,112,0.9200582867683925
138,273,0.9200193251663831
149,208,0.9199998065823469
204,444,0.9199987755011272
107,170,0.919970720089352
91,461,0.9199513445739148
361,461,0.9199047671289436
138,447,0.9198946409852291
219,272,0.9198508242667738
100,229,0.919848522242155
158,397,0.9198459603464152
61,320,0.9198427619080525
200,418,0.9198152290823751
263,338,0.9197708365561144
292,451,0.9196726146410137
129,234,0.9196696645529869
55,66,0.9196642069423019
96,394,0.9196478585192286
208,418,0.9196445754264282
132,358,0.9196321366420092
271,302,0.9196157122909295
181,219,0.9196034857148127
2,198,0.919601705177069
33,158,0.9195889419888088
116,162,0.9195572639583286
399,443,0.9195512832557747
113,250,0.9195241725479143
300,314,0.9195039707807741
330,435,0.9195031311310724
190,320,0.9194549947668751
3,97,0.919420237892753
112,228,0.9194168241601626
179,414,0.9193989545645731
158,302,0.9193851003388265
122,123,0.919372796374758
110,224,0.9193376412373248
210,327,0.9193101382700133
298,425,0.9193072833028786
72,397,0.9192706844244841
253,306,0.9192619573617161
28,154,0.9192613822932183
93,373,0.919250280015788
84,129,0.9192101208420108
234,427,0.9191750504435913
100,285,0.9191682382111181
391,434,0.9191669164975782
204,326,0.9191381975896709
108,239,0.919134277517993
28,379,0.9190905226388374
138,456,0.91908571625185
198,292,0.9190580153215215
217,450,0.919051704969405
2,100,0.9190442793387961
138,455,0.9190380884636359
85,99,0.9190366733899601
396,442,0.9190236512812233
306,380,0.9189836473457774
112,286,0.9189757590641876
103,399,0.9189605851749894
70,450,0.9189493708164327
99,446,0.9189252671164594
329,343,0.9189200945060988
83,248,0.9188746447579244
129,136,0.9188571436745154
44,97,0.9188531600051899
98,334,0.9188370809884921
29,80,0.9188171674860175
152,448,0.9188142012572781
215,397,0.9188138055888571
253,423,0.9188032742800414
212,228,0.9187747689051727
148,436,0.9187407020514822
116,428,0.9187236819899377
163,350,0.918691115392125
198,445,0.9186794505924426
174,414,0.9186727087619614
91,155,0.9186661748805373
19,257,0.9186628980951821
33,141,0.9186605337319388
102,261,0.9186556878367502
66,164,0.9186420131292803
36,337,0.9186411143901108
151,183,0.9186388854250299
425,451,0.9185830759376115
338,426,0.9185829445100503
457,459,0.9185624771549501
77,439,0.9185563125616185
59,72,0.9185555531696431
164,233,0.9185525643268799
14,399,0.9185333803847052
184,213,0.9185330193445903
13,130,0.9185284836955646
162,187,0.918524735735559
235,445,0.9185180558695109
11,28,0.9185063174085262
135,162,0.9184863121494796
91,206,0.9184735481068752
233,253,0.9184664649654835
184,393,0.9184406917028652
20,211,0.9184239053004907
253,334,0.9183866142022982
60,425,0.9183770130231532
116,296,0.9183725620122569
437,457,0.9183615324769858
29,314,0.9183100675770667
194,344,0.9182584757749448
194,371,0.9182507036246755
65,84,0.9182468385565242
449,455,0.918229316053288
6,70,0.9182252482431771
420,422,0.9182226859649004
112,366,0.9181866120263089
137,204,0.9181808712933635
37,193,0.9181793711203101
138,349,0.9181630066920241
372,429,0.9181378051596409
108,432,0.9181349747249061
183,243,0.9181327900304392
156,198,0.9181313377825465
308,429,0.9180994863409984
177,396,0.9180993602100084
406,448,0.9180847949285375
69,263,0.9180600797289291
98,372,0.9180484174470195
193,243,0.9180224504569348
235,411,0.9179799454787557
99,144,0.9179748314124221
98,450,0.9179646196993098
159,397,0.9179270351125642
170,385,0.9178955700139959
156,258,0.9178808173918908
41,284,0.9178791478448453
296,391,0.9178698685955811
344,418,0.9178434945895065
103,180,0.9178292164428581
127,169,0.9178247448917131
261,366,0.9177909839904573
65,193,0.9177899936933512
77,409,0.9177803288465418
426,431,0.9177675304087101
111,423,0.9177547264869398
6,330,0.9177463959692991
167,334,0.9177384164400251
142,385,0.9177140157079756
119,366,0.9177107725390136
37,312,0.9177097283416311
20,163,0.917707987802778
9,74,0.9177064555144475
40,174,0.917663009404871
185,389,0.9176466352350083
262,326,0.9176433850819524
111,270,0.9176115462626296
36,318,0.9175990212874713
315,426,0.917573025242769
120,429,0.9175511249349384
189,410,0.9175251675415785
183,290,0.9174964148808885
112,375,0.9174859085148622
110,462,0.9174803477819796
237,302,0.9174667939826128
83,161,0.9174407865529048
110,208,0.9174353520189348
149,261,0.9174308507570188
135,391,0.9173962932397024
230,460,0.9173894041008878
78,191,0.9173884020875123
230,316,0.9173649513528155
102,190,0.9173425676587292
219,459,0.9173235284302875
219,320,0.9173193902039445
213,287,0.9173122676530634
394,462,0.9173046263076771
371,459,0.917300859005016
5,418,0.9172959119734418
264,270,0.9172917347137308
101,243,0.9172829101351472
146,459,0.917267085574796
44,188,0.9172585415047726
55,260,0.9172529305820227
261,433,0.9172023631287219
146,422,0.9171809503600392
194,369,0.9171524605882276
220,306,0.9171374281223167
61,145,0.9171263842222487
147,433,0.9170592241579673
426,433,0.9170583173269223
210,231,0.9170325222640856
214,308,0.9170192454277826
219,396,0.9170130579282464
214,449,0.9169962933228482
372,403,0.9169885059891741
83,256,0.9169785834502675
77,390,0.9169734743924898
127,406,0.9169642024052557
65,239,0.9169623067275174
195,317,0.9169583524881516
130,228,0.9169546739323485
149,188,0.9169170096830392
372,452,0.9169108838048144
112,444,0.9169051140094865
147,399,0.9168976692574874
262,385,0.9168908477237863
218,391,0.9168845137109165
149,420,0.9168687729708292
61,159,0.9168640208247826
319,355,0.9168533616985165
442,461,0.9168465119553239
200,289,0.9167810935363666
12,146,0.9167647831781183
84,300,0.9167639664623052
146,192,0.916751004968859
10,457,0.9167452549226041
222,262,0.916718582496429
98,320,0.9167158017552176
159,423,0.9166784946952923
409,447,0.9166715447797458
103,132,0.9166557100946423
78,104,0.9166495013482057
276,460,0.9166454927864545
215,244,0.9166302263137247
19,448,0.9166262032881103
79,208,0.9165527063326289
210,432,0.9165462086773762
120,151,0.9165451065644861
5,73,0.916531218420817
127,451,0.916513490297646
228,235,0.9165014888628236
432,438,0.9165006041227787
228,397,0.9165001942448137
55,143,0.9164639412348218
162,423,0.9164364729302594
190,414,0.9164053213949284
89,130,0.9164012778144048
176,330,0.9164009521469543
163,231,0.9163773839266852
204,300,0.916358780692585
28,108,0.9163389600633878
161,263,0.9163315107357735
326,426,0.9162930077339505
265,406,0.9162912970332868
224,326,0.9162684777244334
2,137,0.9162526876787518
28,166,0.916251000641197
158,263,0.9162216101501253
245,378,0.9162004893413154
150,179,0.9161958661861958
87,455,0.9161615654510189
121,230,0.9161601909292041
311,422,0.9161502174394897
96,434,0.9161038785166342
354,380,0.9161036343084094
233,265,0.9160961014075546
182,399,0.9160666891726148
314,371,0.91605624342509
130,193,0.9160398147245589
167,410,0.9160393998197319
29,196,0.9159726639779048
169,415,0.9159485788709255
215,235,0.9159276183790326
174,215,0.915860191392627
14,25,0.9158325531733729
12,430,0.9158087407542364
183,427,0.9158058437424608
224,423,0.915792726744518
37,102,0.9157771699417435
246,252,0.9157749795708297
36,216,0.9157706220312012
142,327,0.9157689366343502
262,270,0.9157670631597882
238,397,0.9157580001513391
141,287,0.915734062035164
296,411,0.9157257583099875
188,257,0.9156933698228954
415,418,0.9156709252610867
179,447,0.9156570806258926
70,285,0.9156529903368837
134,423,0.915645810691253
62,232,0.9156357645351578
222,437,0.9156077081200127
83,260,0.9155789096363732
59,455,0.9155464299650541
129,425,0.9154707609025537
110,199,0.9154601560992169
41,264,0.9154550493293944
44,72,0.9154465569404802
215,219,0.9154240883738839
146,238,0.9154128943201107
165,338,0.9154057457670444
3,445,0.9153978868127735
180,349,0.9153852639004332
101,196,0.9153823313339928
208,442,0.915363853872165
89,263,0.9153327815202544
59,137,0.9153031315624865
14,33,0.9152806472286806
235,312,0.915259414547991
314,411,0.9152260450640507
338,435,0.9152243507152582
180,312,0.915214572607619
77,327,0.915206334710091
138,238,0.9152051596189025
41,99,0.9151931438361761
5,330,0.9151729020169794
14,28,0.9151690804900358
191,215,0.9151686561659096
83,204,0.9151611540893003
323,441,0.9151465406971604
245,448,0.9151227774589706
171,284,0.9151090027024694
59,174,0.9150889814650953
222,228,0.9150797163011765
259,354,0.9150625131470609
43,313,0.9150392168002072
67,330,0.9150345870428342
369,437,0.9150269652007673
91,141,0.9150224753642097
364,425,0.9150216814065321
3,222,0.9150214874648137
10,91,0.9150067965609677
72,200,0.9150049241937896
78,375,0.9149864313467957
179,319,0.9149567424190344
67,414,0.9149479123981908
246,250,0.9149355316632862
102,368,0.9149263906139916
14,245,0.9149213504117024
61,178,0.9149202116241605
136,451,0.9148712483245182
28,284,0.9148571087825665
168,411,0.9148495188074806
118,229,0.914773040181557
320,451,0.9147518751446728
3,323,0.9146799242785348
37,399,0.9146610036738027
208,248,0.9146491654629861
190,254,0.9146377936185343
233,251,0.9145978083940762
13,434,0.9145951890139167
84,158,0.9145666690748657
114,175,0.9145654735591899
264,394,0.9145236711444266
138,428,0.9145202875269132
156,233,0.9145133716355026
189,408,0.9145044502038426
211,356,0.9144810852243147
66,296,0.9144495278944763
101,264,0.9144318667731641
72,231,0.9144057833068535
327,456,0.914405399089997
229,458,0.9143896956100186
180,258,0.9143812741332068
237,358,0.9143651854181534
161,338,0.914331703912787
104,397,0.9143182099663728
146,288,0.9143026552228989
145,326,0.9143024967981235
187,269,0.9143012506068902
103,224,0.91424168905792
269,457,0.9142401276164134
250,436,0.9142203853545057
145,263,0.9142091745613219
216,234,0.9142071662793636
199,410,0.9141989581926268
399,452,0.9141856434756604
170,453,0.9141845587242499
181,217,0.9141466438962647
182,454,0.9141447943798163
215,260,0.9141415281923856
115,396,0.9141261199824865
144,183,0.9140989622740465
113,265,0.9140980179990201
172,447,0.9140891545908669
33,236,0.9140610028637148
254,446,0.91406000975151
220,317,0.9140431877698474
127,284,0.9140420190909988
33,444,0.913990878292715
217,441,0.913988366310397
101,460,0.9139718890654516
226,228,0.9139596928522686
83,215,0.9139000914388027
174,239,0.9138988082955138
29,452,0.9138917524462011
9,453,0.9138400678675114
234,436,0.9138044634060163
121,436,0.9138036616576302
28,70,0.9137961875574865
122,232,0.9137902221903206
108,300,0.9137873123797465
243,439,0.9137843569337745
144,444,0.9137796818874789
248,320,0.9137725077415251
134,273,0.9137319064068282
8,19,0.913722139635297
390,393,0.9137189674007813
287,378,0.9137031718741417
20,111,0.9136879428100909
69,200,0.9136759701680875
99,419,0.913667216924565
3,147,0.9136403889036455
401,428,0.9136353132748238
193,214,0.9136207051176611
55,349,0.9136192167595393
149,206,0.9135787186296409
234,445,0.9135771223526691
372,455,0.9135770858618623
63,358,0.9135653074378831
52,210,0.9135570115397741
140,229,0.9135479055617122
84,190,0.9134968720404916
146,194,0.9134811148979399
129,314,0.913472157505732
318,340,0.9134580558531008
231,336,0.9134466960514376
69,343,0.913423248838867
6,446,0.9134086976172312
36,230,0.9134081247133099
209,258,0.9134008794903931
111,433,0.9133510862863975
55,201,0.9133177315720448
20,452,0.9132924385861849
257,344,0.9132788285092671
80,243,0.9132708635389508
150,349,0.9132417918442781
70,84,0.9132206512807551
147,219,0.9132194483503299
68,167,0.9131836099411984
134,451,0.9131226292013045
72,114,0.9131178570646967
110,256,0.9131109192939347
163,364,0.913107549735042
141,372,0.9130794903161438
89,327,0.9130698125311242
210,287,0.9130680978608622
243,265,0.9130670709410609
363,460,0.9130644706976265
142,360,0.9130481564695808
235,451,0.9130406636666589
361,429,0.9130099936731186
70,228,0.9130027894536137
150,406,0.9128966838917072
429,457,0.9128845512014855
176,184,0.9128822157219961
375,399,0.9128792708182965
212,423,0.9128773457653163
397,461,0.9128467030388269
195,356,0.9128449278917969
151,296,0.9127778452781193
312,418,0.9127581809601119
79,406,0.9127262105648574
41,178,0.9127138268212949
2,104,0.912705104645414
137,397,0.9127045685872418
272,302,0.9127020733921969
131,308,0.9127014693715064
135,230,0.9126902334418103
246,336,0.9126730630146557
217,448,0.9126708615027906
182,408,0.9126672988909342
184,255,0.9126516822007875
114,337,0.9126054348046989
83,237,0.912599739973876
154,409,0.9125992777415801
164,193,0.9125973558161037
41,182,0.9125926983825486
208,422,0.912591934064909
176,217,0.9125738092676154
99,226,0.9125687306908901
138,164,0.9125569433826147
385,403,0.9125542177253041
244,313,0.9125360135285369
229,445,0.9125165719581305
183,296,0.9125034001767994
127,378,0.9124951764723315
117,292,0.9124932774826382
61,70,0.9124811793738853
202,420,0.9124579961072157
116,136,0.9124503937743008
258,461,0.9124071122234271
129,239,0.9123684361037221
303,460,0.9123639875813118
224,302,0.9123437485260281
94,376,0.9123163027543336
256,389,0.9123152868934467
343,402,0.9123056069170168
132,435,0.9123039788760264
10,101,0.9122894782752274
8,58,0.9122545535128491
228,426,0.912249517879144
96,312,0.9122278135779851
291,443,0.9122242430050908
182,330,0.9122220859336059
138,185,0.9121977866598531
251,432,0.9121533401995408
166,411,0.9121439834704675
143,206,0.9121378863016413
77,402,0.9121254494585829
292,430,0.9121199653133424
6,331,0.9121017527145814
183,260,0.9120983128350553
290,371,0.9120940894884288
103,211,0.9120920053285554
40,63,0.912079813020001
291,316,0.9120793694932886
19,158,0.912070423674226
91,318,0.912059678248972
29,262,0.9120382303593204
59,427,0.9120318654400837
36,326,0.9120147229998748
59,210,0.91201140842649
162,302,0.9120069523321428
185,442,0.9119939237943259
40,271,0.9119914233384203
48,104,0.9119745543610375
3,447,0.9119735925315442
121,391,0.9119715067535596
8,361,0.9119595879683686
4,303,0.9119470505154929
112,176,0.9119247116622337
168,190,0.9119176535590579
63,422,0.9118962675442284
129,438,0.911873203692936
208,450,0.9118643101757734
33,185,0.9118367541259421
63,265,0.9118336948843238
102,194,0.9118327092392093
146,176,0.9117814226797518
230,313,0.9117767612497929
77,422,0.9117341614629794
224,363,0.9117049208213363
107,148,0.9116420549987277
52,163,0.9116086347106721
271,360,0.9116048646821332
212,418,0.9116034755394281
25,460,0.911574203461807
119,300,0.9115736700049188
63,406,0.9115431792402733
236,457,0.9115175729506296
363,425,0.9115113955315359
312,427,0.9114935240382813
290,422,0.9114805156406678
96,355,0.9114358845124687
115,143,0.9114261664990058
60,286,0.9114251939764342
77,106,0.9113925271341147
4,68,0.9113577636493408
430,441,0.9113163257022763
117,216,0.9113136344428062
429,432,0.91130934819939
250,336,0.9113054418352445
300,442,0.9112714581502067
394,425,0.9112351261972447
196,222,0.9112270050594726
41,213,0.9112159068962764
37,250,0.9112128328424646
13,146,0.9111816934493047
232,258,0.9111277447038139
137,415,0.9111265740001552
394,396,0.9111245047184631
72,135,0.9111200464075776
41,183,0.9111025550004954
67,136,0.911068571717028
118,423,0.9110509421807325
125,452,0.9110336030236712
233,445,0.9110294193269117
40,205,0.9109465298516497
12,48,0.9109208425836834
190,194,0.9109070121621272
52,343,0.9108698346961638
184,191,0.9108544079478008
290,401,0.910842839614235
91,159,0.9108392989101498
37,228,0.9108380122139916
5,402,0.9108261582472559
202,338,0.9108232260192138
142,426,0.9107986459645749
13,439,0.910798636535963
131,219,0.9107367144028058
198,239,0.9107353238156077
379,411,0.9107267995085239
174,314,0.910720033081827
115,150,0.9106989914674208
143,445,0.9106823145199229
60,151,0.9106775154004274
102,108,0.910657073591058
66,426,0.9106520139875067
70,290,0.9106323241894211
181,302,0.9105648757467217
155,331,0.9105385581757347
214,369,0.9105269767456488
103,163,0.9104997237332921
228,308,0.9104911545278512
246,264,0.9104871952307068
60,431,0.9104739009513376
296,441,0.9104234012280442
171,317,0.9104028056242375
317,420,0.9103749884392871
55,336,0.9103463330885213
154,432,0.9103454994105034
102,431,0.9103348402063415
135,320,0.9102798896530329
147,409,0.9102736347421756
198,220,0.9102556048493495
213,226,0.9102484499200106
104,149,0.9102388027717689
436,461,0.910212495660531
199,326,0.9101511396678095
173,356,0.9101455691648178
290,450,0.9101317155377512
78,194,0.9101247131976039
250,291,0.9101175526103175
93,242,0.9101012447176933
19,375,0.9100811495615804
29,237,0.9100763585082082
13,143,0.910071899868762
55,129,0.9100225345875859
213,302,0.9099519976652524
220,366,0.909917110563488
145,396,0.9099157966294147
127,149,0.9098956041365891
375,397,0.9098823205772893
143,260,0.9098794683351749
55,151,0.9098711629264538
190,243,0.9098661677595871
436,442,0.9098524946030969
61,403,0.9098328494061634
369,443,0.9098274541404335
260,441,0.9098227993346658
69,331,0.9098049636388941
108,138,0.9098002108425638
40,378,0.9097856303588618
248,389,0.9097716630131327
178,389,0.9097716630131326
2,77,0.9097710293163431
55,200,0.9097400530580744
125,263,0.9097260403804347
198,251,0.9097235652062052
409,452,0.9097218583951848
114,292,0.9097084599165743
157,432,0.9096738215211713
252,399,0.9096711370125601
259,298,0.9096696435807193
65,172,0.9096403304172249
115,290,0.9096261797186356
189,234,0.909613613452963
337,414,0.9095703077585906
187,224,0.9095692348588613
132,330,0.9095548503171967
65,300,0.9095092882130721
197,440,0.909508475809519
199,369,0.9095030774368446
119,308,0.9094826932045251
62,148,0.9094603311950363
402,434,0.9094401985758825
113,212,0.9094302463333261
135,378,0.9093722389273972
19,420,0.909364333083488
330,343,0.9093595878176338
327,418,0.909349668623315
423,435,0.9093434213059428
360,452,0.909332297924132
202,218,0.9093302277548466
125,213,0.9092704419471972
189,289,0.9092114929801504
163,306,0.9092048894379804
119,344,0.909199790477293
104,394,0.909171010530195
121,369,0.9091517082076056
330,393,0.9091483980771708
230,434,0.9091464673163913
150,296,0.9090943829754263
104,302,0.9090892800925895
69,172,0.9090738149561851
114,262,0.909071387432321
10,70,0.9090711837639314
254,354,0.9090462078189392
112,442,0.9090369919321761
2,316,0.9090325159889027
19,269,0.9090121933909626
14,411,0.9090046485082602
239,451,0.9089757312138932
415,436,0.9089747254402827
344,452,0.908964793980988
186,349,0.9089606764103482
226,262,0.9089564233489751
65,265,0.9089346162065302
80,285,0.9089226701551452
169,441,0.9088886083206148
125,211,0.9088852464499675
3,331,0.9088365114836221
155,306,0.9088204828602031
19,443,0.9088176148074432
55,110,0.908803123134726
20,313,0.9087912116593816
8,125,0.9087551992187013
131,326,0.9087507323821328
135,343,0.9087437613586872
9,298,0.9087399370377982
80,216,0.9087158549275985
271,419,0.9086567072662856
40,431,0.908649780255318
126,368,0.9086414314082336
7,406,0.908604762059792
185,200,0.9086037701471841
245,458,0.9085705267204558
230,271,0.9085621252537718
48,213,0.9085576060740084
78,224,0.9085571257339593
243,431,0.9084734119433842
31,165,0.9084705978507679
10,229,0.9084616745077281
66,71,0.9084616024917842
237,450,0.90845346315101
248,393,0.9083970961374347
434,452,0.9083687612030259
312,319,0.9083657068528865
258,429,0.9083561995362388
14,457,0.9083211972757154
216,418,0.9083007799991253
212,371,0.9082937577561021
130,265,0.908292982340343
261,450,0.9082897522826097
184,252,0.9082674395362684
143,182,0.9082651006178402
13,420,0.9082159178738842
70,98,0.9082156396145921
29,60,0.9082115271095602
6,317,0.9081988276378243
8,33,0.9081889297882639
13,344,0.908174699589287
72,344,0.9081715537761813
95,123,0.9081568193571594
358,411,0.908105942356061
113,137,0.9080281585930573
11,258,0.9080109518449373
137,183,0.9079758442966959
129,256,0.9079620039821624
104,369,0.9079510279798416
256,296,0.9079365345583911
67,427,0.9079070341297378
79,296,0.9078906606331552
174,312,0.9078718657351255
115,146,0.9078606042541248
19,414,0.907854025787212
83,378,0.907808111615279
28,446,0.9078009022726801
67,447,0.9077528199291781
13,287,0.9077489077956452
167,270,0.907708845212776
261,454,0.9077056511286454
59,66,0.9076523885259731
130,135,0.9076018865608811
106,210,0.9075954524682309
239,371,0.9075821511460966
228,323,0.9075779377870336
130,420,0.9075769395717388
122,173,0.9075600409438376
144,192,0.90754911678814
202,375,0.9075323278226823
70,234,0.9075255830431039
125,253,0.9075099927270615
195,363,0.9074677611907254
238,371,0.9074326768579868
103,155,0.9074103527249383
122,141,0.9074012808409538
129,193,0.9073625166419461
116,415,0.9073565524519431
289,459,0.9073145352401529
5,245,0.9073093649624543
59,441,0.9072860858812842
118,366,0.9072752332834634
216,312,0.9072745570653968
303,313,0.9072029721713899
20,95,0.9071938303839211
103,159,0.9071892830560606
60,443,0.9071888853678967
196,230,0.9071832084478987
234,296,0.9071079001644855
59,119,0.9071014878320109
326,435,0.9070999802854864
179,222,0.9070816404574923
25,194,0.9070790419628986
97,442,0.9070759600695599
91,209,0.9070375146836751
159,372,0.9070191921195903
97,185,0.9070050226924893
432,441,0.9069659102759915
385,393,0.9069571553980547
125,148,0.9069210154193805
40,255,0.9068528921199944
12,52,0.9068460368824325
226,452,0.9068436523559869
66,161,0.9068149447334906
29,316,0.9068047433921048
130,444,0.9067820730782836
14,397,0.906773232650478
216,285,0.9067464291400104
41,254,0.9067433938632452
119,289,0.906734011099418
155,410,0.9067233285649651
97,375,0.9067090146666925
77,401,0.9067045581793356
41,319,0.9067041220446777
130,234,0.9066639253434849
125,154,0.9066423794468402
226,318,0.9066412728058162
375,408,0.9065660269321703
62,355,0.9065608605884108
102,337,0.9065529369322786
414,422,0.90655109836972
253,372,0.9065262814641861
390,429,0.9065114796055785
163,423,0.9064834425606718
213,361,0.9064732658568734
292,425,0.9064694164596245
198,311,0.9064554566367795
318,371,0.9064551168422089
261,300,0.9064059379298144
149,290,0.9063946109424637
116,220,0.9063942184094482
211,231,0.9063936048148485
191,423,0.9063664938054983
151,261,0.9063628625307503
66,311,0.9063489383537531
211,457,0.9063103270190176
77,117,0.9062854805712571
137,260,0.9062596335934078
7,383,0.9062513123048064
394,447,0.9062441279743646
33,162,0.9062296697834527
296,451,0.9062052267693862
219,461,0.9062037583266834
60,100,0.9061980764835585
312,448,0.9061911196915582
141,226,0.9061906795670358
171,389,0.9061734919985353
263,302,0.9061707832653912
164,306,0.9061005593355598
121,434,0.9060904951459877
65,422,0.9060867397052174
320,442,0.9060473657942423
83,323,0.9060315085093948
141,289,0.906018773961782
130,161,0.9059448281920823
112,202,0.9059422328803908
211,289,0.9059367220776315
220,432,0.905928518569899
112,208,0.905922138717197
152,201,0.9059123505352704
262,426,0.905911916467964
198,296,0.9059092359483021
287,296,0.9059081279606436
66,220,0.9058956060499108
70,180,0.9058553856176546
106,462,0.9058417349048701
66,84,0.9057834137133725
65,289,0.905779916086317
10,410,0.9057534421600316
65,130,0.9057450778173385
159,354,0.9057220430929601
193,445,0.9057199602517174
222,319,0.9056910999108032
104,334,0.9056547933785218
143,431,0.9056497484469976
118,439,0.9056359117919771
11,29,0.9056321388995653
271,430,0.9056302500460617
217,418,0.9056067440748199
254,361,0.9055934124656921
67,343,0.9055655127825053
316,433,0.9055038450388259
190,425,0.9055011663700382
187,259,0.9054799126090042
433,445,0.9054769614905324
286,434,0.9054732063878335
368,410,0.9054550915868963
141,397,0.9053929995523344
83,180,0.9053815067506892
202,289,0.9053711145984912
122,148,0.9053549101456995
37,115,0.9053475071415461
298,432,0.9053455453829475
179,445,0.9053440002191444
114,156,0.9052951436757912
131,149,0.9052702889800648
238,394,0.9052516486151092
10,308,0.9052269373341431
220,419,0.9051968245672086
40,135,0.9051895630894434
37,171,0.9051714902157699
286,432,0.9051712756188782
3,70,0.9051698350451428
201,343,0.9051261145133425
89,454,0.9050989834414098
110,166,0.9050890705773463
40,429,0.9050842971731388
107,147,0.9050780053816279
146,316,0.9050102072180459
156,360,0.9049751118695757
319,389,0.9049663815278244
157,233,0.9049635149454731
248,312,0.9049501009991523
55,397,0.9049382691918941
65,127,0.9049371150969671
168,418,0.9049296324407112
149,437,0.9049065201191182
80,366,0.9048634579662183
336,449,0.9048627248042552
246,403,0.9048602247575656
100,286,0.9048219225252389
2,260,0.9047927554228988
383,438,0.9047920059402738
19,189,0.9047913471083124
65,200,0.904787419901047
167,354,0.9047863576204037
61,79,0.9047518644997306
131,454,0.9047133970407437
176,200,0.9046891904367036
6,442,0.9046889978355754
84,169,0.904682999809302
40,104,0.9046651976437526
260,422,0.9046485081752581
265,296,0.9046352927506136
389,455,0.9046340865302636
372,443,0.9046064586391419
41,434,0.9045761505846566
327,448,0.9045692253348993
163,302,0.9045295508315038
19,437,0.9045182158182493
68,318,0.9044505882237567
113,183,0.9044199983035962
190,271,0.9044155851133756
67,120,0.9044097712171825
138,378,0.9044070796221046
93,369,0.9043814577244937
140,426,0.9043768021249828
55,127,0.9043517597406716
113,336,0.9043409348849634
48,271,0.9043310280161478
187,271,0.9042447770837923
40,462,0.9041872087269436
231,368,0.9041848111428893
72,100,0.9041845962214935
79,135,0.9041838595836996
396,422,0.904176271346038
237,258,0.9041552409254031
151,366,0.9041465682516394
7,46,0.9041047746544708
201,250,0.9040792367699747
41,212,0.9040647844573411
265,457,0.9040427448155313
368,408,0.9040362081729707
418,442,0.904011688578561
369,452,0.9039475015031225
5,146,0.9039389756607142
41,169,0.9039349041995235
117,461,0.9039103601961862
180,218,0.9038782662420107
248,292,0.9038666879780196
228,343,0.9038609013607806
103,456,0.9038581821656003
144,292,0.9038541324817778
78,462,0.9038433944630827
4,240,0.9038073929531893
102,118,0.9038042181164193
139,149,0.9037358384232086
78,337,0.9037117376528703
360,437,0.9037098120219164
120,174,0.9036792898614863
29,212,0.9036735775808192
200,215,0.9036620264312424
138,263,0.9036552500926016
97,236,0.9036404067897915
13,371,0.9036393650924431
66,89,0.9036306791226387
101,431,0.9036249284592996
302,456,0.9036178472886535
189,396,0.9036096554669962
262,395,0.9036036703579271
193,228,0.9035907095047134
103,378,0.9035481684606397
169,198,0.9035027910853659
366,429,0.9034826101427228
89,91,0.9034825102639749
276,435,0.9034718153290179
278,442,0.9034549164496544
329,368,0.9034440166189667
146,232,0.9034156517593096
173,397,0.9033897067032927
223,318,0.9033801647731003
246,337,0.9033799635596448
114,186,0.9033394407961627
29,425,0.9033333084410055
72,115,0.9033300055665286
98,312,0.9033043686927954
355,438,0.9032937729066712
319,396,0.9032814163201914
55,237,0.9032704761519372
423,443,0.9032461605676576
19,44,0.9032224806363794
33,170,0.90322229833561
411,445,0.9032102015117767
250,263,0.9031729586645982
72,265,0.9031709957245856
429,440,0.9031531983905603
41,380,0.9031530894421734
195,453,0.9031277470543781
192,302,0.9030491078751478
260,427,0.9030277434849014
286,320,0.9030225870167787
2,213,0.9030219694636366
361,460,0.9030149362523582
110,236,0.9030144092643199
169,418,0.9030121239728536
85,104,0.9030116696296533
69,439,0.9030029184038142
106,451,0.9029952130631165
31,148,0.9029898882870343
358,394,0.9029240102596344
229,378,0.9029216000518748
157,203,0.9028431244351524
36,288,0.9027919903666933
190,239,0.9027752157363457
79,248,0.9027634480719329
211,327,0.9027608580227858
222,243,0.9027545896574598
80,198,0.9026948836996679
116,452,0.9026849661566029
121,222,0.9026708323091924
130,273,0.9026558547882153
159,355,0.9026334923989561
302,336,0.9026287667811194
185,420,0.9026113164375142
343,360,0.9025717330658929
102,180,0.9025261431009893
91,173,0.9025224146136988
187,202,0.9025112602945023
288,387,0.9024923342876598
254,434,0.9024855312115276
13,360,0.9024670753086868
167,233,0.9024445418693254
145,317,0.9024356443426719
108,326,0.902424164777481
89,110,0.9024228072963546
78,315,0.9024178198885956
174,319,0.9024094018772347
232,270,0.902393799371915
216,217,0.9023897387500862
195,207,0.9023867933357397
198,248,0.9023570388497392
369,380,0.9022787784184141
65,102,0.9022518820874204
103,436,0.9022433305998785
349,435,0.9022398615902448
199,408,0.9022165216818362
302,458,0.9021951752870838
149,385,0.9021806322373733
2,331,0.9021669472726422
62,366,0.9021229206161321
110,435,0.9021047962361294
141,360,0.9021041525184327
112,288,0.9020979763338428
308,358,0.9020618456385963
171,217,0.9020314070598368
120,300,0.9020228740764129
78,206,0.9020203416430231
158,285,0.9020152882264075
121,408,0.9019800341515399
401,442,0.9019585103248036
229,239,0.9019556655211651
46,170,0.9019498888095393
93,440,0.9019469592513699
170,432,0.9019257039588736
315,401,0.901902362875797
349,358,0.9019017969829436
385,458,0.9018722815624772
108,166,0.901860644917826
389,461,0.9018557593900172
5,371,0.9018444090068221
313,344,0.9017994432713852
101,199,0.9017987301880478
89,245,0.901765401164464
218,458,0.9017453509378179
296,371,0.9017362963227262
116,141,0.9017081753619909
248,300,0.9016807952857303
40,89,0.9016201390587055
69,415,0.9016101831930433
106,292,0.9016009186037888
135,317,0.9015883260473773
290,431,0.9015848754680903
199,203,0.901575909985759
103,205,0.9015722533171374
320,361,0.9015543670434789
111,219,0.9015485855220472
95,421,0.9015485105079568
222,233,0.901543931482094
308,312,0.9015258943504824
423,452,0.9015070979695283
140,372,0.9015063844269654
59,269,0.9015053822086887
127,397,0.9014994145118349
72,208,0.9014729240482341
338,459,0.9014711039587779
3,132,0.9014564751855169
196,385,0.9014552087929733
166,385,0.9014457728742026
141,389,0.9014090934611545
121,326,0.9014082360710634
211,326,0.9013867131607377
320,453,0.9013791324597655
199,300,0.9013742393152572
93,207,0.9013636691975438
152,286,0.9013519997773597
169,336,0.9013064947085784
118,385,0.9012678927116071
394,422,0.901263755772249
28,156,0.9012604677452574
287,431,0.9012545288055942
11,91,0.901253935126194
101,443,0.90125064799137
145,349,0.9012417177477456
402,441,0.901224041141654
159,409,0.9011981622842604
19,450,0.9011969853524936
44,336,0.9011953594833731
125,147,0.9011944267278605
84,296,0.9011681256090454
344,358,0.9011653066248791
103,160,0.9011297684492808
238,306,0.9010882231133529
6,222,0.9010305933786519
414,415,0.9009755031762938
199,290,0.9009412346390832
96,338,0.9009157278567098
44,216,0.9009116674900588
149,337,0.9008832685115583
40,119,0.9008816548072922
244,250,0.900876700291944
112,137,0.9008629029525116
190,250,0.9008625250086496
143,272,0.9008378563549552
115,369,0.9008259428631683
172,202,0.9007956383596416
20,368,0.9007760934299148
188,414,0.9007752707089243
79,441,0.9007692556929476
8,219,0.9007689028996968
110,379,0.9007593928915618
178,372,0.9007482779421172
150,216,0.9007468098356752
83,338,0.9007429904294253
37,427,0.9007234258310719
44,150,0.90068006701656
61,211,0.9006603812893647
36,456,0.9006585561105828
80,248,0.900610764706399
217,429,0.9005965547584761
61,72,0.9005872514388561
113,116,0.9005656546408918
229,380,0.9005517962616034
192,411,0.900548386694561
298,317,0.9005371975949711
214,361,0.9005295210962976
111,334,0.9005166343444715
258,447,0.9005057248131206
2,141,0.9004631262452454
60,447,0.9004487205398015
114,204,0.9004459605620534
150,270,0.9004385532470381
210,390,0.9004332210739451
6,433,0.9004114897699168
402,456,0.9003757909175643
108,246,0.9003741613343315
302,455,0.9003594560781047
191,258,0.9003592803287327
168,287,0.9003424860982089
189,302,0.9003104358988602
13,312,0.9002860566136685
129,260,0.9002676865942633
72,151,0.9002594676570249
120,442,0.9002515847134116
129,150,0.9002455166289077
97,290,0.9002360397045209
330,406,0.9002021726896211
336,349,0.9000815358940246
164,451,0.900066828981063
28,236,0.9000446404424974
2,37,0.9000192538906233
172,414,0.9000177367175245
168,441,0.8999888831730835
185,394,0.8999832445518411
59,129,0.8999825396748422
330,448,0.8999686051363035
361,425,0.8999511349891515
107,202,0.8999258473371523
36,167,0.8999258473371521
130,212,0.8999255852866888
229,284,0.8999121269257817
287,316,0.8998936403565084
79,286,0.8998713310756594
96,397,0.8998697324313746
219,316,0.8998496558366872
193,391,0.8998413972245665
203,259,0.8998380744532855
343,420,0.8998253849350669
257,436,0.8998216498074242
13,416,0.8998189188531419
112,337,0.8997603574434049
78,141,0.8997573850633832
19,164,0.8997559423339125
168,217,0.8997472790184372
33,159,0.8997446102602512
318,401,0.8997434040632408
250,447,0.8997291756626916
5,278,0.8997043177839306
127,311,0.8997012872428921
44,161,0.8996920776907489
95,153,0.8996613274284567
270,336,0.8996603049374214
198,257,0.8996590561321469
79,237,0.899657074879688
174,426,0.8996451543150404
91,259,0.8996176202964175
89,369,0.8996009512096966
220,411,0.8995779060835033
94,449,0.8995674014680093
19,136,0.8995562698895135
66,219,0.8995534762629669
89,172,0.8995438728329995
156,358,0.8995409364650933
97,450,0.8995159723731643
181,300,0.8995054039106108
158,432,0.8995018500896076
136,188,0.8994866493758875
172,452,0.8994774013482234
209,457,0.8994578248714512
102,452,0.899427936260434
201,284,0.899423663357976
183,300,0.8994210347589692
200,248,0.8993964760495284
60,265,0.8993830179300545
177,389,0.8993798380292956
98,110,0.8993747940921556
111,383,0.8993697885562323
206,449,0.8993597210758779
165,419,0.8993429821158193
79,222,0.8993204902137028
154,258,0.8993171223891003
110,162,0.8992945868210062
163,303,0.8992791330571653
98,116,0.8992673041772186
236,336,0.8992569601437077
55,234,0.8992558127904651
4,419,0.8992537580811057
149,239,0.89921551709549
115,258,0.8991868816968728
311,361,0.8991634415950723
139,396,0.8991521059938268
219,284,0.8991172782757543
222,315,0.8991077851012093
84,422,0.8990941278566492
29,96,0.8990937635921057
389,425,0.8990864555643107
138,272,0.8990798743730352
103,411,0.8990645957219368
247,252,0.8990580808433729
8,369,0.8990474221476872
127,290,0.8990440093213998
37,137,0.89899678612583
136,418,0.8989687245138155
206,289,0.8989259492912971
198,436,0.8989127220375245
125,271,0.8989061370183428
174,208,0.8988964320743239
391,414,0.8988657009870352
406,444,0.8988502501001179
101,197,0.8988488551699314
170,361,0.8988333751405824
231,259,0.8988330284990165
211,344,0.8988278352098275
127,436,0.898824939083976
48,119,0.898821607706553
11,344,0.8988139732748013
181,411,0.8988133268623245
210,326,0.8988101777048054
157,406,0.8987867616409231
79,235,0.8987775310276719
66,165,0.8987653445295674
3,254,0.8987566850520267
97,406,0.898751621280928
174,442,0.8987322051941139
337,420,0.8987306227860216
229,379,0.8987230992285123
192,441,0.8987143213417187
69,222,0.898682989710466
260,320,0.8986828324177178
167,306,0.8986770693424213
137,201,0.8986399616945123
113,135,0.8986380557765447
28,151,0.8986311163999142
218,284,0.8986282008089778
2,264,0.8986267512868028
406,445,0.8986084872406419
318,360,0.8985907237890547
28,239,0.8985825127043895
59,272,0.8985653793221615
149,215,0.8985614336033558
99,219,0.8985565553538769
284,327,0.8985540351995506
132,408,0.8985537552536269
55,69,0.8985480551254339
162,389,0.8985436660910524
247,288,0.8985326765325402
315,411,0.8985209916365597
193,336,0.8985200853022891
320,434,0.8984688841798009
181,406,0.8984593391423565
256,418,0.8984464536824098
272,361,0.8984165223835323
61,155,0.8984067362092102
246,251,0.89840568698776
62,173,0.8983841281724199
61,168,0.8982761551420985
61,69,0.8982625037140711
111,399,0.8982422350740982
6,308,0.898223398634161
102,139,0.8982119790627504
102,318,0.898175594806832
214,287,0.8981214300483354
162,222,0.8981090870373648
114,140,0.8980935360377138
142,204,0.8980887933006806
246,271,0.8980787354111506
234,236,0.8980392389845319
150,434,0.8980345927871762
116,378,0.8979860845869913
116,175,0.8979689876784096
233,273,0.8979600469183288
141,399,0.8979362448410677
198,434,0.8979277625740283
79,431,0.8978838528063363
95,390,0.8978689577898125
217,391,0.897855096990471
192,289,0.8978439684909799
402,448,0.8978312451653037
84,314,0.8978251287769933
79,112,0.897812810455969
426,435,0.8978025280587404
104,406,0.897786814389307
214,306,0.8977689044118964
130,326,0.8977597158570771
65,108,0.8977297315651787
65,427,0.8977252006449138
215,239,0.8976720216287002
200,250,0.8976511028499403
184,186,0.8976197673803676
59,216,0.8975799752950773
248,414,0.897555611635357
10,442,0.8975314422316988
179,237,0.8975310538021094
181,326,0.897515103657778
102,313,0.8974794095689201
168,338,0.8974651925659746
113,216,0.8974573395628342
125,375,0.8974384959900003
315,363,0.8974104320299429
186,423,0.897405879297081
114,380,0.8973767133874727
426,454,0.8973525831723028
390,428,0.8973374785825887
244,251,0.8973240604816096
37,436,0.8973214816526356
214,244,0.8973056392822222
428,432,0.8972617772070991
161,439,0.8972570546300318
173,247,0.8972157676265446
220,256,0.8972047553158994
334,452,0.8971868798844093
59,113,0.8971760921831111
344,435,0.897174453158072
59,256,0.8971421162918516
271,395,0.8971085722058613
7,416,0.8971030524721655
177,358,0.8970474751817009
191,327,0.897041247489417
62,112,0.8970290946068773
83,442,0.8970047570511581
259,394,0.8970022579287972
96,330,0.8969588218711189
2,132,0.8969537192659651
79,134,0.8969523772025122
3,102,0.8969433731604866
162,233,0.8969420018121682
67,389,0.8969392977120744
286,394,0.8969322670263435
59,393,0.8969312016334583
217,336,0.8969161189819996
98,287,0.8968672493867789
152,442,0.8968601173282847
110,185,0.8968568400846986
245,311,0.8968498284189994
375,427,0.8968401672435433
103,158,0.8968306387797261
66,140,0.8968173155762322
144,177,0.8968109498164581
396,411,0.8967817684014359
28,254,0.8967757794185364
116,411,0.8967746899830737
169,250,0.8967603292161054
40,320,0.8967386315438718
327,428,0.8967228087699495
251,287,0.8967202661349534
408,415,0.8967153331491132
217,434,0.8967151085315694
100,216,0.8967037104410986
261,434,0.8966875298380526
312,330,0.8966627469427867
253,302,0.8966567522167734
12,91,0.8966416466384939
7,440,0.8966342481431926
232,411,0.8966103436137924
187,438,0.8966055320358465
260,349,0.8965930131350289
163,402,0.8965814848868213
101,425,0.8965672969692604
161,289,0.8965556917003992
364,426,0.896540730846137
78,159,0.8965293010423607
252,449,0.8965201752577732
132,215,0.8964928319247855
108,245,0.8964489095854112
173,385,0.8964155444497318
80,229,0.8963868288409895
254,433,0.8963785221590072
399,435,0.8963637543333381
314,394,0.8963633640911682
239,418,0.8963546825031843
114,264,0.896334667343582
166,453,0.8963243947398685
212,245,0.8963239619223633
170,278,0.8962932680399535
259,347,0.8962902906000484
2,323,0.896276918558496
106,435,0.8962401628248998
308,349,0.8962243123891686
130,459,0.8962214610815147
44,429,0.8962077279349655
129,336,0.8961923059312732
288,446,0.8961897716132441
215,248,0.8961820145524125
256,343,0.8961601473512372
41,426,0.8961562215664745
173,454,0.8961100102188528
127,422,0.8960863059234482
186,312,0.8960815005529134
273,278,0.8960738725306642
156,457,0.8960679353290517
114,428,0.8960634840735195
159,433,0.8960469591648585
228,320,0.8960054409834174
230,443,0.8959846211465791
360,447,0.8959814592116657
66,433,0.8959498696306344
360,428,0.8959451782834551
10,40,0.8959337699730898
70,96,0.8959125622862155
145,174,0.895900880268434
69,83,0.8958644936299707
147,457,0.8958437879340797
3,235,0.895817655176469
243,296,0.8957971352596317
270,458,0.8957846974768008
172,212,0.8957701329973722
375,391,0.8957588455851059
218,415,0.8957521582725245
97,149,0.8957512960444401
270,443,0.8957251810300355
121,344,0.8957210563994732
103,131,0.8957171636444181
83,243,0.8956860024651
142,208,0.8956851227242261
33,224,0.8956371976547517
29,175,0.8956344368314381
60,205,0.8956252172669852
326,336,0.8956025788675328
91,194,0.8955890120826746
7,327,0.8955484195135838
8,114,0.8955244720386902
136,290,0.8955152902507415
33,182,0.8955062747831972
140,451,0.895484482967116
186,222,0.8954603326405256
135,434,0.8954559703067257
28,149,0.8954236559973617
338,403,0.8953748194486424
399,459,0.89535102072447
151,217,0.8953234171817989
85,460,0.8952978592850415
52,284,0.8952580085280863
154,390,0.8952568120269149
140,169,0.8952399964100922
80,130,0.8952385215527552
181,410,0.8952325372702734
60,263,0.8951870519054219
5,415,0.8951785697698235
190,248,0.8951775555097141
201,375,0.8951723020794793
172,214,0.895154483314445
222,257,0.8951505497655153
112,343,0.8951166021935348
40,182,0.8950748242654278
164,397,0.8950700276761612
375,383,0.8950644145397838
200,358,0.8950587845098048
287,320,0.8950506086694497
164,327,0.8950461583936161
206,270,0.8950447029065376
3,192,0.8950430251733895
184,459,0.8950406992984686
251,363,0.8950353165461402
257,402,0.8950291488318044
216,260,0.8950106893886041
63,183,0.8949991594289602
63,186,0.8949640673379866
41,458,0.8949472337691443
102,455,0.8949302673346533
261,285,0.8948964538944068
60,216,0.8948828847402108
140,200,0.8948618477063287
65,426,0.89482859162596
160,453,0.8948251288917461
254,389,0.8948201024340119
12,364,0.8948006106726503
312,349,0.8947984524586192
174,450,0.8947429573197386
102,154,0.8947306081606069
72,426,0.8947056182021409
9,424,0.8947034462864166
355,375,0.8946904701502197
11,406,0.8946485764195324
206,454,0.8946187328714816
132,143,0.8945987243801407
142,248,0.8945818490400009
270,368,0.8945478712244267
72,423,0.894519919567404
102,459,0.8944876813240589
159,233,0.894485897925081
135,200,0.8944752963845655
323,451,0.8944607995813474
3,284,0.8944212259869067
194,291,0.8944086724487487
237,240,0.8944067513226043
144,450,0.894379793275558
135,444,0.8943726468849496
143,152,0.8943720828397344
97,411,0.8943699917507025
60,212,0.8943549573225027
239,434,0.8943381516738197
84,237,0.8942977164506952
286,317,0.8942813046293417
141,369,0.8942747456270888
284,399,0.8942720725312362
237,292,0.894257830585531
149,415,0.894256836533063
169,203,0.8942542603139079
103,209,0.8942518820983318
97,216,0.8942447197441555
103,121,0.8942089888472872
145,312,0.894178177166443
185,270,0.8941633355016478
271,371,0.8941251754711769
150,250,0.894101580798513
188,320,0.8940939983980736
12,74,0.8940897012670548
138,288,0.8940825927842126
108,286,0.8940652684971806
115,454,0.8940609356267801
258,459,0.8940564604942189
28,129,0.8940322357930856
95,363,0.8940229501980328
19,157,0.8939950617605029
194,457,0.8939764175832813
44,442,0.8939600628764229
55,300,0.8939015742833573
83,186,0.8938554855650762
142,222,0.8938397326512112
165,453,0.8938272509149927
97,316,0.8938213518404664
98,423,0.8938163825425975
98,347,0.8937937472210354
371,391,0.8937433797951749
152,378,0.8937431808781897
177,291,0.8937384612864503
84,228,0.8937289429704961
65,228,0.8937232053607269
83,216,0.8937041987227424
206,361,0.8936574124413746
69,198,0.8936478204152587
94,387,0.893647460433536
125,194,0.8936459723313256
151,260,0.8936378120665139
84,256,0.8936254764854829
391,406,0.8936112894969193
150,409,0.893597586168354
312,422,0.8935772851837775
9,409,0.8935653723374584
286,372,0.8935516432100326
60,319,0.8935332057626424
151,265,0.8935303844790523
59,261,0.8935013796913382
3,180,0.8934986706668028
394,459,0.8934651564443253
37,187,0.8933905062074189
222,403,0.8933843287931194
118,172,0.8933332057387926
200,414,0.8933280230721241
191,430,0.8933011974399481
69,143,0.8932928186042086
7,49,0.8932753107576126
142,246,0.8932466086468441
189,219,0.8932418048572136
142,219,0.8932326967533937
41,285,0.8932126876712416
20,323,0.8932102930605532
44,60,0.8932091563123369
230,232,0.8932052452808648
183,436,0.8932019085669994
200,222,0.8931678288995111
193,234,0.8931606730226355
379,385,0.89315013712043
100,422,0.8931317969328489
235,248,0.8931249310064238
72,130,0.8931242736972735
13,97,0.8931124470682397
55,446,0.8930239196484139
41,368,0.8930225834223247
121,441,0.8930144541954962
94,282,0.8929953573519602
60,149,0.892977973673675
286,349,0.8929757974641539
157,423,0.8929713318049095
198,269,0.8929656714500831
102,117,0.8929475727924053
157,389,0.8929401890235504
358,379,0.8929326883898281
235,432,0.8929296237200527
150,183,0.8929074560854772
72,260,0.8928905803817432
222,349,0.892889697649214
406,437,0.8928857777065726
12,258,0.892878689342031
218,256,0.8928646784434842
270,315,0.8928614025927644
66,284,0.8928437972830237
66,461,0.8927930564955109
239,446,0.892780455065572
113,261,0.8927626759917706
233,261,0.8927427375412725
396,434,0.89273593432394
189,201,0.892734099309268
11,394,0.8927301789580758
171,233,0.8927126736427917
121,302,0.8927100259348026
371,456,0.8926899059548977
174,193,0.892687425986508
186,217,0.8926272023612271
41,193,0.8925743824443301
40,375,0.8925683568760564
11,385,0.892554844120076
420,427,0.8925481677530784
205,372,0.8925449178348812
244,271,0.8925378055043387
317,427,0.8925287037684202
285,300,0.8924931030077284
94,395,0.8924886938406859
220,289,0.8924747771506796
271,363,0.8924626086677125
116,393,0.8924550952183363
254,454,0.892442326981107
25,154,0.8924270184260169
14,247,0.8924227996604995
115,245,0.8924187760979029
218,389,0.8924165988248823
37,286,0.8924150745422766
278,447,0.8924011632708674
63,200,0.8923917614946253
61,148,0.8923656397576829
258,428,0.8923620583627729
132,457,0.8923500834094134
243,445,0.8923446203428251
78,178,0.8923393469035346
270,447,0.8923178527979955
442,454,0.892316549429798
176,439,0.892314128033511
44,441,0.8923084820185815
33,189,0.8923076972103822
66,96,0.8923042388991884
183,233,0.8922895919434115
119,270,0.8922857687646034
110,161,0.8922757486222945
150,291,0.8922696499366448
135,235,0.8922536832612761
78,167,0.8922450955666965
344,437,0.8922290132115955
399,411,0.8922177274745875
178,442,0.8921849904951143
144,181,0.8921830920945943
208,406,0.892136287395269
176,300,0.8921282057932801
37,201,0.8921066587456603
67,312,0.8920959868689328
287,427,0.8920855893036773
175,394,0.8920793425211225
100,113,0.8920563762507191
55,327,0.8919996854184791
149,296,0.8919793479121232
218,379,0.8919610728484332
247,452,0.891946143280908
406,462,0.8919383489117444
178,426,0.8919269488720188
132,436,0.8919094867430508
192,363,0.8919023920559737
94,363,0.8918788133951787
41,158,0.8918783306567063
184,194,0.8918751972128866
37,287,0.8918587896656607
66,391,0.8918517548489371
344,458,0.891850003189855
164,229,0.8918444589509961
70,243,0.891797252450169
150,445,0.8917928359206692
223,378,0.8917844322724952
175,306,0.8917748009745555
31,343,0.891767285099862
231,460,0.8917565014338853
120,183,0.8917369941464788
60,385,0.8917286834281497
193,411,0.8917104327739955
314,406,0.8916564277045053
95,402,0.8916297826708792
147,360,0.8916262628116838
393,434,0.8916184493013894
171,441,0.8916010050897595
383,441,0.8915610358766926
262,369,0.8915233296119414
196,226,0.8915109525154682
183,311,0.891502315485056
371,438,0.8914734735072801
161,285,0.8914588012442664
418,444,0.8914513946365725
19,115,0.8914348472554173
3,80,0.8914264745902508
100,308,0.8914193689367553
59,89,0.8914155883125255
61,185,0.8913976775296932
254,289,0.8913446670102161
212,446,0.891341336824827
174,432,0.8913190566547502
93,383,0.8913146886497213
167,361,0.8912851977684279
13,172,0.8912810170834221
77,187,0.8912792209322142
138,261,0.8912352692406901
119,226,0.8912306803888518
131,320,0.8912236026577911
182,245,0.8911968449460069
146,256,0.8911927224213794
41,199,0.8911757635411877
99,361,0.8911673803365586
72,290,0.8911643829454845
72,198,0.8911616632560739
111,143,0.8911572146474589
180,439,0.8911507045957342
191,226,0.8911411718951634
79,426,0.8911175304319364
59,257,0.8911065816421073
67,152,0.891089238567236
102,427,0.8910611120726527
62,167,0.8910263621851442
37,426,0.8910200945799333
144,214,0.8910124547942394
182,432,0.8909913899013763
349,439,0.8909840106983568
261,453,0.890972845032947
74,155,0.8909697001947309
361,393,0.8909278302426246
149,426,0.8909008874857275
162,366,0.8908956069670455
59,250,0.89089205043585
228,265,0.8908841769596698
8,372,0.8908765736966057
65,135,0.8908225988281787
99,330,0.8908169874268443
165,229,0.8907817485732537
78,323,0.8907753485002392
160,383,0.8907748295049573
4,408,0.890721920067003
245,441,0.8907098871509129
204,250,0.8907074997488077
69,100,0.8907059038845967
252,457,0.8906801010875279
211,291,0.8906710381144329
143,209,0.8906392470193717
284,377,0.8906302613290882
159,402,0.8906201790407746
66,431,0.8906113354101238
142,454,0.8906060280644174
63,296,0.8905735375159124
6,172,0.8905187822622443
177,270,0.8905093254350787
7,187,0.8904916402194915
154,399,0.8904695779722608
7,184,0.8904685707328278
91,162,0.8904656437349904
114,197,0.8904399169784067
98,114,0.8904399169784065
308,380,0.8904369423182323
271,449,0.8904246270667745
254,327,0.8904244136117578
6,300,0.8903951800763124
222,251,0.8903821540041283
157,287,0.8903817286537772
177,308,0.8903704441175158
61,378,0.890366523849237
115,326,0.8903573932384755
285,349,0.8903275811102954
411,414,0.8903062293728513
84,112,0.8902808856984786
218,292,0.8902798559743096
121,229,0.8902790880795066
175,420,0.8902769477129859
246,427,0.8902658201397273
314,419,0.8902657073094774
420,455,0.8902620669077506
19,438,0.8902583216216758
145,358,0.8902361951348465
119,229,0.8902209308446114
40,418,0.8901603622218162
157,245,0.8901574542639673
104,409,0.8901562671141662
12,410,0.8901466750736426
84,418,0.8900945434892157
144,311,0.8900768672087683
136,138,0.8900643799109972
20,204,0.8900512949777201
171,420,0.8900494659394413
163,276,0.8900488839524592
43,259,0.8900375462283479
300,436,0.8899910070201141
33,316,0.8899360553410842
173,344,0.889915356164051
163,390,0.8898980653654516
201,236,0.8898773311697812
314,391,0.889876441695341
170,434,0.8898362138467699
120,434,0.8898120000626801
202,234,0.8897945270224158
70,149,0.8897901817201518
107,284,0.889789072115748
195,329,0.8897840243686975
181,226,0.8897805371727388
59,79,0.8897591321513614
83,312,0.8897384081548783
143,284,0.8897114725939007
144,439,0.8896990769524737
259,449,0.8896933829603535
78,211,0.889689414531472
98,298,0.8896750862930234
286,314,0.8896671924406122
143,292,0.8896539911176465
112,447,0.8896454036082122
173,258,0.8896311193614705
136,449,0.8896214848124859
144,315,0.8895940561033218
149,397,0.8895466734761328
247,262,0.8895274032400097
270,403,0.8895254252743658
110,177,0.8895082264454549
288,390,0.8894822003816748
110,237,0.8894717313324941
142,422,0.8894343314535559
326,368,0.8894154187195432
33,211,0.8894140511689265
141,248,0.8893916848793545
162,198,0.8893888907908272
229,443,0.889356716513185
70,139,0.8893366685407652
379,451,0.8893257687452604
360,375,0.8893170957714402
161,358,0.8892873096394464
146,177,0.8892862809282904
101,118,0.8892673184383381
172,210,0.8892257071737628
384,425,0.889181598819558
144,288,0.8891745602805216
2,140,0.8891578163792436
43,399,0.8891406556086431
72,461,0.8891238924819507
114,162,0.8891229751912975
206,327,0.8891123817689823
237,396,0.8890979981227075
224,409,0.8890941689890913
229,462,0.889064015148356
101,204,0.8890554471854786
219,285,0.8890347688315878
108,248,0.8889938647434048
80,202,0.8889683511918307
145,406,0.8889557505150263
273,397,0.8889454322333988
224,230,0.8889369385551856
173,329,0.888900564743484
142,231,0.8888932012703096
91,349,0.8888777196970584
70,112,0.8888437528241173
80,184,0.888824359722477
113,338,0.8888068975505554
79,375,0.8888038956968978
83,185,0.8887960965664288
48,173,0.8887946060890914
145,234,0.8887623405745521
202,415,0.8887573877149942
312,336,0.8887416269268934
34,93,0.8887068973726205
58,94,0.8886865525783176
255,434,0.8886675205703767
215,292,0.8886630959777193
100,138,0.8885754712858326
198,442,0.8885690586295178
187,248,0.8885642254420173
155,383,0.8885353404019543
106,236,0.8885232781695023
160,298,0.8884763798015107
37,265,0.8884574038457519
143,378,0.8884218598445401
4,395,0.8884201804832471
5,59,0.8884201804832471
6,136,0.8884143698187228
108,372,0.8883636722285472
4,34,0.8883277623445753
46,165,0.8883067713220135
208,229,0.8883014684672039
129,248,0.8882971953504419
148,184,0.8882799902408908
19,286,0.8882716116850133
222,235,0.8882599450575664
314,442,0.8882598098174651
230,452,0.8882576384318843
120,426,0.8881587230397017
289,428,0.8881403364971009
184,273,0.8881350940057463
129,287,0.8881315514736416
178,270,0.8881163007334641
112,264,0.8881043653819874
149,263,0.8880991816735487
361,452,0.8880624909343691
178,454,0.8880582625343534
67,84,0.8880361657605496
222,323,0.887965967155131
306,462,0.887960404530935
410,460,0.8879575384127691
254,408,0.8879439688303833
319,439,0.8879292823211248
239,360,0.8878667091583834
233,243,0.887865391517746
223,393,0.8878560603191787
122,378,0.8878268685139431
93,329,0.8877966340923104
84,179,0.8877493623168884
28,77,0.8877432006698237
178,223,0.8877311729989522
189,426,0.8877194216847619
356,458,0.8877183337792753
122,160,0.8877137039418889
272,306,0.8877108927885125
219,288,0.8877092055102537
118,397,0.8876721908479647
180,201,0.8876606232672601
8,85,0.8875671406822404
95,369,0.8875565915010818
113,450,0.8875561888627391
7,33,0.8875499876027174
251,358,0.8875288998928659
177,219,0.8875228286027385
67,218,0.8874822572340059
69,414,0.8874456068666668
70,428,0.8874431875726726
429,453,0.8874061057579525
331,460,0.8873889242073434
201,203,0.887388270214076
186,219,0.8873614558240095
286,441,0.8873482576249615
113,151,0.8873258049108192
100,234,0.887313169485859
269,409,0.8872983711933902
144,418,0.8872971289000714
234,456,0.8872834103901134
161,234,0.8872360857497015
116,210,0.8872295635950069
136,445,0.8872272347993403
166,312,0.8871390407865561
284,457,0.8871368098687645
156,397,0.8871104335918512
98,330,0.8870846916790343
180,434,0.8870837897340167
111,226,0.8870507042458952
229,261,0.8870478580532484
308,323,0.8870421455778819
232,406,0.887029625362673
67,185,0.8870210054333136
223,437,0.8869797785952183
84,284,0.8869704712129364
113,296,0.8869641921347678
213,354,0.8869634305129509
130,149,0.8869631324137017
112,150,0.8869382306012197
271,308,0.8869287635932432
13,446,0.8869195514443463
327,462,0.8868978960388967
9,421,0.8868822105181279
226,236,0.886848961675103
117,431,0.8868390701653314
160,247,0.8868177536677804
114,199,0.8868070907095652
122,456,0.8867905771889775
96,203,0.8867858756111454
8,62,0.8867386985101285
173,233,0.886718999471991
139,193,0.8866921159200131
72,150,0.8866903638755216
260,270,0.8866725667595059
256,432,0.8866718016327668
285,396,0.8866662145216984
136,411,0.8866645623791127
152,250,0.8865929487523445
60,415,0.8865494833915025
389,459,0.8865043610701603
103,178,0.8864601154907504
80,104,0.8864368583470063
256,338,0.8864253932135739
115,406,0.8864211299345346
290,439,0.8864144424689997
79,418,0.8863895092168379
204,327,0.8863847211899457
100,287,0.886320398230807
78,368,0.8862853326503389
106,202,0.8862741550303141
36,160,0.8862514382159448
253,408,0.886234130179216
146,380,0.8862244072418632
158,389,0.8862184248022403
80,320,0.8862099761880198
262,411,0.886181634827111
154,449,0.8861758927721801
84,152,0.8861703592079575
40,185,0.886168538717758
256,439,0.8861651684915148
233,262,0.8861497053153239
123,160,0.8861284858670826
427,432,0.8860990568406331
7,421,0.8860815584377463
224,372,0.8860792244614513
25,173,0.8860246671784138
157,411,0.8859989760964774
33,206,0.8859795843762898
12,457,0.8859539849001993
187,285,0.885939680842019
70,239,0.8859323116999969
127,180,0.8859280274982043
130,435,0.8859260286917874
29,119,0.8858821318449199
87,170,0.8858655993831879
401,447,0.8858435222889304
149,360,0.8858419691687123
164,360,0.8858322506687848
80,234,0.8858172623082824
219,224,0.8858029164176454
170,245,0.8857711794468
214,331,0.8857338461267358
80,441,0.8856977269104865
103,296,0.8856688902354689
84,397,0.885654111140915
7,20,0.8856401931801685
60,234,0.8855671919370224
256,450,0.8855597189715696
107,206,0.8855570446729922
141,187,0.8855485410877992
234,300,0.8855138897127792
285,338,0.8855138092019024
6,184,0.885507202481408
177,338,0.8854938940876367
279,313,0.8854870573925686
203,211,0.8854785466887325
87,93,0.8854714214188797
252,363,0.8854646348883249
136,414,0.8854451782784762
406,418,0.8854340460804857
349,414,0.885420659005101
101,134,0.8854113327307142
63,216,0.8854047353049045
319,436,0.8853997071069913
137,198,0.8853881292526858
146,157,0.885385066027156
151,360,0.8853760855018968
289,445,0.8853511287819052
5,314,0.8853444682725428
188,265,0.8853373480435228
146,253,0.8853277942217782
67,314,0.8852891948111554
300,411,0.8852574513280094
146,461,0.8852441729839758
210,233,0.8852396865940051
117,213,0.8852226140296814
62,111,0.8852221093286662
25,251,0.8852034504955077
366,403,0.8851995048548134
5,144,0.885197423695984
181,355,0.8851741628343879
143,183,0.885163997857003
246,300,0.8851319917754384
137,401,0.8851220966734842
235,379,0.8851088200375992
66,434,0.885094554323152
215,269,0.8850717318881767
83,236,0.8850692770689748
127,135,0.8850381021555275
230,459,0.8850317713765286
169,396,0.8850194590108095
149,375,0.8850091911288737
326,431,0.8850023514289275
106,166,0.8849709682112357
78,272,0.884963298344143
137,436,0.8849545736629355
115,308,0.8849165006122841
250,414,0.8848838409714619
181,223,0.8848373234465475
70,403,0.8848272612346592
129,436,0.884824823271568
230,427,0.884823810675445
65,180,0.884811942441901
113,361,0.8847861068230636
155,231,0.8847537373961767
154,408,0.8847460340543929
65,379,0.8847425456715419
104,247,0.8847415145976423
253,436,0.8847396813600434
181,330,0.8847333453895665
389,437,0.8847229932810874
176,198,0.8847084770826112
60,439,0.8847069427661371
103,206,0.8846606911531417
29,318,0.8846326301486371
146,261,0.8846245158535548
311,366,0.8846055962306622
140,439,0.8845985934008718
300,336,0.8845937534505433
372,442,0.8845439625782493
189,372,0.8845194903356964
25,443,0.8845167311664984
115,372,0.8844826655737386
65,187,0.8844719261834484
117,134,0.8844696197350748
112,406,0.884466935846507
174,222,0.8844370387415157
229,336,0.8844337361229565
244,375,0.8844067694434319
210,360,0.884387899119187
79,349,0.8843724903735939
193,461,0.8843577111691635
131,187,0.884328921614795
46,160,0.8843189215779058
14,198,0.884318840829232
157,453,0.8843153498124412
55,230,0.8843132125987794
99,245,0.8842920478634101
101,140,0.884276232214693
91,157,0.8842668444073658
60,171,0.8842426029464765
191,397,0.884241445008025
60,202,0.8842342122225068
436,453,0.8842292241814163
163,430,0.8842011237436476
257,442,0.8841372874569827
184,212,0.8841187257583765
159,454,0.884112291678025
172,272,0.8840724738215342
61,139,0.8840639402723295
37,135,0.884025948828363
167,219,0.8840122238711724
8,364,0.883999865367536
46,313,0.8839929463171843
252,353,0.8839711859974131
349,379,0.8839690307913759
183,263,0.8839529861224215
66,190,0.8839339346325286
83,100,0.8839310870722982
175,344,0.8839267800199251
179,435,0.8839076635837161
130,137,0.8838991047262715
20,438,0.8838714837241973
59,403,0.8838704712707172
66,158,0.8838342739705891
163,457,0.8838289811372783
201,442,0.883801641864212
44,228,0.883801362247839
140,233,0.883748776109838
96,457,0.8837306161157544
144,272,0.88367846998694
168,302,0.8836771006921864
202,233,0.8836470482421815
150,446,0.8836307889118876
28,300,0.8835954706961263
143,317,0.8835850967784667
200,311,0.8835343106102206
107,131,0.8835337294590573
61,318,0.8834867268620211
234,391,0.8834789819123763
300,462,0.883476272255265
364,456,0.8834755948819903
119,401,0.8834737772191401
171,300,0.8834726448337229
37,208,0.8834633680887711
229,291,0.8834526278483946
287,379,0.8834471468553267
183,422,0.8834442188221545
6,418,0.8834321011224375
33,315,0.8834287183106654
97,162,0.8834073070789333
63,114,0.883393188498508
141,363,0.8833844976382328
263,290,0.8833839892079122
97,215,0.8833560454904215
143,428,0.8833534968732275
371,397,0.883348025682234
97,101,0.8833464685830968
164,188,0.8833423726772572
369,441,0.8833305856482744
110,285,0.883306903153759
62,262,0.8832325338454986
208,290,0.8832257230987745
180,263,0.8831960157763982
14,436,0.8831893710595095
120,415,0.8831850724891547
206,360,0.8831827603292286
100,217,0.8831657953559793
183,218,0.8831657243679342
19,220,0.8831491093263293
195,409,0.8831344937011512
40,261,0.8831134730593961
334,375,0.8831116319343524
148,361,0.8830921531889371
91,168,0.8830658412774783
184,460,0.8830317713637785
146,271,0.8830132015174341
127,248,0.8829995358116246
102,106,0.8829993822928464
176,396,0.882949821093406
11,68,0.8829395954477036
411,431,0.8829394904977458
361,455,0.8829309388626893
408,428,0.8829123415874882
290,435,0.8828927639673969
5,117,0.8828597725911203
94,312,0.8828560636920489
180,442,0.8828481835697817
155,433,0.8828473499296351
41,132,0.8828382275110903
91,197,0.8828376012517561
403,436,0.8828356581432365
205,330,0.8828234648857142
435,451,0.8828212705014651
185,396,0.8827990081993101
432,456,0.882784215565376
62,202,0.8827815556482191
59,140,0.8827634331582929
206,408,0.8827508787241196
29,194,0.8827126923853623
72,289,0.8826995029803228
83,96,0.8826866144927668
213,278,0.8826852827304016
147,231,0.8826613543239937
247,271,0.8826077674748372
96,372,0.8825925808365004
193,296,0.8825904828724492
83,269,0.882577600337728
165,432,0.88257166136936
61,175,0.8825556657837069
148,355,0.8825124207337017
165,451,0.8824595782846091
214,355,0.8824525866120836
140,423,0.8824315402521148
378,433,0.8824191482599366
61,157,0.882404193611669
177,198,0.8823974793704054
198,450,0.8823840385362157
114,185,0.8823715541271164
44,131,0.8823406145039663
315,383,0.8823383093557823
59,260,0.8823342077927329
40,230,0.882328914080475
8,409,0.882277579723941
104,229,0.8822764917046723
406,442,0.8822709389841011
44,218,0.8822095931095084
291,312,0.8822063201858281
318,334,0.8821946145296288
120,181,0.8821711792923953
399,437,0.8821632745778859
62,159,0.8821425507902462
380,419,0.8821181546299344
163,340,0.8820785281404517
103,234,0.8820688628417377
85,206,0.8820661357049218
183,338,0.8820653091771307
139,389,0.8820551181776565
7,226,0.882010250381282
72,229,0.882001590272407
315,389,0.8819752420458152
246,256,0.881967685217188
186,446,0.8819429926336739
193,312,0.8819397292064124
66,256,0.8819227291531988
248,308,0.8819138863623981
148,354,0.8819114235125045
59,63,0.8819019569724664
9,363,0.881893348630957
238,408,0.8818582848726869
106,191,0.8818376396962971
19,228,0.88183463429381
191,230,0.881801249095242
132,308,0.8817989712274753
103,135,0.8817676583920696
172,206,0.8817492419936773
150,441,0.8816898800952446
330,456,0.8816825345924998
129,250,0.8816533492048041
67,200,0.8816391098302672
67,83,0.8816359428964569
67,180,0.88161542061612
99,434,0.8815524575620645
215,236,0.8815491680003409
122,236,0.881522424179387
14,361,0.8815012303856453
337,373,0.8814938220003513
116,375,0.8814849610424373
103,174,0.881484391082237
144,176,0.8814599757638522
130,308,0.8814586905168893
104,245,0.8814545747138207
204,406,0.8814201940977471
222,227,0.881397580589466
61,183,0.8813954120461521
80,193,0.8813620441330435
8,245,0.8813594982971593
100,312,0.8813594982971593
126,160,0.8813540832080196
194,356,0.8813350183682687
319,401,0.8813314432222042
102,143,0.8813147337145667
410,461,0.881308396809214
74,253,0.8812784513183151
100,441,0.881250408310787
200,349,0.8812356305074899
91,199,0.881197670862691
152,200,0.8811899401161895
425,454,0.8811559475246866
119,233,0.8811353042072824
165,426,0.8811086685543166
152,441,0.8810930732001933
201,349,0.8810133639732032
110,447,0.8810036635804777
151,222,0.880980135118727
66,320,0.88090217876097
254,278,0.8808983988057068
158,217,0.8808898054828727
149,401,0.8808886393270943
114,272,0.8808333257691683
255,401,0.8808148122429462
183,270,0.8807866609882119
19,99,0.8807777818969782
201,330,0.8807689806853033
229,320,0.8807446744231192
31,209,0.8807415575340442
261,418,0.8807328973769079
255,451,0.8807116225591269
139,287,0.880706433118136
234,326,0.8806757290734044
206,340,0.8806342409845037
166,198,0.8806185410235073
250,296,0.8806072315920911
334,337,0.8806069472951839
323,360,0.8805890617990109
110,164,0.8805743321394004
107,460,0.8805654500962529
111,457,0.8805533963352521
317,450,0.8805472653919044
154,453,0.8805445682656264
5,453,0.8805425036562063
140,300,0.8805370004933979
79,217,0.8805310124830485
110,257,0.8805053193640576
167,409,0.8804989021790196
151,228,0.880476031338477
252,369,0.8804757080603375
60,112,0.8804580573986869
423,437,0.8804545286834763
41,170,0.8804434242530343
369,448,0.8804308150264594
4,372,0.880424344959478
289,442,0.8804052427029975
327,343,0.8803975446321286
129,146,0.8803861023655458
216,422,0.880374652866489
454,457,0.8803445633073392
19,208,0.8803381407209793
140,190,0.8803288017583212
70,176,0.8803186146615776
70,214,0.8802911468801842
116,181,0.8802733284395607
245,259,0.8802456971536655
252,344,0.8801991394045565
66,243,0.880197748286311
316,369,0.880156204623288
204,286,0.8801209090275397
158,434,0.8801102249036854
62,170,0.880077115515133
265,431,0.8800539370918012
209,399,0.8800486892403021
167,298,0.8800381319545743
125,368,0.8800213403039782
188,296,0.8800204127384788
134,300,0.8800043816813315
3,449,0.8799815284524847
63,349,0.879936806632995
414,434,0.8799065045139975
65,414,0.8798999239116333
271,453,0.8798822076328652
97,285,0.8798573850614276
28,285,0.8798369256711583
33,167,0.879832390865221
196,344,0.8797963865997719
102,177,0.8797961591466947
120,425,0.879790751808369
28,394,0.8797483877217445
14,101,0.8797451814959258
202,355,0.8797422227869619
257,306,0.8797169037616777
238,276,0.8797077252460109
178,406,0.8796904073142192
97,286,0.8796816753060966
36,220,0.8796535162367773
130,264,0.879622770403251
129,135,0.8795842601673416
239,289,0.8795660153343134
199,360,0.8795519286833229
107,181,0.8795254306144494
140,278,0.8795112234238417
291,462,0.8794882906238762
37,114,0.879450262512676
247,358,0.8794418320937658
110,138,0.8793431864701546
111,394,0.8793095377705656
236,372,0.8793060630828984
194,347,0.8792723353187012
288,439,0.8792716102207007
117,120,0.8792614610538486
114,252,0.879225639077806
157,371,0.8792219110850135
233,442,0.8791536355187324
158,418,0.8791398185619103
144,323,0.8791354689936778
229,290,0.8791312875430238
