pos,A,C,D,E,F,G,H,I,K,L,M,N,P,Q,R,S,T,V,W,Y
1,-1.0874628412503395,-2.0874628412503395,-2.0874628412503395,-2.0874628412503395,-2.0874628412503395,-2.0874628412503395,-2.0874628412503395,-2.0874628412503395,-2.0874628412503395,-2.0874628412503395,3.9349049717781153,-2.0874628412503395,-2.0874628412503395,-2.0874628412503395,-2.0874628412503395,-2.0874628412503395,-2.0874628412503395,-2.0874628412503395,-2.0874628412503395,-2.0874628412503395
2,1.4013625623817672,-1.405992359675837,2.9159357352115256,-1.405992359675837,-1.405992359675837,0.5940076403241631,-1.405992359675837,-1.405992359675837,-0.40599235967583697,-1.405992359675837,-1.405992359675837,-0.40599235967583697,-1.405992359675837,-0.40599235967583697,-1.405992359675837,-1.405992359675837,-1.405992359675837,-0.40599235967583697,-0.40599235967583697,-1.405992359675837
3,0.29218075149331013,-1.2927817492278462,-1.2927817492278462,-1.2927817492278462,-1.2927817492278462,-1.2927817492278462,-1.2927817492278462,-0.29278174922784606,-1.2927817492278462,-1.2927817492278462,-1.2927817492278462,-0.29278174922784606,-0.29278174922784606,-1.2927817492278462,0.29218075149331013,2.9551457642157395,0.29218075149331013,0.29218075149331013,-1.2927817492278462,-1.2927817492278462
4,0.6214883767462703,-1.3785116232537298,-0.3785116232537298,0.20645087746742624,-0.3785116232537298,1.2064508774674263,-1.3785116232537298,-1.3785116232537298,0.20645087746742624,-1.3785116232537298,-0.3785116232537298,0.6214883767462703,-1.3785116232537298,0.20645087746742624,-1.3785116232537298,0.20645087746742624,0.9434164716336326,1.4288432988038742,-1.3785116232537298,-1.3785116232537298
5,1.4288432988038742,-0.3785116232537298,0.20645087746742624,-0.3785116232537298,0.20645087746742624,-1.3785116232537298,-0.3785116232537298,-1.3785116232537298,-1.3785116232537298,-0.3785116232537298,-0.3785116232537298,0.6214883767462703,0.9434164716336326,-1.3785116232537298,-1.3785116232537298,0.6214883767462703,1.2064508774674263,-1.3785116232537298,-1.3785116232537298,0.20645087746742624
6,0.12553088208385882,-0.4594316186372975,-0.4594316186372975,1.1255308820838588,-1.4594316186372975,-1.4594316186372975,-1.4594316186372975,-1.4594316186372975,0.5405683813627026,1.3479233034203066,-1.4594316186372975,0.8624964762500651,0.12553088208385882,-1.4594316186372975,-0.4594316186372975,1.710493382805015,-1.4594316186372975,0.12553088208385882,-1.4594316186372975,-1.4594316186372975
7,-0.6780719051126377,-1.6780719051126378,-0.09310940439148148,1.6438561897747248,-0.6780719051126377,-0.09310940439148148,-1.6780719051126378,-1.6780719051126378,-1.6780719051126378,-0.09310940439148148,-0.6780719051126377,1.6438561897747248,-0.09310940439148148,-0.09310940439148148,-0.09310940439148148,1.6438561897747248,-0.6780719051126377,-1.6780719051126378,-0.6780719051126377,-1.6780719051126378
8,-0.7441610955704102,-0.7441610955704102,-0.15919859484925403,0.5777669993169522,-1.7441610955704103,-0.15919859484925403,-1.7441610955704103,0.2558389044295898,1.0631938264871938,-1.7441610955704103,0.5777669993169522,0.2558389044295898,-0.7441610955704102,-0.7441610955704102,-0.7441610955704102,2.4257639058719023,-1.7441610955704103,-0.7441610955704102,-1.7441610955704103,-1.7441610955704103
9,-0.7004397181410922,-1.7004397181410922,0.8845227825800641,-0.1154772174199359,-1.7004397181410922,-0.7004397181410922,-0.7004397181410922,-0.7004397181410922,2.3870231231092474,-0.7004397181410922,-0.1154772174199359,0.6214883767462703,0.29956028185890793,-1.7004397181410922,-0.1154772174199359,-0.1154772174199359,-0.7004397181410922,-0.1154772174199359,-1.7004397181410922,-0.7004397181410922
10,1.1721809753826804,-1.8278190246173196,0.9795358974402842,0.7571434761038365,-1.8278190246173196,-0.24285652389616358,-0.8278190246173197,-0.24285652389616358,1.6316125940199773,1.1721809753826804,-1.8278190246173196,-0.8278190246173197,0.4941090702700426,-0.24285652389616358,-1.8278190246173196,0.17218097538268035,-0.8278190246173197,-1.8278190246173196,-1.8278190246173196,-1.8278190246173196
11,1.1124747292584127,-0.8875252707415874,0.6974372299795688,0.6974372299795688,-0.3025627700204312,0.11247472925841266,1.434402824145775,-1.8875252707415875,0.4344028241457749,-1.8875252707415875,-1.8875252707415875,1.2823997307007249,0.11247472925841266,-0.8875252707415874,0.4344028241457749,-0.8875252707415874,-1.8875252707415875,-0.8875252707415874,-1.8875252707415875,-1.8875252707415875
12,0.3770696490798231,-0.9448584458075392,1.377069649079823,1.055141554192461,-1.9448584458075393,0.3770696490798231,0.6401040549136171,1.055141554192461,-0.359895945086383,-0.9448584458075392,-1.9448584458075393,0.3770696490798231,-0.9448584458075392,-0.359895945086383,-0.359895945086383,0.3770696490798231,-0.359895945086383,-0.359895945086383,-1.9448584458075393,-1.9448584458075393
13,2.018147346710259,-1.981852653289741,0.018147346710259204,0.018147346710259204,-1.981852653289741,0.3400754415976219,-1.981852653289741,-0.3968901525685845,2.018147346710259,-1.981852653289741,-1.981852653289741,-0.9818526532897408,0.018147346710259204,0.3400754415976219,0.018147346710259204,-0.3968901525685845,0.3400754415976219,-1.981852653289741,-1.981852653289741,-1.981852653289741
14,-1.8479969065549504,-1.8479969065549504,-1.8479969065549504,0.15200309344504975,-1.8479969065549504,1.3219280948873624,-1.8479969065549504,-0.26303440583379395,2.239465934695389,-0.8479969065549503,-1.8479969065549504,-0.26303440583379395,1.6114347120823473,0.4739311883324123,-1.8479969065549504,-0.8479969065549503,-0.8479969065549503,0.15200309344504975,-1.8479969065549504,-0.8479969065549503
15,-2.0874628412503395,-2.0874628412503395,-2.0874628412503395,-2.0874628412503395,-2.0874628412503395,-2.0874628412503395,-2.0874628412503395,-0.5025003405291834,-2.0874628412503395,3.160464672193246,2.5563933485243853,-2.0874628412503395,-1.0874628412503395,-2.0874628412503395,-2.0874628412503395,-1.0874628412503395,-2.0874628412503395,-2.0874628412503395,-2.0874628412503395,-2.0874628412503395
16,-1.7655347463629774,-1.7655347463629774,-1.7655347463629774,-0.7655347463629774,-1.7655347463629774,-1.7655347463629774,3.6938968722743204,-1.7655347463629774,-1.7655347463629774,-1.7655347463629774,-1.7655347463629774,-1.7655347463629774,-0.7655347463629774,-0.7655347463629774,-0.7655347463629774,-1.7655347463629774,-1.7655347463629774,-0.7655347463629774,-1.7655347463629774,-1.7655347463629774
17,-1.8073549220576042,-1.8073549220576042,-1.8073549220576042,-1.8073549220576042,-1.8073549220576042,-1.8073549220576042,-1.8073549220576042,2.584962500721156,-1.8073549220576042,0.514573172829758,-1.8073549220576042,-0.8073549220576043,-1.8073549220576042,-1.8073549220576042,-1.8073549220576042,-0.8073549220576043,-1.8073549220576042,2.8365012677171206,-1.8073549220576042,-1.8073549220576042
18,2.180572245641821,-1.9068905956085187,-1.9068905956085187,-1.9068905956085187,-0.9068905956085187,-1.9068905956085187,-1.9068905956085187,-1.9068905956085187,-0.9068905956085187,-0.3219280948873625,-0.9068905956085187,-1.9068905956085187,-1.9068905956085187,-1.9068905956085187,-1.9068905956085187,-1.9068905956085187,-1.9068905956085187,3.2223924213364477,-1.9068905956085187,-1.9068905956085187
19,-1.8073549220576042,-1.8073549220576042,-1.8073549220576042,-1.8073549220576042,-0.22239242133644802,-1.8073549220576042,-1.8073549220576042,1.1926450779423958,-1.8073549220576042,0.19264507794239583,2.9475325801058645,-1.8073549220576042,-0.22239242133644802,-0.8073549220576043,-1.8073549220576042,-1.8073549220576042,-0.22239242133644802,1.1926450779423958,-1.8073549220576042,-1.8073549220576042
20,-1.981852653289741,-0.3968901525685845,-1.981852653289741,-0.9818526532897408,3.227600712339209,-1.981852653289741,-1.981852653289741,-1.981852653289741,-1.981852653289741,1.6031098474314156,-0.9818526532897408,-1.981852653289741,-1.981852653289741,-1.981852653289741,-0.9818526532897408,-0.9818526532897408,-0.9818526532897408,0.6031098474314155,-1.981852653289741,-1.981852653289741
21,-2.0,-2.0,-2.0,-2.0,-1.0,-2.0,-2.0,-2.0,-2.0,-2.0,-2.0,-1.0,3.8328900141647417,-2.0,-2.0,-1.0,-2.0,-1.0,-2.0,-2.0
22,-2.0179219079972626,-2.0179219079972626,-2.0179219079972626,-2.0179219079972626,-0.4329594072761063,-2.0179219079972626,-2.0179219079972626,-2.0179219079972626,-1.0179219079972626,-1.0179219079972626,-1.0179219079972626,-2.0179219079972626,-2.0179219079972626,-1.0179219079972626,-2.0179219079972626,-2.0179219079972626,-2.0179219079972626,-2.0179219079972626,3.7634378055273974,-1.0179219079972626
23,-2.070389327891398,-2.070389327891398,-2.070389327891398,-1.070389327891398,-2.070389327891398,-2.070389327891398,-2.070389327891398,-2.070389327891398,-2.070389327891398,3.860348009671488,-2.070389327891398,-2.070389327891398,-2.070389327891398,-2.070389327891398,-1.070389327891398,-1.070389327891398,-2.070389327891398,-1.070389327891398,-2.070389327891398,-2.070389327891398
24,3.802553935793783,-2.1043366598147357,-2.1043366598147357,-1.1043366598147357,-2.1043366598147357,-2.1043366598147357,-2.1043366598147357,-1.1043366598147357,-0.10433665981473561,-2.1043366598147357,-2.1043366598147357,-2.1043366598147357,-2.1043366598147357,-2.1043366598147357,-1.1043366598147357,-2.1043366598147357,-1.1043366598147357,-2.1043366598147357,-2.1043366598147357,-2.1043366598147357
25,-2.0874628412503395,-2.0874628412503395,-2.0874628412503395,-2.0874628412503395,3.1979393776119087,-2.0874628412503395,-2.0874628412503395,-0.5025003405291834,-0.5025003405291834,-1.0874628412503395,1.9125371587496607,-2.0874628412503395,-1.0874628412503395,-2.0874628412503395,-2.0874628412503395,-0.08746284125033943,-2.0874628412503395,-0.5025003405291834,-2.0874628412503395,-1.0874628412503395
26,-2.070389327891398,-2.070389327891398,-2.070389327891398,-0.07038932789139801,-2.070389327891398,3.860348009671488,-2.070389327891398,-2.070389327891398,-2.070389327891398,-2.070389327891398,-2.070389327891398,-2.070389327891398,-2.070389327891398,-2.070389327891398,-2.070389327891398,-2.070389327891398,-2.070389327891398,-2.070389327891398,-2.070389327891398,-1.070389327891398
27,-2.0531113364595623,-2.0531113364595623,-1.0531113364595623,-2.0531113364595623,-2.0531113364595623,-2.0531113364595623,3.877626001103324,-2.0531113364595623,-0.4681488357384065,-2.0531113364595623,-2.0531113364595623,-2.0531113364595623,-2.0531113364595623,-2.0531113364595623,-2.0531113364595623,-2.0531113364595623,-2.0531113364595623,-2.0531113364595623,-2.0531113364595623,-2.0531113364595623
28,-1.0356239097307214,-2.035623909730721,-2.035623909730721,-2.035623909730721,0.28630418515664097,-2.035623909730721,-2.035623909730721,2.051838931519618,-1.0356239097307214,1.7717310123268828,2.423807708906576,-2.035623909730721,-2.035623909730721,-1.0356239097307214,-2.035623909730721,-1.0356239097307214,-2.035623909730721,-0.035623909730721375,-1.0356239097307214,-2.035623909730721
29,-0.48542682717024194,-2.070389327891398,-2.070389327891398,-1.070389327891398,-2.070389327891398,-2.070389327891398,-2.070389327891398,2.630050390249694,-2.070389327891398,2.453172628165615,-1.070389327891398,-0.07038932789139801,-2.070389327891398,-0.48542682717024194,-2.070389327891398,-2.070389327891398,-2.070389327891398,-0.48542682717024194,-2.070389327891398,0.7369655941662061
30,-2.070389327891398,-2.070389327891398,-2.070389327891398,-2.070389327891398,-2.070389327891398,-2.070389327891398,-2.070389327891398,-2.070389327891398,-2.070389327891398,-2.070389327891398,-2.070389327891398,-2.070389327891398,3.9519784851370563,-2.070389327891398,-2.070389327891398,-2.070389327891398,-2.070389327891398,-2.070389327891398,-2.070389327891398,-2.070389327891398
31,-2.0,0.0,-2.0,-2.0,2.8073549220576037,-2.0,-1.0,-2.0,-1.0,-1.0,-1.0,-1.0,-2.0,-2.0,-2.0,-1.0,-2.0,-2.0,-2.0,2.643856189774725
32,-2.035623909730721,-2.035623909730721,-2.035623909730721,-1.0356239097307214,2.134301091711591,-2.035623909730721,-2.035623909730721,-1.0356239097307214,-2.035623909730721,3.356693513048039,-2.035623909730721,-2.035623909730721,-2.035623909730721,-2.035623909730721,-2.035623909730721,-2.035623909730721,-2.035623909730721,-1.0356239097307214,-2.035623909730721,-1.0356239097307214
33,-2.0531113364595623,-2.0531113364595623,0.5318511642615936,3.076171680485404,-1.0531113364595623,-2.0531113364595623,0.5318511642615936,-2.0531113364595623,-1.0531113364595623,-2.0531113364595623,-2.0531113364595623,-2.0531113364595623,-2.0531113364595623,1.406320282177735,0.5318511642615936,-2.0531113364595623,-1.0531113364595623,-2.0531113364595623,-2.0531113364595623,-1.0531113364595623
34,-1.0179219079972626,-2.0179219079972626,-2.0179219079972626,-2.0179219079972626,-1.0179219079972626,-2.0179219079972626,-2.0179219079972626,-1.0179219079972626,-2.0179219079972626,3.654503433974233,-2.0179219079972626,-1.0179219079972626,-1.0179219079972626,-2.0179219079972626,-2.0179219079972626,-2.0179219079972626,-2.0179219079972626,0.7894330140603417,-2.0179219079972626,-2.0179219079972626
35,2.6825178101438296,-0.4329594072761063,-1.0179219079972626,-1.0179219079972626,-2.0179219079972626,-2.0179219079972626,-2.0179219079972626,-2.0179219079972626,-2.0179219079972626,-2.0179219079972626,-2.0179219079972626,-2.0179219079972626,-1.0179219079972626,-2.0179219079972626,-1.0179219079972626,2.936274402389613,-2.0179219079972626,-2.0179219079972626,-2.0179219079972626,-2.0179219079972626
36,-2.137503523749935,-2.137503523749935,-1.137503523749935,-0.13750352374993496,-2.137503523749935,-2.137503523749935,-2.137503523749935,-0.13750352374993496,3.386058432307078,-2.137503523749935,-1.137503523749935,0.6698513983076692,-2.137503523749935,1.0324214776923775,-2.137503523749935,-2.137503523749935,-2.137503523749935,-1.137503523749935,-2.137503523749935,-2.137503523749935
37,1.0655883416275769,-1.1043366598147357,-2.1043366598147357,-2.1043366598147357,-1.1043366598147357,-2.1043366598147357,0.4806258409064204,1.4806258409064204,-0.10433665981473561,2.4806258409064204,-2.1043366598147357,-2.1043366598147357,-1.1043366598147357,-2.1043366598147357,1.4806258409064204,-1.1043366598147357,-2.1043366598147357,-2.1043366598147357,-1.1043366598147357,-2.1043366598147357
38,-2.1538053360790355,-2.1538053360790355,-2.1538053360790355,-2.1538053360790355,-1.1538053360790355,-2.1538053360790355,-1.1538053360790355,2.4311571646421206,-2.1538053360790355,3.238512086699725,-0.5688428353578793,-2.1538053360790355,-2.1538053360790355,-2.1538053360790355,-2.1538053360790355,-2.1538053360790355,-2.1538053360790355,-1.1538053360790355,-2.1538053360790355,-2.1538053360790355
39,3.7548875021634687,-2.0,-1.0,-2.0,-2.0,-1.0,-2.0,-2.0,-2.0,-2.0,-2.0,-2.0,-2.0,-2.0,-2.0,-2.0,-2.0,0.32192809488736235,-1.0,-2.0
40,-1.070389327891398,-2.070389327891398,-1.070389327891398,-0.48542682717024194,-2.070389327891398,-2.070389327891398,-2.070389327891398,-1.070389327891398,0.514573172829758,-0.07038932789139801,-1.070389327891398,-1.070389327891398,-2.070389327891398,3.1775381855521876,-0.07038932789139801,1.2515387669959641,-2.070389327891398,-2.070389327891398,-2.070389327891398,-2.070389327891398
41,-1.0356239097307214,-2.035623909730721,-2.035623909730721,-1.0356239097307214,-2.035623909730721,-1.0356239097307214,-1.0356239097307214,-2.035623909730721,3.0087702096277322,-0.035623909730721375,0.28630418515664097,0.5493385909904346,-2.035623909730721,-2.035623909730721,1.423807708906576,0.28630418515664097,-2.035623909730721,-2.035623909730721,-2.035623909730721,-2.035623909730721
42,-2.070389327891398,-2.070389327891398,-1.070389327891398,-2.070389327891398,-1.070389327891398,3.860348009671488,-1.070389327891398,-2.070389327891398,-1.070389327891398,-2.070389327891398,-2.070389327891398,-2.070389327891398,-2.070389327891398,-2.070389327891398,-2.070389327891398,-2.070389327891398,-2.070389327891398,-2.070389327891398,-2.070389327891398,-2.070389327891398
43,-2.1043366598147357,-2.1043366598147357,-2.1043366598147357,-2.1043366598147357,-1.1043366598147357,-1.1043366598147357,3.56808868215676,0.21759143507262657,-1.1043366598147357,-0.5193741590935796,-2.1043366598147357,-0.5193741590935796,-1.1043366598147357,-2.1043366598147357,-2.1043366598147357,-2.1043366598147357,-2.1043366598147357,0.21759143507262657,-2.1043366598147357,-2.1043366598147357
44,-1.0874628412503395,-2.0874628412503395,-1.0874628412503395,-2.0874628412503395,0.7198920808072646,-2.0874628412503395,1.7198920808072646,-2.0874628412503395,1.371968777386958,-0.5025003405291834,-2.0874628412503395,-1.0874628412503395,-1.0874628412503395,-1.0874628412503395,2.160464672193246,-1.0874628412503395,1.2344652536370226,-2.0874628412503395,-1.0874628412503395,-2.0874628412503395
45,-1.0356239097307214,-1.0356239097307214,-2.035623909730721,-2.035623909730721,-2.035623909730721,-2.035623909730721,-2.035623909730721,2.5493385909904345,-2.035623909730721,-1.0356239097307214,-2.035623909730721,-2.035623909730721,-1.0356239097307214,-2.035623909730721,-2.035623909730721,-2.035623909730721,-2.035623909730721,3.134301091711591,-2.035623909730721,-2.035623909730721
46,-2.0179219079972626,-2.0179219079972626,-1.0179219079972626,-2.0179219079972626,-1.0179219079972626,-1.0179219079972626,-1.0179219079972626,-2.0179219079972626,-2.0179219079972626,-2.0179219079972626,-2.0179219079972626,-2.0179219079972626,-2.0179219079972626,-2.0179219079972626,-2.0179219079972626,3.4083428467048353,1.888968687611256,-2.0179219079972626,-2.0179219079972626,-1.0179219079972626
47,-1.0356239097307214,-2.035623909730721,-2.035623909730721,-2.035623909730721,3.6648158084103706,-2.035623909730721,-2.035623909730721,-0.4506614090095654,-2.035623909730721,0.28630418515664097,-2.035623909730721,-2.035623909730721,-2.035623909730721,-2.035623909730721,-2.035623909730721,-2.035623909730721,-2.035623909730721,-2.035623909730721,-2.035623909730721,0.28630418515664097
48,-2.0874628412503395,-2.0874628412503395,-2.0874628412503395,-1.0874628412503395,-0.5025003405291834,-2.0874628412503395,-1.0874628412503395,3.082462160191973,-1.0874628412503395,1.082462160191973,-2.0874628412503395,-2.0874628412503395,-2.0874628412503395,-1.0874628412503395,-2.0874628412503395,-2.0874628412503395,-2.0874628412503395,2.0,-2.0874628412503395,-2.0874628412503395
49,-1.070389327891398,-1.070389327891398,-2.070389327891398,-2.070389327891398,-2.070389327891398,-2.070389327891398,-2.070389327891398,-0.48542682717024194,-1.070389327891398,-2.070389327891398,-2.070389327891398,0.929610672108602,-2.070389327891398,-2.070389327891398,-2.070389327891398,3.6020360140800975,-1.070389327891398,-1.070389327891398,-2.070389327891398,-2.070389327891398
50,-1.070389327891398,-2.070389327891398,-2.070389327891398,-2.070389327891398,-2.070389327891398,-2.070389327891398,-1.070389327891398,-2.070389327891398,-2.070389327891398,-2.070389327891398,-2.070389327891398,-2.070389327891398,-1.070389327891398,-1.070389327891398,-2.070389327891398,0.929610672108602,3.6844981742720706,-2.070389327891398,-2.070389327891398,-2.070389327891398
51,0.0,-2.0,-2.0,-2.0,-2.0,-2.0,-2.0,-2.0,-2.0,-2.0,-2.0,-2.0,3.7548875021634687,-2.0,-1.0,-1.0,-0.41503749927884404,-2.0,-2.0,-2.0
52,-1.0531113364595623,-2.0531113364595623,-2.0531113364595623,-1.0531113364595623,-1.0531113364595623,0.5318511642615936,-2.0531113364595623,-2.0531113364595623,2.2688167584278,-2.0531113364595623,-2.0531113364595623,-1.0531113364595623,-2.0531113364595623,-2.0531113364595623,3.076171680485404,-1.0531113364595623,-2.0531113364595623,-2.0531113364595623,-2.0531113364595623,-2.0531113364595623
53,-2.0531113364595623,-2.0531113364595623,-2.0531113364595623,-2.0531113364595623,-1.0531113364595623,-2.0531113364595623,-2.0531113364595623,-0.4681488357384065,-1.0531113364595623,-2.0531113364595623,-2.0531113364595623,3.853779259148956,-2.0531113364595623,-2.0531113364595623,-2.0531113364595623,-2.0531113364595623,-2.0531113364595623,-2.0531113364595623,-2.0531113364595623,-2.0531113364595623
54,-2.121015400961366,-2.121015400961366,-2.121015400961366,-2.121015400961366,-2.121015400961366,-0.5360529002402099,-2.121015400961366,3.5514099410101294,-0.5360529002402099,1.46394709975979,-2.121015400961366,-2.121015400961366,-2.121015400961366,-2.121015400961366,-1.121015400961366,-2.121015400961366,-2.121015400961366,-1.121015400961366,-2.121015400961366,-2.121015400961366
55,-0.48542682717024194,-2.070389327891398,2.6844981742720706,0.2515387669959641,-2.070389327891398,-2.070389327891398,0.2515387669959641,-2.070389327891398,-1.070389327891398,-0.48542682717024194,-2.070389327891398,-0.48542682717024194,-2.070389327891398,1.0995356735509143,0.514573172829758,1.2515387669959641,-1.070389327891398,-2.070389327891398,-2.070389327891398,-2.070389327891398
56,-2.070389327891398,-2.070389327891398,-0.07038932789139801,-2.070389327891398,-2.070389327891398,-0.07038932789139801,-1.070389327891398,-2.070389327891398,-2.070389327891398,-2.070389327891398,-2.070389327891398,-2.070389327891398,-2.070389327891398,0.2515387669959641,3.6844981742720706,-2.070389327891398,-2.070389327891398,-2.070389327891398,-2.070389327891398,-2.070389327891398
57,-2.0531113364595623,-2.0531113364595623,-0.4681488357384065,-2.0531113364595623,-2.0531113364595623,-2.0531113364595623,-2.0531113364595623,-0.4681488357384065,-2.0531113364595623,3.6193140055119333,1.1168136649827498,-2.0531113364595623,-2.0531113364595623,-2.0531113364595623,-2.0531113364595623,-1.0531113364595623,-2.0531113364595623,-2.0531113364595623,-2.0531113364595623,-2.0531113364595623
58,-1.9259994185562233,-1.9259994185562233,-0.9259994185562233,-1.9259994185562233,-1.9259994185562233,-0.9259994185562233,-1.9259994185562233,-1.9259994185562233,-1.9259994185562233,-0.3410369178350672,-1.9259994185562233,-1.9259994185562233,3.628589433121414,-1.9259994185562233,-0.9259994185562233,0.3959286763311391,-1.9259994185562233,-0.9259994185562233,-1.9259994185562233,-1.9259994185562233
59,-0.9634741239748862,-1.963474123974886,-1.963474123974886,-0.9634741239748862,-0.9634741239748862,-1.963474123974886,-1.963474123974886,-1.963474123974886,3.0809199953835673,-0.9634741239748862,-1.963474123974886,-0.3785116232537298,1.6214883767462704,0.8438807980827181,-1.963474123974886,-0.9634741239748862,-1.963474123974886,-0.9634741239748862,-0.9634741239748862,-1.963474123974886
60,-0.9818526532897408,-1.981852653289741,-0.9818526532897408,-1.981852653289741,-0.9818526532897408,-1.981852653289741,-0.3968901525685845,1.6031098474314156,-1.981852653289741,2.8761283418378314,-1.981852653289741,-1.981852653289741,-0.9818526532897408,-1.981852653289741,-0.3968901525685845,-1.981852653289741,1.0181473467102593,0.6031098474314155,-1.981852653289741,-1.981852653289741
61,0.28630418515664097,-2.035623909730721,-1.0356239097307214,-2.035623909730721,-2.035623909730721,-1.0356239097307214,-2.035623909730721,-2.035623909730721,-2.035623909730721,-0.035623909730721375,-2.035623909730721,-2.035623909730721,3.286304185156641,-1.0356239097307214,0.9643760902692787,0.28630418515664097,-1.0356239097307214,-2.035623909730721,-2.035623909730721,-1.0356239097307214
62,-2.0179219079972626,-2.0179219079972626,-2.0179219079972626,-0.4329594072761063,-2.0179219079972626,-2.0179219079972626,-2.0179219079972626,-1.0179219079972626,0.9820780920027377,-1.0179219079972626,-2.0179219079972626,-2.0179219079972626,3.3040061868901,-0.4329594072761063,-2.0179219079972626,1.3040061868900998,-2.0179219079972626,-2.0179219079972626,-2.0179219079972626,-2.0179219079972626
63,0.807354922057604,-2.0,0.0,-1.0,-2.0,-2.0,1.4594316186372973,-2.0,-2.0,-2.0,-2.0,2.584962500721156,0.0,-1.0,-1.0,0.584962500721156,1.0,-2.0,-2.0,-2.0
64,-1.0179219079972626,-2.0179219079972626,-2.0179219079972626,-1.0179219079972626,-2.0179219079972626,-2.0179219079972626,-2.0179219079972626,0.7894330140603417,-2.0179219079972626,3.596787936117946,-1.0179219079972626,-2.0179219079972626,-2.0179219079972626,-0.4329594072761063,-1.0179219079972626,-2.0179219079972626,-2.0179219079972626,-2.0179219079972626,-1.0179219079972626,-2.0179219079972626
65,2.0161196653632767,-2.1538053360790355,-2.1538053360790355,0.16812275880832675,-2.1538053360790355,-1.1538053360790355,-1.1538053360790355,-0.15380533607903546,-0.15380533607903546,-2.1538053360790355,-2.1538053360790355,-0.5688428353578793,-2.1538053360790355,0.6535495859785686,-1.1538053360790355,2.601082166084433,0.16812275880832675,-1.1538053360790355,-2.1538053360790355,-2.1538053360790355
66,-1.121015400961366,-2.121015400961366,-2.121015400961366,-1.121015400961366,-2.121015400961366,-1.121015400961366,-0.5360529002402099,-0.5360529002402099,-1.121015400961366,-0.5360529002402099,-2.121015400961366,-1.121015400961366,2.833180909425509,-0.5360529002402099,-1.121015400961366,2.2009126939259964,-0.5360529002402099,-2.121015400961366,-1.121015400961366,-1.121015400961366
67,-1.1043366598147357,-2.1043366598147357,-0.5193741590935796,-2.1043366598147357,1.9831261814356038,-1.1043366598147357,0.21759143507262657,-1.1043366598147357,-2.1043366598147357,2.7536443353128366,-2.1043366598147357,-0.5193741590935796,-2.1043366598147357,-1.1043366598147357,-1.1043366598147357,0.7030182622428686,-1.1043366598147357,-0.5193741590935796,-2.1043366598147357,-2.1043366598147357
68,-2.1043366598147357,-2.1043366598147357,-2.1043366598147357,-1.1043366598147357,-2.1043366598147357,-2.1043366598147357,-2.1043366598147357,3.253215344803348,-2.1043366598147357,0.4806258409064204,-1.1043366598147357,-2.1043366598147357,-2.1043366598147357,-2.1043366598147357,-2.1043366598147357,-1.1043366598147357,-0.10433665981473561,1.8956633401852643,-2.1043366598147357,-2.1043366598147357
69,0.2344652536370227,-1.0874628412503395,0.9125371587496607,-2.0874628412503395,-2.0874628412503395,-1.0874628412503395,-0.08746284125033943,-2.0874628412503395,1.371968777386958,-1.0874628412503395,-1.0874628412503395,1.7198920808072646,-2.0874628412503395,-2.0874628412503395,0.2344652536370227,-0.5025003405291834,2.160464672193246,-2.0874628412503395,-2.0874628412503395,-2.0874628412503395
70,-2.1043366598147357,-2.1043366598147357,-1.1043366598147357,-1.1043366598147357,2.7536443353128366,-2.1043366598147357,-0.5193741590935796,-0.5193741590935796,-1.1043366598147357,2.3550949588225616,0.21759143507262657,-2.1043366598147357,-1.1043366598147357,-1.1043366598147357,-2.1043366598147357,-2.1043366598147357,-1.1043366598147357,-0.10433665981473561,-2.1043366598147357,-2.1043366598147357
71,-2.121015400961366,-2.121015400961366,-2.121015400961366,-0.12101540096136598,-2.121015400961366,-2.121015400961366,-2.121015400961366,0.686339521096238,-1.121015400961366,-0.12101540096136598,-2.121015400961366,-1.121015400961366,-2.121015400961366,-2.121015400961366,-2.121015400961366,-1.121015400961366,-2.121015400961366,3.5794243171797264,-2.121015400961366,-1.121015400961366
72,1.5961030583263565,-2.1043366598147357,-2.1043366598147357,-0.5193741590935796,-2.1043366598147357,-0.10433665981473561,-2.1043366598147357,-2.1043366598147357,2.4806258409064204,-2.1043366598147357,-2.1043366598147357,-2.1043366598147357,1.3550949588225618,-0.10433665981473561,0.4806258409064204,0.8956633401852644,-2.1043366598147357,-2.1043366598147357,-2.1043366598147357,-1.1043366598147357
73,-2.0,0.0,-2.0,-2.0,1.0,-2.0,-2.0,0.584962500721156,-2.0,3.426264754702098,-2.0,-2.0,-2.0,-2.0,-1.0,-0.41503749927884404,-2.0,-2.0,-2.0,-2.0
74,-2.035623909730721,-2.035623909730721,-2.035623909730721,-2.035623909730721,-2.035623909730721,-2.035623909730721,-2.035623909730721,-1.0356239097307214,-0.4506614090095654,-2.035623909730721,-2.035623909730721,-1.0356239097307214,3.5493385909904345,-1.0356239097307214,-1.0356239097307214,0.28630418515664097,-0.035623909730721375,-1.0356239097307214,-2.035623909730721,-1.0356239097307214
75,-2.0531113364595623,-2.0531113364595623,-2.0531113364595623,-1.0531113364595623,-0.4681488357384065,-1.0531113364595623,-2.0531113364595623,-2.0531113364595623,-1.0531113364595623,3.701776165703906,-1.0531113364595623,-2.0531113364595623,-2.0531113364595623,-1.0531113364595623,-1.0531113364595623,-1.0531113364595623,-2.0531113364595623,-2.0531113364595623,-1.0531113364595623,-2.0531113364595623
76,-1.137503523749935,-2.137503523749935,-2.137503523749935,-2.137503523749935,-2.137503523749935,-2.137503523749935,-1.137503523749935,-1.137503523749935,-2.137503523749935,-1.137503523749935,-1.137503523749935,-2.137503523749935,3.669851398307669,-0.5525410230287788,-2.137503523749935,0.6698513983076692,-2.137503523749935,-2.137503523749935,-2.137503523749935,-2.137503523749935
77,-2.0531113364595623,-2.0531113364595623,-0.05311133645956242,-1.0531113364595623,-2.0531113364595623,-0.4681488357384065,1.2688167584277998,-2.0531113364595623,0.9468886635404377,0.5318511642615936,-2.0531113364595623,-1.0531113364595623,1.406320282177735,0.2688167584277998,1.7542435855980416,-0.05311133645956242,-0.05311133645956242,-2.0531113364595623,-2.0531113364595623,-0.4681488357384065
78,-2.0179219079972626,-2.0179219079972626,-0.017921907997262457,-2.0179219079972626,-2.0179219079972626,-1.0179219079972626,-0.4329594072761063,1.5670405927238937,-2.0179219079972626,-1.0179219079972626,-1.0179219079972626,-2.0179219079972626,-2.0179219079972626,-2.0179219079972626,-2.0179219079972626,-2.0179219079972626,0.3040061868900999,3.230005605446323,-2.0179219079972626,-1.0179219079972626
79,-2.0531113364595623,-2.0531113364595623,1.6473283816815298,2.2688167584278,-1.0531113364595623,-1.0531113364595623,0.9468886635404377,-0.4681488357384065,-2.0531113364595623,-2.0531113364595623,-2.0531113364595623,0.9468886635404377,0.2688167584277998,0.7542435855980416,-2.0531113364595623,0.2688167584277998,-2.0531113364595623,-2.0531113364595623,-2.0531113364595623,-2.0531113364595623
80,-1.121015400961366,-2.121015400961366,-1.121015400961366,-0.12101540096136598,-2.121015400961366,2.5228407888133586,0.8789845990386341,-2.121015400961366,0.20091269392599634,-0.5360529002402099,-2.121015400961366,2.1269121124822195,-1.121015400961366,0.20091269392599634,-2.121015400961366,-2.121015400961366,-2.121015400961366,-2.121015400961366,-0.5360529002402099,-2.121015400961366
81,-1.0874628412503395,-2.0874628412503395,-2.0874628412503395,-2.0874628412503395,-1.0874628412503395,-2.0874628412503395,-2.0874628412503395,-2.0874628412503395,-2.0874628412503395,3.8898170822495772,-2.0874628412503395,-2.0874628412503395,-2.0874628412503395,-1.0874628412503395,-2.0874628412503395,-2.0874628412503395,-2.0874628412503395,-2.0874628412503395,-2.0874628412503395,-2.0874628412503395
82,-2.035623909730721,-2.035623909730721,-2.035623909730721,-2.035623909730721,-2.035623909730721,-1.0356239097307214,-2.035623909730721,-2.035623909730721,-2.035623909730721,-0.035623909730721375,-1.0356239097307214,-2.035623909730721,3.79726610443402,-2.035623909730721,-2.035623909730721,-2.035623909730721,-2.035623909730721,-2.035623909730721,-2.035623909730721,-1.0356239097307214
83,-1.070389327891398,-2.070389327891398,1.736965594166206,2.514573172829758,-2.070389327891398,-1.070389327891398,-0.48542682717024194,-1.070389327891398,-0.48542682717024194,-2.070389327891398,-2.070389327891398,-1.070389327891398,1.2515387669959641,0.7369655941662061,-1.070389327891398,0.2515387669959641,-2.070389327891398,-2.070389327891398,-2.070389327891398,-2.070389327891398
84,-0.5360529002402099,-2.121015400961366,1.5794243171797262,-2.121015400961366,-2.121015400961366,2.338416217675931,-0.12101540096136598,-2.121015400961366,-1.121015400961366,-2.121015400961366,-1.121015400961366,1.8789845990386342,-2.121015400961366,-1.121015400961366,-2.121015400961366,1.2009126939259964,-0.5360529002402099,-2.121015400961366,-2.121015400961366,-2.121015400961366
85,3.5563933485243853,-1.0874628412503395,-2.0874628412503395,-1.0874628412503395,-1.0874628412503395,-1.0874628412503395,-2.0874628412503395,-0.08746284125033943,-2.0874628412503395,-1.0874628412503395,-2.0874628412503395,-2.0874628412503395,-2.0874628412503395,-2.0874628412503395,-2.0874628412503395,-0.5025003405291834,-1.0874628412503395,0.4974996594708166,-2.0874628412503395,-2.0874628412503395
86,-1.0179219079972626,-2.0179219079972626,-0.4329594072761063,3.7894330140603416,-2.0179219079972626,-2.0179219079972626,-1.0179219079972626,-2.0179219079972626,-2.0179219079972626,-2.0179219079972626,-2.0179219079972626,-2.0179219079972626,-0.4329594072761063,-2.0179219079972626,-2.0179219079972626,-2.0179219079972626,-2.0179219079972626,-2.0179219079972626,-2.0179219079972626,-2.0179219079972626
87,2.80486965866801,-2.0531113364595623,-2.0531113364595623,-2.0531113364595623,-2.0531113364595623,-2.0531113364595623,-1.0531113364595623,-1.0531113364595623,-2.0531113364595623,-1.0531113364595623,-2.0531113364595623,-0.05311133645956242,-1.0531113364595623,-2.0531113364595623,-2.0531113364595623,2.80486965866801,-2.0531113364595623,-2.0531113364595623,-2.0531113364595623,-2.0531113364595623
88,-2.070389327891398,-2.070389327891398,-2.070389327891398,-2.070389327891398,-2.070389327891398,-2.070389327891398,-2.070389327891398,-1.070389327891398,-2.070389327891398,-1.070389327891398,-1.070389327891398,-2.070389327891398,-2.070389327891398,-0.48542682717024194,-2.070389327891398,0.929610672108602,3.657531126671801,-2.070389327891398,-2.070389327891398,-2.070389327891398
89,-0.05311133645956242,-2.0531113364595623,-1.0531113364595623,-1.0531113364595623,-2.0531113364595623,-2.0531113364595623,-2.0531113364595623,0.2688167584277998,-2.0531113364595623,-0.4681488357384065,1.7542435855980416,1.406320282177735,-2.0531113364595623,-0.4681488357384065,-2.0531113364595623,1.2688167584277998,1.853779259148956,0.2688167584277998,-2.0531113364595623,-2.0531113364595623
90,-2.0531113364595623,-2.0531113364595623,3.64732838168153,0.2688167584277998,-2.0531113364595623,-2.0531113364595623,-2.0531113364595623,-1.0531113364595623,-1.0531113364595623,-0.4681488357384065,-2.0531113364595623,-0.4681488357384065,-0.4681488357384065,-2.0531113364595623,-2.0531113364595623,-2.0531113364595623,-2.0531113364595623,-2.0531113364595623,-2.0531113364595623,-2.0531113364595623
91,-1.963474123974886,-1.963474123974886,-1.963474123974886,-1.963474123974886,-0.9634741239748862,-1.963474123974886,-0.9634741239748862,1.4959574946624112,-1.963474123974886,1.736965594166206,-1.963474123974886,-1.963474123974886,-0.9634741239748862,-1.963474123974886,-1.963474123974886,0.03652587602511388,-1.963474123974886,2.9434164716336326,-1.963474123974886,-0.9634741239748862
92,-1.963474123974886,-1.963474123974886,-1.963474123974886,-0.3785116232537298,-1.963474123974886,-0.9634741239748862,-0.9634741239748862,-0.9634741239748862,-1.963474123974886,-0.3785116232537298,-1.963474123974886,-1.963474123974886,3.6214883767462704,-0.9634741239748862,-1.963474123974886,-0.3785116232537298,-1.963474123974886,-0.9634741239748862,-1.963474123974886,-1.963474123974886
93,1.0291463456595165,-0.29278174922784606,-0.29278174922784606,0.29218075149331013,-1.2927817492278462,-1.2927817492278462,2.0291463456595165,0.7072182507721541,-1.2927817492278462,0.7072182507721541,-1.2927817492278462,-1.2927817492278462,-1.2927817492278462,-1.2927817492278462,-0.29278174922784606,0.29218075149331013,-0.29278174922784606,-1.2927817492278462,-1.2927817492278462,0.29218075149331013
94,0.6495027529158668,-1.3504972470841332,1.8194277543581792,-0.35049724708413327,0.2344652536370227,-0.35049724708413327,-0.35049724708413327,0.2344652536370227,-1.3504972470841332,0.2344652536370227,0.2344652536370227,0.2344652536370227,-1.3504972470841332,0.6495027529158668,-0.35049724708413327,-0.35049724708413327,-0.35049724708413327,-1.3504972470841332,-1.3504972470841332,-0.35049724708413327
95,-1.608809242675524,-1.608809242675524,-1.608809242675524,-0.608809242675524,-0.608809242675524,-1.608809242675524,-1.608809242675524,0.9761532580456322,-1.608809242675524,0.7131188522118382,-0.608809242675524,0.391190757324476,-0.023846741954367773,-0.608809242675524,2.19854567938208,0.9761532580456322,-1.608809242675524,-0.023846741954367773,-1.608809242675524,0.391190757324476
96,-1.9068905956085187,-1.9068905956085187,-1.9068905956085187,0.9004643264490856,0.09310940439148147,-0.3219280948873625,-0.3219280948873625,-1.9068905956085187,0.4150374992788437,0.4150374992788437,-0.9068905956085187,1.263034405833794,2.0,-0.3219280948873625,-1.9068905956085187,-1.9068905956085187,-0.9068905956085187,-1.9068905956085187,-1.9068905956085187,1.263034405833794
97,-1.867896463992655,-1.867896463992655,2.302028537449657,-0.2829339632714988,-0.8678964639926551,-1.867896463992655,0.13210353600734506,-0.8678964639926551,1.717066036728501,0.7170660367285012,-1.867896463992655,1.5915351546446423,-1.867896463992655,-0.8678964639926551,-1.867896463992655,-0.8678964639926551,-1.867896463992655,-0.8678964639926551,-1.867896463992655,-1.867896463992655
98,-0.9448584458075392,-1.9448584458075393,-1.9448584458075393,-1.9448584458075393,-1.9448584458075393,-1.9448584458075393,-0.359895945086383,1.055141554192461,1.755581272333553,1.055141554192461,1.055141554192461,0.6401040549136171,-1.9448584458075393,0.8624964762500651,-0.9448584458075392,-0.9448584458075392,-0.9448584458075392,-0.359895945086383,-0.359895945086383,0.055141554192460855
99,-1.0,-0.41503749927884404,-0.41503749927884404,-2.0,-1.0,-1.0,-2.0,0.0,-1.0,0.0,-1.0,-0.41503749927884404,0.32192809488736235,1.1699250014423124,-0.41503749927884404,-2.0,-2.0,2.7548875021634687,-1.0,-0.41503749927884404
100,-2.070389327891398,-2.070389327891398,-2.070389327891398,1.0995356735509143,0.7369655941662061,0.2515387669959641,-0.48542682717024194,-1.070389327891398,-0.07038932789139801,-2.070389327891398,-2.070389327891398,-2.070389327891398,1.2515387669959641,1.3890422907458992,-0.48542682717024194,-0.07038932789139801,-1.070389327891398,-2.070389327891398,-2.070389327891398,1.929610672108602
101,-0.07038932789139801,-2.070389327891398,-2.070389327891398,-2.070389327891398,0.2515387669959641,-0.48542682717024194,-1.070389327891398,-1.070389327891398,-2.070389327891398,2.929610672108602,-2.070389327891398,-2.070389327891398,-1.070389327891398,-1.070389327891398,-2.070389327891398,-2.070389327891398,-1.070389327891398,-2.070389327891398,-2.070389327891398,2.251538766995964
102,-0.6553518286125543,-1.6553518286125541,-1.6553518286125541,-1.6553518286125541,-0.6553518286125543,-1.6553518286125541,1.514573172829758,-1.6553518286125541,-0.6553518286125543,3.1520030934450496,-1.6553518286125541,-1.6553518286125541,-1.6553518286125541,-0.6553518286125543,-1.6553518286125541,-1.6553518286125541,-1.6553518286125541,-0.6553518286125543,-1.6553518286125541,0.3446481713874458
103,-0.3968901525685845,-1.981852653289741,-0.3968901525685845,-0.3968901525685845,-1.981852653289741,-0.9818526532897408,-1.981852653289741,-1.981852653289741,3.4444121014123574,-0.9818526532897408,-0.3968901525685845,-1.981852653289741,-1.981852653289741,-0.9818526532897408,-0.3968901525685845,-0.3968901525685845,-1.981852653289741,-1.981852653289741,-0.9818526532897408,-0.9818526532897408
104,-0.035623909730721375,-2.035623909730721,-2.035623909730721,-0.035623909730721375,-1.0356239097307214,-2.035623909730721,-2.035623909730721,0.5493385909904346,2.286304185156641,1.1343010917115908,-1.0356239097307214,-2.035623909730721,-2.035623909730721,-0.035623909730721375,1.423807708906576,-0.035623909730721375,0.28630418515664097,-0.4506614090095654,-2.035623909730721,-2.035623909730721
105,3.7717310123268826,-2.035623909730721,-2.035623909730721,-2.035623909730721,-0.4506614090095654,-2.035623909730721,-1.0356239097307214,-2.035623909730721,-2.035623909730721,-2.035623909730721,-2.035623909730721,-1.0356239097307214,-2.035623909730721,-1.0356239097307214,-2.035623909730721,-1.0356239097307214,-2.035623909730721,-1.0356239097307214,-2.035623909730721,-2.035623909730721
106,-2.0179219079972626,-1.0179219079972626,-2.0179219079972626,-2.0179219079972626,2.0695409332530765,-2.0179219079972626,-0.4329594072761063,-2.0179219079972626,-1.0179219079972626,-1.0179219079972626,-2.0179219079972626,-2.0179219079972626,-1.0179219079972626,-0.4329594072761063,-1.0179219079972626,-0.017921907997262457,-2.0179219079972626,-1.0179219079972626,-2.0179219079972626,3.026472211361191
107,-2.0179219079972626,-2.0179219079972626,3.473931188332412,0.7894330140603417,-2.0179219079972626,-2.0179219079972626,-0.4329594072761063,-2.0179219079972626,-2.0179219079972626,-2.0179219079972626,-2.0179219079972626,-0.4329594072761063,-2.0179219079972626,-1.0179219079972626,-1.0179219079972626,-1.0179219079972626,-2.0179219079972626,-0.4329594072761063,-2.0179219079972626,-0.4329594072761063
108,0.9468886635404377,-2.0531113364595623,-1.0531113364595623,-0.4681488357384065,-2.0531113364595623,2.5907448533151625,-0.4681488357384065,-2.0531113364595623,-2.0531113364595623,1.6473283816815298,-2.0531113364595623,-0.05311133645956242,-2.0531113364595623,0.7542435855980416,-1.0531113364595623,-0.4681488357384065,-1.0531113364595623,-1.0531113364595623,-1.0531113364595623,-2.0531113364595623
109,-2.0874628412503395,-2.0874628412503395,-2.0874628412503395,-2.0874628412503395,-0.5025003405291834,-2.0874628412503395,-0.5025003405291834,-2.0874628412503395,-2.0874628412503395,3.819427754358179,-1.0874628412503395,-2.0874628412503395,-2.0874628412503395,-2.0874628412503395,-1.0874628412503395,-2.0874628412503395,-2.0874628412503395,-2.0874628412503395,-2.0874628412503395,-2.0874628412503395
110,0.8438807980827181,-1.963474123974886,-1.963474123974886,0.8438807980827181,-0.9634741239748862,-1.963474123974886,-0.9634741239748862,-1.963474123974886,0.8438807980827181,-0.9634741239748862,-1.963474123974886,-1.963474123974886,-0.9634741239748862,3.036525876025114,0.03652587602511388,-0.9634741239748862,-1.963474123974886,-1.963474123974886,-0.9634741239748862,-1.963474123974886
111,1.584962500721156,-2.0,1.1699250014423124,0.807354922057604,-2.0,-0.41503749927884404,0.32192809488736235,-0.41503749927884404,-1.0,0.0,-2.0,-2.0,1.1699250014423124,1.0,-2.0,-1.0,0.0,-0.41503749927884404,-2.0,-0.41503749927884404
112,-0.017921907997262457,-2.0179219079972626,0.3040061868900999,-0.017921907997262457,-2.0179219079972626,-0.4329594072761063,-2.0179219079972626,-2.0179219079972626,-2.0179219079972626,-2.0179219079972626,-2.0179219079972626,-1.0179219079972626,3.0695409332530765,0.3040061868900999,-1.0179219079972626,0.9820780920027377,-2.0179219079972626,-0.4329594072761063,-1.0179219079972626,-2.0179219079972626
113,-1.0179219079972626,-2.0179219079972626,-1.0179219079972626,-2.0179219079972626,1.6825178101438296,-0.4329594072761063,-2.0179219079972626,-0.4329594072761063,-2.0179219079972626,2.230005605446323,0.9820780920027377,-0.4329594072761063,-1.0179219079972626,-2.0179219079972626,-2.0179219079972626,-2.0179219079972626,-2.0179219079972626,1.9820780920027377,-2.0179219079972626,-2.0179219079972626
114,1.371968777386958,-2.0874628412503395,-2.0874628412503395,-2.0874628412503395,-2.0874628412503395,-2.0874628412503395,-1.0874628412503395,-2.0874628412503395,-0.08746284125033943,0.4974996594708166,-1.0874628412503395,-2.0874628412503395,-2.0874628412503395,-1.0874628412503395,-2.0874628412503395,2.2344652536370226,2.5563933485243853,-1.0874628412503395,-2.0874628412503395,-2.0874628412503395
115,-1.0874628412503395,-2.0874628412503395,1.082462160191973,2.667424660913129,-2.0874628412503395,-0.08746284125033943,-0.08746284125033943,-2.0874628412503395,0.4974996594708166,-1.0874628412503395,-2.0874628412503395,-1.0874628412503395,-1.0874628412503395,0.7198920808072646,0.4974996594708166,-1.0874628412503395,-0.08746284125033943,-1.0874628412503395,-2.0874628412503395,-2.0874628412503395
116,-2.0179219079972626,-2.0179219079972626,0.3040061868900999,-2.0179219079972626,3.3040061868901,-2.0179219079972626,-2.0179219079972626,0.5670405927238937,-0.017921907997262457,0.9820780920027377,-2.0179219079972626,-1.0179219079972626,-2.0179219079972626,-2.0179219079972626,-2.0179219079972626,-2.0179219079972626,-1.0179219079972626,-1.0179219079972626,-2.0179219079972626,-2.0179219079972626
117,-2.1043366598147357,-2.1043366598147357,-1.1043366598147357,-2.1043366598147357,-1.1043366598147357,-2.1043366598147357,-2.1043366598147357,-1.1043366598147357,-2.1043366598147357,3.6235837947484635,-1.1043366598147357,-1.1043366598147357,-0.5193741590935796,-0.5193741590935796,-1.1043366598147357,-1.1043366598147357,-1.1043366598147357,-0.5193741590935796,-2.1043366598147357,-2.1043366598147357
118,0.0,-2.0,0.0,1.3219280948873624,-2.0,1.0,0.0,-1.0,1.7004397181410922,0.32192809488736235,-2.0,-2.0,-2.0,0.807354922057604,0.807354922057604,0.807354922057604,-2.0,-2.0,-2.0,-2.0
119,0.6031098474314155,-0.9818526532897408,0.8255022687678634,0.3400754415976219,-1.981852653289741,-1.981852653289741,-1.981852653289741,-0.9818526532897408,-0.9818526532897408,-1.981852653289741,-1.981852653289741,0.6031098474314155,-0.9818526532897408,0.018147346710259204,0.6031098474314155,1.340075441597622,2.1056101879605986,-0.3968901525685845,-1.981852653289741,-1.981852653289741
120,1.0181473467102593,-1.981852653289741,-0.9818526532897408,-1.981852653289741,-1.981852653289741,-1.981852653289741,0.018147346710259204,-0.9818526532897408,-0.9818526532897408,0.018147346710259204,-1.981852653289741,0.018147346710259204,0.6031098474314155,-0.9818526532897408,0.018147346710259204,2.9250379423187782,-0.9818526532897408,-1.981852653289741,-0.9818526532897408,-1.981852653289741
121,-0.41503749927884404,0.0,1.0,-1.0,-1.0,-2.0,-2.0,-0.41503749927884404,2.169925001442312,-0.41503749927884404,-1.0,1.0,0.0,-1.0,-1.0,1.584962500721156,-2.0,-2.0,-2.0,-1.0
122,1.802553935793783,-2.1043366598147357,-2.1043366598147357,-2.1043366598147357,-2.1043366598147357,-0.5193741590935796,-2.1043366598147357,-1.1043366598147357,-1.1043366598147357,-2.1043366598147357,-1.1043366598147357,-2.1043366598147357,3.2879807629640245,-1.1043366598147357,-2.1043366598147357,-2.1043366598147357,-2.1043366598147357,0.21759143507262657,-1.1043366598147357,-2.1043366598147357
123,-2.0,-2.0,3.6147098441152083,-2.0,-1.0,-1.0,-1.0,-2.0,-2.0,-1.0,-2.0,0.32192809488736235,-1.0,-2.0,-1.0,-0.41503749927884404,-2.0,-2.0,-2.0,-2.0
124,-1.963474123974886,-1.963474123974886,-1.963474123974886,-1.963474123974886,0.8438807980827181,-1.963474123974886,-1.963474123974886,-1.963474123974886,-1.963474123974886,-0.9634741239748862,-1.963474123974886,-0.9634741239748862,-0.9634741239748862,-1.963474123974886,-1.963474123974886,-1.963474123974886,-1.963474123974886,-1.963474123974886,3.6803820657998387,-1.963474123974886
125,-1.9448584458075393,-1.9448584458075393,-1.9448584458075393,-1.9448584458075393,-0.9448584458075392,-1.9448584458075393,-1.9448584458075393,2.514573172829758,-0.9448584458075392,0.8624964762500651,-1.9448584458075393,-1.9448584458075393,-1.9448584458075393,-0.9448584458075392,-1.9448584458075393,0.055141554192460855,-1.9448584458075393,2.640104054913617,-0.9448584458075392,-1.9448584458075393
126,-2.0531113364595623,-2.0531113364595623,-2.0531113364595623,-2.0531113364595623,1.5318511642615937,-2.0531113364595623,-1.0531113364595623,3.11681366498275,-2.0531113364595623,1.6473283816815298,-1.0531113364595623,-0.4681488357384065,-2.0531113364595623,-1.0531113364595623,-2.0531113364595623,-2.0531113364595623,-2.0531113364595623,-2.0531113364595623,-2.0531113364595623,-2.0531113364595623
127,-1.0356239097307214,0.5493385909904346,-2.035623909730721,-2.035623909730721,0.5493385909904346,-2.035623909730721,0.7717310123268828,-2.035623909730721,-0.4506614090095654,-0.4506614090095654,-2.035623909730721,-2.035623909730721,-1.0356239097307214,-0.4506614090095654,-2.035623909730721,0.28630418515664097,-2.035623909730721,1.286304185156641,-2.035623909730721,2.6648158084103706
128,-1.0874628412503395,-2.0874628412503395,3.8432744963125467,-2.0874628412503395,-2.0874628412503395,-1.0874628412503395,-2.0874628412503395,-2.0874628412503395,-1.0874628412503395,-2.0874628412503395,-2.0874628412503395,-2.0874628412503395,-1.0874628412503395,-2.0874628412503395,-2.0874628412503395,-1.0874628412503395,-2.0874628412503395,-2.0874628412503395,-2.0874628412503395,-2.0874628412503395
129,-0.3968901525685845,-0.9818526532897408,-1.981852653289741,-1.981852653289741,2.7730348488737278,-0.3968901525685845,-1.981852653289741,-0.3968901525685845,-1.981852653289741,-0.3968901525685845,-0.9818526532897408,-0.3968901525685845,-1.981852653289741,-1.981852653289741,-1.981852653289741,-0.9818526532897408,-0.9818526532897408,1.0181473467102593,-1.981852653289741,1.7185870648513515
130,2.8223570853968507,-2.035623909730721,-2.035623909730721,-2.035623909730721,1.9643760902692788,-1.0356239097307214,-2.035623909730721,-1.0356239097307214,-2.035623909730721,-0.4506614090095654,-1.0356239097307214,-2.035623909730721,-1.0356239097307214,-2.035623909730721,-2.035623909730721,-0.4506614090095654,0.5493385909904346,0.5493385909904346,-1.0356239097307214,-2.035623909730721
131,1.2823997307007249,-0.8875252707415874,-1.8875252707415875,-1.8875252707415875,-0.8875252707415874,-0.8875252707415874,1.1124747292584127,-1.8875252707415875,-1.8875252707415875,-0.8875252707415874,-1.8875252707415875,-0.8875252707415874,2.1124747292584125,-0.8875252707415874,-1.8875252707415875,1.6974372299795688,0.4344028241457749,-0.8875252707415874,-0.3025627700204312,-1.8875252707415875
132,-0.3785116232537298,-0.3785116232537298,-0.3785116232537298,-0.3785116232537298,-0.3785116232537298,0.35845397091247627,2.206450877467426,-1.963474123974886,-1.963474123974886,0.03652587602511388,-1.963474123974886,-0.3785116232537298,-1.963474123974886,-1.963474123974886,-1.963474123974886,0.6214883767462703,-0.9634741239748862,-0.3785116232537298,-1.963474123974886,1.9434164716336326
133,-1.963474123974886,-1.963474123974886,-0.9634741239748862,-1.963474123974886,-1.963474123974886,-0.9634741239748862,-1.963474123974886,-1.963474123974886,-1.963474123974886,-1.963474123974886,-1.963474123974886,-0.9634741239748862,0.03652587602511388,-0.9634741239748862,-1.963474123974886,-0.9634741239748862,-0.9634741239748862,-1.963474123974886,3.6803820657998387,-1.963474123974886
134,1.5915351546446423,-1.867896463992655,-1.867896463992655,-0.2829339632714988,-0.8678964639926551,-1.867896463992655,-1.867896463992655,0.13210353600734506,-1.867896463992655,2.219566377257684,-0.2829339632714988,-0.8678964639926551,1.3020285374496572,-1.867896463992655,-1.867896463992655,0.4540316308947074,-0.8678964639926551,0.7170660367285012,-1.867896463992655,-1.867896463992655
135,1.4540316308947074,-0.8678964639926551,-0.8678964639926551,-0.8678964639926551,-1.867896463992655,0.13210353600734506,-1.867896463992655,1.8325432541484372,-0.8678964639926551,-0.2829339632714988,-1.867896463992655,-1.867896463992655,2.302028537449657,-1.867896463992655,-1.867896463992655,-1.867896463992655,-1.867896463992655,0.7170660367285012,-0.8678964639926551,-1.867896463992655
136,2.219566377257684,-1.867896463992655,0.13210353600734506,-0.2829339632714988,-0.8678964639926551,0.4540316308947074,-1.867896463992655,-1.867896463992655,-1.867896463992655,-1.867896463992655,-1.867896463992655,-1.867896463992655,2.0389941316158633,-0.2829339632714988,-1.867896463992655,1.132103536007345,0.13210353600734506,-0.8678964639926551,-1.867896463992655,-1.867896463992655
137,0.6780719051126376,-1.9068905956085187,-0.3219280948873625,-1.9068905956085187,-1.9068905956085187,-0.9068905956085187,-0.9068905956085187,2.6166713604484944,-1.9068905956085187,-0.9068905956085187,-1.9068905956085187,-1.9068905956085187,-0.3219280948873625,-1.9068905956085187,1.0931094043914815,0.6780719051126376,0.09310940439148147,0.9004643264490856,-1.9068905956085187,-1.9068905956085187
138,3.1844245711374275,-1.9448584458075393,0.055141554192460855,-0.9448584458075392,-0.9448584458075392,-1.9448584458075393,-1.9448584458075393,-0.9448584458075392,0.6401040549136171,-0.359895945086383,-1.9448584458075393,-1.9448584458075393,-0.9448584458075392,-1.9448584458075393,0.3770696490798231,0.3770696490798231,-1.9448584458075393,-0.9448584458075392,-1.9448584458075393,-1.9448584458075393
139,0.7542435855980416,-2.0531113364595623,-2.0531113364595623,-0.4681488357384065,-2.0531113364595623,-0.4681488357384065,-2.0531113364595623,-1.0531113364595623,1.406320282177735,2.64732838168153,-1.0531113364595623,-1.0531113364595623,-2.0531113364595623,-0.4681488357384065,0.9468886635404377,-0.4681488357384065,0.2688167584277998,-2.0531113364595623,-2.0531113364595623,-2.0531113364595623
140,-0.4506614090095654,-2.035623909730721,-1.0356239097307214,2.212303603712864,-1.0356239097307214,1.1343010917115908,-2.035623909730721,0.7717310123268828,0.7717310123268828,-2.035623909730721,-2.035623909730721,-0.4506614090095654,-2.035623909730721,-2.035623909730721,0.7717310123268828,1.423807708906576,-1.0356239097307214,-1.0356239097307214,-2.035623909730721,-2.035623909730721
141,-0.48542682717024194,-2.070389327891398,-0.07038932789139801,-2.070389327891398,0.7369655941662061,-1.070389327891398,1.3890422907458992,1.0995356735509143,-2.070389327891398,2.0995356735509145,-0.48542682717024194,-0.07038932789139801,-0.07038932789139801,-2.070389327891398,0.2515387669959641,-0.48542682717024194,-2.070389327891398,-1.070389327891398,-2.070389327891398,-0.48542682717024194
142,-0.48542682717024194,-2.070389327891398,-2.070389327891398,-0.48542682717024194,0.2515387669959641,1.929610672108602,-2.070389327891398,-1.070389327891398,1.8365012677171206,-0.48542682717024194,-2.070389327891398,1.8365012677171206,-2.070389327891398,-1.070389327891398,-0.48542682717024194,0.2515387669959641,-0.48542682717024194,-2.070389327891398,-1.070389327891398,-2.070389327891398
143,-2.137503523749935,-1.137503523749935,-2.137503523749935,-1.137503523749935,-1.137503523749935,-2.137503523749935,-2.137503523749935,2.5063526660247897,-2.137503523749935,0.1844245711374273,-2.137503523749935,-0.5525410230287788,-1.137503523749935,-2.137503523749935,-1.137503523749935,-0.5525410230287788,-0.5525410230287788,2.720477471377637,-2.137503523749935,-1.137503523749935
144,0.018147346710259204,-1.981852653289741,-1.981852653289741,-1.981852653289741,0.6031098474314155,0.3400754415976219,-1.981852653289741,-0.3968901525685845,-1.981852653289741,-0.9818526532897408,-1.981852653289741,-1.981852653289741,2.8255022687678633,-1.981852653289741,-0.9818526532897408,1.8255022687678633,-1.981852653289741,-0.3968901525685845,-1.981852653289741,-0.9818526532897408
145,-0.9068905956085187,2.736965594166206,-0.9068905956085187,-1.9068905956085187,1.0931094043914815,-1.9068905956085187,-0.9068905956085187,-1.9068905956085187,-0.3219280948873625,-1.9068905956085187,-1.9068905956085187,0.6780719051126376,-1.9068905956085187,-0.3219280948873625,-0.3219280948873625,0.4150374992788437,0.4150374992788437,-0.9068905956085187,-0.9068905956085187,-1.9068905956085187
146,3.321928094887362,-1.9259994185562233,-1.9259994185562233,-1.9259994185562233,0.3959286763311391,-0.9259994185562233,-1.9259994185562233,-0.3410369178350672,-1.9259994185562233,-0.3410369178350672,-1.9259994185562233,-0.9259994185562233,-1.9259994185562233,-1.9259994185562233,-1.9259994185562233,-0.9259994185562233,-0.3410369178350672,0.6589630821649329,-1.9259994185562233,-0.9259994185562233
147,0.4344028241457749,-0.8875252707415874,-1.8875252707415875,-1.8875252707415875,1.9198296513160167,-1.8875252707415875,1.1124747292584127,0.11247472925841266,-1.8875252707415875,-0.8875252707415874,0.11247472925841266,-0.8875252707415874,0.6974372299795688,-0.8875252707415874,-1.8875252707415875,1.1124747292584127,-0.3025627700204312,-0.3025627700204312,-1.8875252707415875,0.4344028241457749
148,0.7717310123268828,-0.035623909730721375,-1.0356239097307214,-1.0356239097307214,1.7717310123268828,-2.035623909730721,-1.0356239097307214,0.28630418515664097,-1.0356239097307214,-1.0356239097307214,-0.035623909730721375,-1.0356239097307214,-1.0356239097307214,-2.035623909730721,-2.035623909730721,0.28630418515664097,0.9643760902692787,0.28630418515664097,-0.4506614090095654,1.286304185156641
149,-2.035623909730721,-1.0356239097307214,-1.0356239097307214,-2.035623909730721,0.9643760902692787,-2.035623909730721,-2.035623909730721,-2.035623909730721,-2.035623909730721,2.423807708906576,-2.035623909730721,1.1343010917115908,-0.035623909730721375,-0.4506614090095654,-0.4506614090095654,1.7717310123268828,-2.035623909730721,-2.035623909730721,-1.0356239097307214,-0.035623909730721375
150,-1.121015400961366,-2.121015400961366,-2.121015400961366,-1.121015400961366,0.4639470997597901,-2.121015400961366,-2.121015400961366,2.1269121124822195,-1.121015400961366,2.5228407888133586,-0.12101540096136598,-0.5360529002402099,0.20091269392599634,-2.121015400961366,-0.5360529002402099,-1.121015400961366,0.20091269392599634,-2.121015400961366,-1.121015400961366,-2.121015400961366
151,-0.017921907997262457,-0.4329594072761063,-2.0179219079972626,-2.0179219079972626,1.3040061868900998,2.888968687611256,-2.0179219079972626,-1.0179219079972626,-2.0179219079972626,-1.0179219079972626,-2.0179219079972626,-0.017921907997262457,-1.0179219079972626,-2.0179219079972626,-2.0179219079972626,-1.0179219079972626,1.3040061868900998,-1.0179219079972626,-2.0179219079972626,-1.0179219079972626
152,1.263034405833794,-1.9068905956085187,-1.9068905956085187,-1.9068905956085187,-0.3219280948873625,-1.9068905956085187,-1.9068905956085187,0.4150374992788437,-1.9068905956085187,-0.3219280948873625,-0.9068905956085187,0.4150374992788437,1.7935491225325735,-1.9068905956085187,-1.9068905956085187,2.415037499278844,-0.3219280948873625,-1.9068905956085187,-0.9068905956085187,-1.9068905956085187
153,3.450661409009565,-1.9068905956085187,-1.9068905956085187,-1.9068905956085187,-0.9068905956085187,-1.9068905956085187,-1.9068905956085187,-0.9068905956085187,-0.9068905956085187,-0.9068905956085187,-1.9068905956085187,-0.3219280948873625,0.09310940439148147,-1.9068905956085187,-0.9068905956085187,-1.9068905956085187,-0.9068905956085187,0.4150374992788437,-1.9068905956085187,-1.9068905956085187
154,1.132103536007345,-0.8678964639926551,-1.867896463992655,0.13210353600734506,1.5915351546446423,-0.2829339632714988,1.132103536007345,-0.8678964639926551,-1.867896463992655,0.7170660367285012,-1.867896463992655,-1.867896463992655,0.4540316308947074,-1.867896463992655,-1.867896463992655,0.4540316308947074,0.13210353600734506,-0.2829339632714988,0.4540316308947074,-1.867896463992655
155,-0.3410369178350672,-0.9259994185562233,-1.9259994185562233,-0.3410369178350672,1.2439255828860891,0.07400058144377678,-1.9259994185562233,-0.9259994185562233,-0.9259994185562233,-0.3410369178350672,1.5334322000810743,0.07400058144377678,0.07400058144377678,-1.9259994185562233,0.07400058144377678,0.07400058144377678,-0.3410369178350672,1.2439255828860891,-0.3410369178350672,-0.3410369178350672
156,-0.4506614090095654,-1.0356239097307214,-0.4506614090095654,-0.4506614090095654,-1.0356239097307214,-0.035623909730721375,-2.035623909730721,2.212303603712864,-0.4506614090095654,1.286304185156641,-2.035623909730721,0.9643760902692787,1.1343010917115908,-2.035623909730721,-1.0356239097307214,-1.0356239097307214,-1.0356239097307214,0.28630418515664097,-2.035623909730721,-2.035623909730721
157,2.051838931519618,-1.0356239097307214,-2.035623909730721,-2.035623909730721,0.28630418515664097,-0.035623909730721375,-2.035623909730721,-1.0356239097307214,0.5493385909904346,0.7717310123268828,-0.4506614090095654,0.7717310123268828,0.28630418515664097,-2.035623909730721,-2.035623909730721,0.9643760902692787,-0.4506614090095654,-0.035623909730721375,-0.4506614090095654,-2.035623909730721
158,-2.0874628412503395,-0.08746284125033943,-1.0874628412503395,-2.0874628412503395,1.082462160191973,0.4974996594708166,-1.0874628412503395,-0.5025003405291834,-2.0874628412503395,-1.0874628412503395,-1.0874628412503395,-2.0874628412503395,-0.5025003405291834,-2.0874628412503395,-0.08746284125033943,2.819427754358179,-1.0874628412503395,0.7198920808072646,-2.0874628412503395,-0.5025003405291834
159,-1.981852653289741,-1.981852653289741,-0.9818526532897408,-0.3968901525685845,1.340075441597622,1.1880723481525717,-1.981852653289741,1.7185870648513515,-1.981852653289741,-0.3968901525685845,-1.981852653289741,-0.3968901525685845,0.8255022687678634,0.018147346710259204,0.3400754415976219,-0.3968901525685845,0.018147346710259204,0.6031098474314155,-1.981852653289741,-1.981852653289741
160,1.9250379423187782,-0.3968901525685845,0.8255022687678634,-0.3968901525685845,0.8255022687678634,0.018147346710259204,-0.9818526532897408,-1.981852653289741,0.018147346710259204,-0.3968901525685845,-0.9818526532897408,-0.3968901525685845,1.1880723481525717,0.018147346710259204,-0.9818526532897408,-0.9818526532897408,-0.9818526532897408,-0.3968901525685845,-1.981852653289741,-0.9818526532897408
161,-0.3785116232537298,-1.963474123974886,2.736965594166206,0.03652587602511388,0.8438807980827181,0.03652587602511388,-1.963474123974886,-0.9634741239748862,0.03652587602511388,-0.9634741239748862,-0.3785116232537298,-0.9634741239748862,1.036525876025114,0.03652587602511388,-1.963474123974886,-1.963474123974886,-1.963474123974886,-0.9634741239748862,-1.963474123974886,-1.963474123974886
162,-1.981852653289741,-1.981852653289741,0.3400754415976219,-0.3968901525685845,0.6031098474314155,-1.981852653289741,-0.9818526532897408,-0.3968901525685845,-0.3968901525685845,-1.981852653289741,-0.9818526532897408,-1.981852653289741,1.4775789653475566,0.6031098474314155,2.2660748601538447,-0.9818526532897408,0.3400754415976219,-1.981852653289741,-1.981852653289741,0.3400754415976219
163,-1.0874628412503395,-2.0874628412503395,-1.0874628412503395,-0.08746284125033943,0.4974996594708166,-0.08746284125033943,-1.0874628412503395,-0.5025003405291834,-0.08746284125033943,-0.5025003405291834,-2.0874628412503395,-1.0874628412503395,1.2344652536370226,0.2344652536370227,1.4974996594708165,0.7198920808072646,1.082462160191973,-1.0874628412503395,-0.5025003405291834,-0.5025003405291834
164,-2.070389327891398,-2.070389327891398,0.929610672108602,-1.070389327891398,-0.07038932789139801,-1.070389327891398,-2.070389327891398,-1.070389327891398,1.3890422907458992,2.453172628165615,-2.070389327891398,-0.07038932789139801,0.2515387669959641,-2.070389327891398,-2.070389327891398,0.2515387669959641,0.7369655941662061,-0.48542682717024194,-2.070389327891398,-2.070389327891398
165,-0.9634741239748862,-1.963474123974886,0.8438807980827181,2.6803820657998387,0.03652587602511388,-0.3785116232537298,-1.963474123974886,-0.3785116232537298,0.03652587602511388,-0.9634741239748862,-1.963474123974886,-0.3785116232537298,1.036525876025114,-0.9634741239748862,-1.963474123974886,0.03652587602511388,-0.9634741239748862,-0.3785116232537298,-1.963474123974886,-1.963474123974886
166,-0.9259994185562233,-1.9259994185562233,0.6589630821649329,1.9808911770522952,-1.9259994185562233,-1.9259994185562233,-0.3410369178350672,-0.9259994185562233,0.6589630821649329,-0.9259994185562233,-1.9259994185562233,0.07400058144377678,-0.9259994185562233,0.3959286763311391,2.074000581443777,-0.9259994185562233,-0.3410369178350672,-1.9259994185562233,-1.9259994185562233,-0.9259994185562233
167,1.7004397181410922,-2.0,1.9068905956085185,-1.0,-2.0,-1.0,-1.0,0.32192809488736235,0.32192809488736235,-1.0,-0.41503749927884404,-0.41503749927884404,0.32192809488736235,-0.41503749927884404,-2.0,0.0,-1.0,0.584962500721156,-1.0,-0.41503749927884404
168,-1.9259994185562233,-1.9259994185562233,-0.3410369178350672,1.9808911770522952,1.658963082164933,-0.9259994185562233,-0.9259994185562233,-1.9259994185562233,0.8813555035013807,1.5334322000810743,-1.9259994185562233,-0.3410369178350672,-0.9259994185562233,-1.9259994185562233,0.07400058144377678,-0.9259994185562233,-1.9259994185562233,-0.3410369178350672,-1.9259994185562233,-0.3410369178350672
169,-1.0,-2.0,0.32192809488736235,-2.0,-0.41503749927884404,-2.0,-2.0,-0.41503749927884404,-2.0,-0.41503749927884404,0.0,-0.41503749927884404,0.584962500721156,-1.0,-2.0,-0.41503749927884404,3.0,-0.41503749927884404,-1.0,-0.41503749927884404
170,0.3400754415976219,-0.9818526532897408,0.3400754415976219,1.4775789653475566,-0.9818526532897408,0.018147346710259204,-1.981852653289741,0.018147346710259204,-1.981852653289741,-0.3968901525685845,-1.981852653289741,0.018147346710259204,-1.981852653289741,-1.981852653289741,0.018147346710259204,-0.3968901525685845,0.3400754415976219,2.018147346710259,-0.9818526532897408,0.018147346710259204
171,-1.0356239097307214,-2.035623909730721,-0.4506614090095654,-2.035623909730721,-0.035623909730721375,-1.0356239097307214,-1.0356239097307214,-0.4506614090095654,0.7717310123268828,-2.035623909730721,-2.035623909730721,-2.035623909730721,1.1343010917115908,-0.4506614090095654,-1.0356239097307214,2.487938046326292,-1.0356239097307214,1.6648158084103706,-2.035623909730721,-2.035623909730721
172,-1.9448584458075393,-1.9448584458075393,-1.9448584458075393,-0.359895945086383,-0.359895945086383,-1.9448584458075393,-0.9448584458075392,-0.359895945086383,-0.9448584458075392,-0.9448584458075392,-0.9448584458075392,-0.9448584458075392,3.4474589769712214,-0.9448584458075392,-1.9448584458075393,-0.9448584458075392,-0.359895945086383,-0.9448584458075392,-1.9448584458075393,-1.9448584458075393
173,0.6589630821649329,-1.9259994185562233,1.0740005814437767,0.8813555035013807,-1.9259994185562233,-1.9259994185562233,-1.9259994185562233,-0.9259994185562233,1.658963082164933,0.8813555035013807,-0.3410369178350672,-0.9259994185562233,1.0740005814437767,-1.9259994185562233,-0.9259994185562233,-0.3410369178350672,-0.3410369178350672,-0.3410369178350672,0.07400058144377678,-1.9259994185562233
174,0.807354922057604,-2.0,-0.41503749927884404,1.0,-2.0,-2.0,-0.41503749927884404,-0.41503749927884404,-2.0,0.584962500721156,-1.0,-1.0,-1.0,-1.0,-2.0,-2.0,-1.0,1.0,2.643856189774725,-2.0
175,0.5670405927238937,-1.0179219079972626,1.4415097106400347,-1.0179219079972626,-0.017921907997262457,-2.0179219079972626,-2.0179219079972626,1.1520030934450498,-2.0179219079972626,0.3040061868900999,-1.0179219079972626,-2.0179219079972626,0.3040061868900999,-2.0179219079972626,-2.0179219079972626,-0.017921907997262457,0.3040061868900999,1.888968687611256,-1.0179219079972626,-0.4329594072761063
176,-2.035623909730721,-2.035623909730721,0.5493385909904346,-0.4506614090095654,0.9643760902692787,1.1343010917115908,-2.035623909730721,-0.035623909730721375,-0.4506614090095654,-0.4506614090095654,-0.035623909730721375,-1.0356239097307214,2.608232280044003,-2.035623909730721,-2.035623909730721,-1.0356239097307214,-1.0356239097307214,-1.0356239097307214,-2.035623909730721,-0.4506614090095654
177,-2.121015400961366,0.4639470997597901,-1.121015400961366,-0.5360529002402099,2.686339521096238,-2.121015400961366,-1.121015400961366,-1.121015400961366,-1.121015400961366,-0.12101540096136598,-1.121015400961366,-1.121015400961366,0.20091269392599634,1.46394709975979,-2.121015400961366,0.686339521096238,-1.121015400961366,-1.121015400961366,-2.121015400961366,-1.121015400961366
178,-2.121015400961366,-2.121015400961366,-0.5360529002402099,0.686339521096238,-1.121015400961366,2.0489096004809464,-0.5360529002402099,-1.121015400961366,0.4639470997597901,-0.5360529002402099,-2.121015400961366,-1.121015400961366,2.1269121124822195,-0.5360529002402099,-2.121015400961366,-1.121015400961366,0.20091269392599634,-0.5360529002402099,-0.5360529002402099,-1.121015400961366
179,-2.0,-1.0,-1.0,-1.0,-2.0,-2.0,-2.0,-2.0,-0.41503749927884404,-1.0,-2.0,-2.0,1.4594316186372973,-2.0,1.3219280948873624,2.0874628412503395,1.9068905956085185,0.0,-1.0,-1.0
180,-0.9448584458075392,-1.9448584458075393,-0.9448584458075392,-1.9448584458075393,-1.9448584458075393,-1.9448584458075393,-1.9448584458075393,-0.9448584458075392,0.055141554192460855,0.3770696490798231,-0.9448584458075392,1.055141554192461,2.3030690676360464,-1.9448584458075393,-0.9448584458075392,0.6401040549136171,1.755581272333553,-0.359895945086383,-0.9448584458075392,-1.9448584458075393
181,0.6780719051126376,-1.9068905956085187,-0.9068905956085187,-1.9068905956085187,-0.9068905956085187,-0.3219280948873625,-1.9068905956085187,1.263034405833794,0.4150374992788437,-0.9068905956085187,-0.3219280948873625,-0.3219280948873625,-0.9068905956085187,-0.9068905956085187,-0.9068905956085187,-0.9068905956085187,0.4150374992788437,2.5525410230287786,-1.9068905956085187,-1.9068905956085187
182,2.395928676331139,0.07400058144377678,-0.3410369178350672,-0.3410369178350672,-0.3410369178350672,-0.9259994185562233,-0.3410369178350672,-0.3410369178350672,-1.9259994185562233,-1.9259994185562233,-0.9259994185562233,-1.9259994185562233,-0.3410369178350672,-0.9259994185562233,-1.9259994185562233,0.07400058144377678,-0.9259994185562233,0.07400058144377678,1.0740005814437767,0.6589630821649329
183,0.3400754415976219,-1.981852653289741,-1.981852653289741,-0.9818526532897408,2.6031098474314156,-1.981852653289741,-1.981852653289741,-0.9818526532897408,-0.9818526532897408,1.0181473467102593,-1.981852653289741,-1.981852653289741,-1.981852653289741,0.018147346710259204,-1.981852653289741,-0.3968901525685845,-0.3968901525685845,0.6031098474314155,-0.3968901525685845,1.1880723481525717
184,-2.0179219079972626,-1.0179219079972626,-2.0179219079972626,-1.0179219079972626,-2.0179219079972626,-2.0179219079972626,-1.0179219079972626,-2.0179219079972626,0.3040061868900999,-0.4329594072761063,-2.0179219079972626,-2.0179219079972626,2.6259342817774622,-2.0179219079972626,2.736965594166206,-2.0179219079972626,-1.0179219079972626,-1.0179219079972626,-2.0179219079972626,-2.0179219079972626
185,-0.8479969065549503,-1.8479969065549504,-1.8479969065549504,-1.8479969065549504,-0.26303440583379395,-1.8479969065549504,-1.8479969065549504,-0.26303440583379395,-0.26303440583379395,1.4739311883324122,-1.8479969065549504,-0.8479969065549503,0.9593580155026541,-1.8479969065549504,0.9593580155026541,-0.8479969065549503,2.1520030934450496,-0.8479969065549503,-1.8479969065549504,0.9593580155026541
186,-1.9259994185562233,-1.9259994185562233,-0.9259994185562233,-0.9259994185562233,2.774440299584869,-0.9259994185562233,1.3959286763311392,-0.3410369178350672,0.07400058144377678,-0.9259994185562233,-1.9259994185562233,-0.9259994185562233,-0.9259994185562233,-1.9259994185562233,-1.9259994185562233,-0.9259994185562233,0.3959286763311391,-0.9259994185562233,-1.9259994185562233,0.6589630821649329
187,-0.017921907997262457,-1.0179219079972626,-1.0179219079972626,3.3743955147814977,-2.0179219079972626,-2.0179219079972626,-1.0179219079972626,0.3040061868900999,-2.0179219079972626,-1.0179219079972626,-2.0179219079972626,-1.0179219079972626,-2.0179219079972626,-0.4329594072761063,-0.4329594072761063,-2.0179219079972626,-0.4329594072761063,-1.0179219079972626,-1.0179219079972626,-2.0179219079972626
188,0.28630418515664097,-1.0356239097307214,-2.035623909730721,-0.4506614090095654,-2.035623909730721,-1.0356239097307214,0.28630418515664097,1.286304185156641,-0.4506614090095654,-0.4506614090095654,-1.0356239097307214,-2.035623909730721,-2.035623909730721,-2.035623909730721,-2.035623909730721,-2.035623909730721,-1.0356239097307214,3.051838931519618,-2.035623909730721,-0.4506614090095654
189,2.485426827170242,-1.9068905956085187,-1.9068905956085187,-0.3219280948873625,-0.3219280948873625,-0.9068905956085187,-0.9068905956085187,0.09310940439148147,0.9004643264490856,0.9004643264490856,-0.3219280948873625,-1.9068905956085187,-1.9068905956085187,-1.9068905956085187,-0.9068905956085187,-0.9068905956085187,0.6780719051126376,-0.9068905956085187,-0.3219280948873625,-0.3219280948873625
190,-0.2829339632714988,-0.8678964639926551,-0.8678964639926551,0.13210353600734506,-0.8678964639926551,-1.867896463992655,-0.8678964639926551,-1.867896463992655,0.4540316308947074,-0.8678964639926551,-1.867896463992655,-1.867896463992655,-0.2829339632714988,-0.2829339632714988,3.1764976553657984,-0.2829339632714988,-1.867896463992655,-0.8678964639926551,-1.867896463992655,-1.867896463992655
191,-0.2829339632714988,-1.867896463992655,-0.8678964639926551,0.13210353600734506,0.13210353600734506,-0.2829339632714988,-0.2829339632714988,1.4540316308947074,0.13210353600734506,-0.2829339632714988,2.0389941316158633,-1.867896463992655,-0.2829339632714988,-1.867896463992655,-1.867896463992655,-0.8678964639926551,-1.867896463992655,0.13210353600734506,-1.867896463992655,0.9394584580649492
192,0.4344028241457749,-0.8875252707415874,-0.8875252707415874,-0.3025627700204312,1.5719063478957098,-0.3025627700204312,-0.8875252707415874,-0.3025627700204312,2.3604022427019977,-1.8875252707415875,0.11247472925841266,-1.8875252707415875,-0.3025627700204312,-1.8875252707415875,-1.8875252707415875,-0.8875252707415874,-1.8875252707415875,0.6974372299795688,-1.8875252707415875,-0.3025627700204312
193,-0.3968901525685845,-1.981852653289741,0.8255022687678634,1.6031098474314156,-0.3968901525685845,-0.9818526532897408,-0.9818526532897408,-0.3968901525685845,-0.9818526532897408,2.7730348488737278,-1.981852653289741,0.3400754415976219,-1.981852653289741,-0.9818526532897408,-1.981852653289741,-1.981852653289741,-1.981852653289741,-0.3968901525685845,-1.981852653289741,-1.981852653289741
194,0.07400058144377678,0.07400058144377678,-0.3410369178350672,-0.3410369178350672,0.3959286763311391,-0.3410369178350672,-1.9259994185562233,2.1614634226941165,0.07400058144377678,-0.9259994185562233,-0.9259994185562233,-0.3410369178350672,-1.9259994185562233,-0.3410369178350672,-0.3410369178350672,1.0740005814437767,-1.9259994185562233,0.3959286763311391,-1.9259994185562233,-0.3410369178350672
195,1.4150374992788437,-1.9068905956085187,-0.9068905956085187,-1.9068905956085187,0.09310940439148147,-0.3219280948873625,-0.9068905956085187,-0.3219280948873625,-0.9068905956085187,-0.9068905956085187,-0.9068905956085187,-0.3219280948873625,0.09310940439148147,-0.3219280948873625,2.0,0.09310940439148147,0.6780719051126376,0.4150374992788437,-1.9068905956085187,-0.9068905956085187
196,-0.3410369178350672,-1.9259994185562233,0.3959286763311391,-0.9259994185562233,0.6589630821649329,0.3959286763311391,-1.9259994185562233,0.07400058144377678,-0.9259994185562233,-0.9259994185562233,-0.9259994185562233,0.3959286763311391,0.3959286763311391,-0.9259994185562233,-0.3410369178350672,0.6589630821649329,1.5334322000810743,0.6589630821649329,-1.9259994185562233,0.07400058144377678
197,1.036525876025114,-0.3785116232537298,0.03652587602511388,1.3584539709124763,-0.9634741239748862,1.036525876025114,-0.9634741239748862,-1.963474123974886,1.843880798082718,-0.9634741239748862,-0.9634741239748862,0.35845397091247627,-0.3785116232537298,-1.963474123974886,-0.3785116232537298,-1.963474123974886,-0.3785116232537298,-0.3785116232537298,-1.963474123974886,-0.9634741239748862
198,-0.9068905956085187,-1.9068905956085187,1.5525410230287786,0.09310940439148147,-1.9068905956085187,2.485426827170242,-1.9068905956085187,-1.9068905956085187,-1.9068905956085187,-1.9068905956085187,0.09310940439148147,1.9004643264490855,-0.3219280948873625,-1.9068905956085187,-0.9068905956085187,-0.9068905956085187,-0.9068905956085187,-1.9068905956085187,-1.9068905956085187,-1.9068905956085187
199,1.5525410230287786,-0.9068905956085187,1.0931094043914815,1.263034405833794,-1.9068905956085187,-0.9068905956085187,-1.9068905956085187,0.4150374992788437,-1.9068905956085187,0.4150374992788437,-0.9068905956085187,-0.9068905956085187,-1.9068905956085187,-0.9068905956085187,-1.9068905956085187,0.6780719051126376,0.09310940439148147,1.0931094043914815,-0.9068905956085187,-0.9068905956085187
200,-1.0356239097307214,-2.035623909730721,-0.4506614090095654,0.28630418515664097,-0.4506614090095654,-1.0356239097307214,-2.035623909730721,-1.0356239097307214,-0.4506614090095654,-1.0356239097307214,-2.035623909730721,-2.035623909730721,-0.4506614090095654,-0.4506614090095654,0.5493385909904346,2.9185724006561538,0.9643760902692787,-2.035623909730721,-2.035623909730721,-0.4506614090095654
201,-2.0531113364595623,-2.0531113364595623,-0.05311133645956242,0.5318511642615936,-1.0531113364595623,3.194816176984023,-2.0531113364595623,-0.4681488357384065,-0.4681488357384065,-2.0531113364595623,-0.4681488357384065,0.2688167584277998,0.2688167584277998,-1.0531113364595623,-1.0531113364595623,-2.0531113364595623,-2.0531113364595623,-1.0531113364595623,-2.0531113364595623,-2.0531113364595623
202,1.4775789653475566,-1.981852653289741,-0.3968901525685845,0.3400754415976219,0.018147346710259204,-1.981852653289741,-1.981852653289741,0.3400754415976219,0.018147346710259204,-1.981852653289741,0.8255022687678634,-1.981852653289741,0.018147346710259204,-0.9818526532897408,-0.9818526532897408,-1.981852653289741,0.6031098474314155,2.1880723481525717,-1.981852653289741,-1.981852653289741
203,-1.981852653289741,-1.981852653289741,-1.981852653289741,1.0181473467102593,-0.3968901525685845,-0.3968901525685845,-0.9818526532897408,-1.981852653289741,-1.981852653289741,-1.981852653289741,-1.981852653289741,-1.981852653289741,1.0181473467102593,-1.981852653289741,-1.981852653289741,3.303549565572508,-0.9818526532897408,-0.9818526532897408,-1.981852653289741,-1.981852653289741
204,-1.0356239097307214,-2.035623909730721,2.608232280044003,-0.035623909730721375,-2.035623909730721,-0.035623909730721375,-2.035623909730721,-1.0356239097307214,-2.035623909730721,1.7717310123268828,-0.4506614090095654,-0.4506614090095654,-1.0356239097307214,-2.035623909730721,-1.0356239097307214,-0.035623909730721375,0.7717310123268828,-0.4506614090095654,-2.035623909730721,-2.035623909730721
205,1.8255022687678633,-1.981852653289741,-1.981852653289741,-1.981852653289741,0.3400754415976219,1.0181473467102593,-0.3968901525685845,0.3400754415976219,-1.981852653289741,0.018147346710259204,0.018147346710259204,-0.3968901525685845,-0.9818526532897408,-0.3968901525685845,-0.9818526532897408,0.6031098474314155,0.8255022687678634,0.6031098474314155,-0.9818526532897408,-1.981852653289741
206,-0.3968901525685845,-1.981852653289741,1.0181473467102593,2.1880723481525717,0.8255022687678634,-0.9818526532897408,0.8255022687678634,-0.3968901525685845,-1.981852653289741,-1.981852653289741,-0.9818526532897408,-0.3968901525685845,-1.981852653289741,0.018147346710259204,-1.981852653289741,-1.981852653289741,-0.9818526532897408,0.018147346710259204,-1.981852653289741,1.1880723481525717
207,-0.359895945086383,-1.9448584458075393,0.055141554192460855,-1.9448584458075393,-1.9448584458075393,-0.359895945086383,-1.9448584458075393,-1.9448584458075393,-0.9448584458075392,-1.9448584458075393,-1.9448584458075393,-0.9448584458075392,-0.9448584458075392,-1.9448584458075393,3.514573172829758,0.3770696490798231,-1.9448584458075393,-1.9448584458075393,-1.9448584458075393,-1.9448584458075393
208,-1.9259994185562233,-0.3410369178350672,0.3959286763311391,-0.3410369178350672,2.9808911770522952,-1.9259994185562233,-0.9259994185562233,-1.9259994185562233,-1.9259994185562233,1.0740005814437767,-0.3410369178350672,-0.9259994185562233,-1.9259994185562233,-1.9259994185562233,-0.9259994185562233,-1.9259994185562233,-0.9259994185562233,0.3959286763311391,-0.9259994185562233,-0.9259994185562233
209,1.1880723481525717,-0.9818526532897408,0.8255022687678634,-0.3968901525685845,-1.981852653289741,1.6031098474314156,-1.981852653289741,-1.981852653289741,0.018147346710259204,-0.9818526532897408,-0.9818526532897408,0.018147346710259204,-0.9818526532897408,-0.3968901525685845,0.3400754415976219,1.1880723481525717,-0.3968901525685845,0.3400754415976219,-1.981852653289741,-0.3968901525685845
210,0.6031098474314155,-0.9818526532897408,-1.981852653289741,0.3400754415976219,-0.3968901525685845,0.3400754415976219,-1.981852653289741,-0.9818526532897408,1.0181473467102593,2.1880723481525717,0.3400754415976219,-1.981852653289741,0.3400754415976219,0.018147346710259204,0.018147346710259204,-0.9818526532897408,-1.981852653289741,-0.9818526532897408,-1.981852653289741,-0.3968901525685845
211,0.584962500721156,-0.41503749927884404,-0.41503749927884404,-2.0,-2.0,0.0,-2.0,0.0,-1.0,-2.0,-0.41503749927884404,1.0,-2.0,0.0,-0.41503749927884404,0.807354922057604,1.807354922057604,1.3219280948873624,-1.0,-1.0
212,-0.4681488357384065,-1.0531113364595623,-2.0531113364595623,-0.4681488357384065,-0.4681488357384065,-1.0531113364595623,-2.0531113364595623,1.7542435855980416,1.2688167584277998,2.4704506195974503,-0.05311133645956242,-0.4681488357384065,-2.0531113364595623,-2.0531113364595623,-0.4681488357384065,-2.0531113364595623,-1.0531113364595623,-0.4681488357384065,-1.0531113364595623,-2.0531113364595623
213,1.2064508774674263,-0.3785116232537298,0.6214883767462703,0.8438807980827181,-1.963474123974886,0.35845397091247627,0.03652587602511388,-1.963474123974886,0.35845397091247627,-1.963474123974886,-0.9634741239748862,0.03652587602511388,-0.9634741239748862,-0.9634741239748862,1.036525876025114,1.2064508774674263,-0.9634741239748862,-0.3785116232537298,-1.963474123974886,-0.3785116232537298
214,-0.48542682717024194,0.2515387669959641,-0.48542682717024194,0.514573172829758,-2.070389327891398,2.321928094887362,-2.070389327891398,-2.070389327891398,0.2515387669959641,-1.070389327891398,-2.070389327891398,-1.070389327891398,-1.070389327891398,-1.070389327891398,1.6300503902496941,-1.070389327891398,-1.070389327891398,-1.070389327891398,-2.070389327891398,1.0995356735509143
215,-0.41503749927884404,2.4594316186372973,0.0,-0.41503749927884404,-2.0,-0.41503749927884404,-2.0,-2.0,-1.0,-2.0,-2.0,-2.0,-1.0,-1.0,-2.0,2.4594316186372973,-0.41503749927884404,-0.41503749927884404,-0.41503749927884404,-2.0
216,-0.07038932789139801,-2.070389327891398,2.630050390249694,-1.070389327891398,-2.070389327891398,-0.07038932789139801,-2.070389327891398,-0.07038932789139801,0.514573172829758,-2.070389327891398,-2.070389327891398,-1.070389327891398,-2.070389327891398,-2.070389327891398,0.2515387669959641,1.929610672108602,-1.070389327891398,-0.07038932789139801,-2.070389327891398,-2.070389327891398
217,0.7198920808072646,-0.5025003405291834,-2.0874628412503395,-1.0874628412503395,0.7198920808072646,-1.0874628412503395,-2.0874628412503395,0.2344652536370227,-2.0874628412503395,2.9569312781081143,-0.08746284125033943,-2.0874628412503395,-2.0874628412503395,-1.0874628412503395,-2.0874628412503395,-2.0874628412503395,-2.0874628412503395,0.9125371587496607,-2.0874628412503395,-0.5025003405291834
218,-0.9259994185562233,-1.9259994185562233,-1.9259994185562233,-1.9259994185562233,1.2439255828860891,-0.9259994185562233,-1.9259994185562233,0.8813555035013807,-1.9259994185562233,1.658963082164933,0.3959286763311391,-1.9259994185562233,-0.9259994185562233,-1.9259994185562233,-1.9259994185562233,-1.9259994185562233,-0.9259994185562233,2.5975625375007896,-1.9259994185562233,-0.9259994185562233
219,2.169925001442312,-2.0,-1.0,-2.0,0.0,-2.0,-2.0,-1.0,-1.0,2.169925001442312,-1.0,-1.0,-2.0,-2.0,-2.0,-2.0,-2.0,2.247927513443585,-2.0,-2.0
220,-0.9634741239748862,-0.9634741239748862,-1.963474123974886,-1.963474123974886,0.03652587602511388,0.8438807980827181,-1.963474123974886,2.1239887172754535,-0.9634741239748862,1.3584539709124763,-1.963474123974886,-1.963474123974886,-0.3785116232537298,-1.963474123974886,-1.963474123974886,-0.9634741239748862,0.03652587602511388,1.9434164716336326,-1.963474123974886,-0.9634741239748862
221,-2.0531113364595623,-1.0531113364595623,-2.0531113364595623,-2.0531113364595623,-2.0531113364595623,-2.0531113364595623,-2.0531113364595623,-0.4681488357384065,-0.4681488357384065,-2.0531113364595623,-2.0531113364595623,-2.0531113364595623,-0.05311133645956242,-1.0531113364595623,3.701776165703906,-2.0531113364595623,-2.0531113364595623,-1.0531113364595623,-2.0531113364595623,-2.0531113364595623
222,0.5318511642615936,-0.4681488357384065,-1.0531113364595623,-2.0531113364595623,-1.0531113364595623,0.2688167584277998,-1.0531113364595623,-2.0531113364595623,-1.0531113364595623,-2.0531113364595623,-2.0531113364595623,-1.0531113364595623,-1.0531113364595623,-2.0531113364595623,-2.0531113364595623,2.9468886635404377,1.9468886635404377,-2.0531113364595623,-2.0531113364595623,-2.0531113364595623
223,-2.0179219079972626,3.2674803108649857,-1.0179219079972626,-1.0179219079972626,-2.0179219079972626,-2.0179219079972626,-2.0179219079972626,-2.0179219079972626,-2.0179219079972626,-2.0179219079972626,-1.0179219079972626,-2.0179219079972626,-1.0179219079972626,-2.0179219079972626,-2.0179219079972626,1.6825178101438296,-2.0179219079972626,-1.0179219079972626,-0.017921907997262457,-0.017921907997262457
224,-0.5025003405291834,-2.0874628412503395,-1.0874628412503395,-2.0874628412503395,-0.5025003405291834,-2.0874628412503395,-0.5025003405291834,-2.0874628412503395,-2.0874628412503395,-0.08746284125033943,0.4974996594708166,-1.0874628412503395,1.082462160191973,-2.0874628412503395,2.0,-0.08746284125033943,-0.08746284125033943,1.8194277543581792,-2.0874628412503395,0.4974996594708166
225,-1.981852653289741,-1.981852653289741,-0.3968901525685845,3.7460678012734587,-1.981852653289741,-0.9818526532897408,-1.981852653289741,-1.981852653289741,-1.981852653289741,-1.981852653289741,-1.981852653289741,-1.981852653289741,-0.9818526532897408,-0.9818526532897408,-1.981852653289741,-1.981852653289741,-0.9818526532897408,-1.981852653289741,-1.981852653289741,-0.9818526532897408
226,-2.070389327891398,-2.070389327891398,-1.070389327891398,-2.070389327891398,3.0170735133589415,-2.070389327891398,-2.070389327891398,-0.07038932789139801,-1.070389327891398,2.3890422907458992,-2.070389327891398,-2.070389327891398,-1.070389327891398,-2.070389327891398,-2.070389327891398,-1.070389327891398,-2.070389327891398,-2.070389327891398,-1.070389327891398,-0.48542682717024194
227,-1.981852653289741,-1.981852653289741,-0.3968901525685845,3.6328571908254674,-1.981852653289741,-0.3968901525685845,-1.981852653289741,-1.981852653289741,-0.9818526532897408,-0.3968901525685845,-1.981852653289741,-0.3968901525685845,-1.981852653289741,-0.9818526532897408,-1.981852653289741,-1.981852653289741,-1.981852653289741,-0.9818526532897408,-1.981852653289741,-1.981852653289741
228,-0.07038932789139801,-2.070389327891398,-2.070389327891398,-2.070389327891398,-2.070389327891398,1.8365012677171206,-1.070389327891398,-2.070389327891398,-2.070389327891398,-0.07038932789139801,-0.48542682717024194,-1.070389327891398,2.8838069824954773,-0.07038932789139801,-1.070389327891398,-0.48542682717024194,-0.07038932789139801,-2.070389327891398,-2.070389327891398,-1.070389327891398
229,-1.121015400961366,-2.121015400961366,0.686339521096238,3.338416217675931,-2.121015400961366,-1.121015400961366,-1.121015400961366,-2.121015400961366,0.20091269392599634,-0.12101540096136598,-2.121015400961366,-2.121015400961366,-1.121015400961366,0.20091269392599634,-1.121015400961366,-1.121015400961366,-1.121015400961366,-2.121015400961366,-2.121015400961366,-2.121015400961366
230,-1.963474123974886,-1.963474123974886,-1.963474123974886,-1.963474123974886,0.03652587602511388,-1.963474123974886,-1.963474123974886,-0.9634741239748862,-0.3785116232537298,-0.9634741239748862,-0.9634741239748862,-1.963474123974886,-1.963474123974886,-1.963474123974886,-1.963474123974886,0.03652587602511388,0.6214883767462703,-1.963474123974886,3.321928094887362,0.35845397091247627
231,-1.0179219079972626,-2.0179219079972626,-1.0179219079972626,-2.0179219079972626,1.4415097106400347,-2.0179219079972626,-2.0179219079972626,0.3040061868900999,-2.0179219079972626,3.1520030934450496,-1.0179219079972626,-2.0179219079972626,-1.0179219079972626,-2.0179219079972626,-2.0179219079972626,-2.0179219079972626,-2.0179219079972626,1.1520030934450498,-2.0179219079972626,-2.0179219079972626
232,-1.963474123974886,-1.963474123974886,2.036525876025114,0.03652587602511388,-0.3785116232537298,0.03652587602511388,0.03652587602511388,-1.963474123974886,0.35845397091247627,-1.963474123974886,-1.963474123974886,0.35845397091247627,1.3584539709124763,0.6214883767462703,0.6214883767462703,-0.3785116232537298,-0.9634741239748862,-1.963474123974886,-0.9634741239748862,-0.9634741239748862
233,-2.0,-1.0,-1.0,-1.0,0.32192809488736235,-0.41503749927884404,-1.0,-2.0,-2.0,3.2094533656289497,-2.0,-1.0,-2.0,-2.0,-2.0,-2.0,-2.0,0.584962500721156,-2.0,1.1699250014423124
234,-1.070389327891398,-2.070389327891398,-2.070389327891398,-2.070389327891398,-0.07038932789139801,-1.070389327891398,-1.070389327891398,0.2515387669959641,-2.070389327891398,3.251538766995964,-1.070389327891398,-1.070389327891398,-1.070389327891398,-0.07038932789139801,-2.070389327891398,-2.070389327891398,-1.070389327891398,0.7369655941662061,-2.070389327891398,-0.48542682717024194
235,0.514573172829758,-2.070389327891398,-2.070389327891398,2.321928094887362,-2.070389327891398,0.2515387669959641,-0.48542682717024194,-1.070389327891398,-1.070389327891398,-2.070389327891398,-2.070389327891398,-1.070389327891398,-1.070389327891398,0.514573172829758,0.2515387669959641,2.251538766995964,-1.070389327891398,-2.070389327891398,-2.070389327891398,-2.070389327891398
236,-1.981852653289741,-1.981852653289741,1.8255022687678633,1.6031098474314156,-0.9818526532897408,0.3400754415976219,-0.9818526532897408,-1.981852653289741,0.3400754415976219,-1.981852653289741,0.018147346710259204,0.8255022687678634,-1.981852653289741,0.6031098474314155,-1.981852653289741,-0.9818526532897408,0.8255022687678634,-0.3968901525685845,-0.9818526532897408,-0.9818526532897408
237,-0.48542682717024194,-2.070389327891398,-1.070389327891398,-1.070389327891398,-0.07038932789139801,-2.070389327891398,-0.48542682717024194,1.514573172829758,-1.070389327891398,2.9740047914670553,-1.070389327891398,-0.48542682717024194,-2.070389327891398,-0.48542682717024194,-0.48542682717024194,-2.070389327891398,-1.070389327891398,-0.48542682717024194,-2.070389327891398,-1.070389327891398
238,-0.41503749927884404,0.0,-1.0,-2.0,0.0,-2.0,1.807354922057604,-0.41503749927884404,-0.41503749927884404,-0.41503749927884404,-1.0,-1.0,-2.0,0.0,1.0,-1.0,-2.0,-0.41503749927884404,-1.0,2.0874628412503395
239,-0.9818526532897408,-1.981852653289741,-1.981852653289741,0.018147346710259204,-1.981852653289741,2.3400754415976217,-0.3968901525685845,-1.981852653289741,1.0181473467102593,-0.9818526532897408,-0.9818526532897408,-0.3968901525685845,-0.9818526532897408,1.7185870648513515,1.340075441597622,-1.981852653289741,-1.981852653289741,-1.981852653289741,-1.981852653289741,-0.9818526532897408
240,-1.981852653289741,-1.981852653289741,-1.981852653289741,-1.981852653289741,-1.981852653289741,-1.981852653289741,-1.981852653289741,-1.981852653289741,3.4775789653475564,0.018147346710259204,0.018147346710259204,-1.981852653289741,-0.9818526532897408,-1.981852653289741,-1.981852653289741,-1.981852653289741,-1.981852653289741,1.340075441597622,-1.981852653289741,-1.981852653289741
241,-0.9259994185562233,-1.9259994185562233,-1.9259994185562233,-1.9259994185562233,-1.9259994185562233,-0.9259994185562233,-1.9259994185562233,-1.9259994185562233,-0.9259994185562233,-1.9259994185562233,-1.9259994185562233,-0.9259994185562233,3.7464259234152726,-1.9259994185562233,-1.9259994185562233,-1.9259994185562233,-0.9259994185562233,-0.9259994185562233,-1.9259994185562233,-1.9259994185562233
242,-2.0179219079972626,-2.0179219079972626,-1.0179219079972626,-2.0179219079972626,-2.0179219079972626,-2.0179219079972626,-2.0179219079972626,2.1520030934450496,-2.0179219079972626,-2.0179219079972626,-2.0179219079972626,-2.0179219079972626,-1.0179219079972626,-0.4329594072761063,-2.0179219079972626,-1.0179219079972626,-0.4329594072761063,3.230005605446323,-2.0179219079972626,-2.0179219079972626
243,0.0,-1.0,-1.0,-1.0,1.0,-1.0,-2.0,1.584962500721156,-2.0,0.32192809488736235,-2.0,-2.0,0.807354922057604,-2.0,-1.0,-2.0,0.584962500721156,2.247927513443585,-1.0,-2.0
244,-1.070389327891398,-2.070389327891398,-2.070389327891398,-0.48542682717024194,1.736965594166206,-1.070389327891398,-1.070389327891398,-2.070389327891398,-2.070389327891398,-1.070389327891398,-2.070389327891398,-2.070389327891398,3.1775381855521876,-1.070389327891398,-2.070389327891398,-1.070389327891398,-2.070389327891398,0.7369655941662061,-2.070389327891398,-2.070389327891398
245,-1.9259994185562233,-1.9259994185562233,-0.9259994185562233,-1.9259994185562233,-0.9259994185562233,0.8813555035013807,-1.9259994185562233,1.7744402995848692,-0.9259994185562233,1.3959286763311392,-1.9259994185562233,-1.9259994185562233,-0.3410369178350672,-1.9259994185562233,-1.9259994185562233,-1.9259994185562233,-0.9259994185562233,2.658963082164933,-1.9259994185562233,-1.9259994185562233
246,-1.981852653289741,-1.981852653289741,-0.9818526532897408,-0.9818526532897408,-0.3968901525685845,3.4775789653475564,-1.981852653289741,-0.3968901525685845,-1.981852653289741,-1.981852653289741,-1.981852653289741,-1.981852653289741,-0.3968901525685845,0.018147346710259204,-0.9818526532897408,-0.3968901525685845,-1.981852653289741,-0.3968901525685845,-1.981852653289741,-1.981852653289741
247,-1.0,-1.0,-2.0,-1.0,0.584962500721156,-0.41503749927884404,-2.0,-1.0,-2.0,3.4918530963296748,-2.0,-2.0,-2.0,-0.41503749927884404,-2.0,-2.0,-2.0,0.0,-2.0,-2.0
248,-1.0,-2.0,-2.0,-1.0,-1.0,-1.0,-2.0,-1.0,0.0,2.643856189774725,0.807354922057604,-0.41503749927884404,1.9068905956085185,0.0,-2.0,-1.0,-2.0,-1.0,-2.0,-1.0
249,-1.981852653289741,-1.981852653289741,-1.981852653289741,-0.3968901525685845,-1.981852653289741,-1.981852653289741,-1.981852653289741,-0.3968901525685845,-0.3968901525685845,0.018147346710259204,-1.981852653289741,-0.9818526532897408,3.4775789653475564,-0.9818526532897408,-1.981852653289741,-0.9818526532897408,0.018147346710259204,-0.9818526532897408,-1.981852653289741,-1.981852653289741
250,-1.0,-2.0,-1.0,-0.41503749927884404,-2.0,-2.0,-1.0,0.32192809488736235,-0.41503749927884404,-2.0,-2.0,-0.41503749927884404,3.044394119358453,-0.41503749927884404,-1.0,0.0,0.807354922057604,0.0,-2.0,-2.0
251,-1.0,-2.0,-0.41503749927884404,0.32192809488736235,-1.0,-1.0,-2.0,0.584962500721156,0.32192809488736235,1.9068905956085185,-1.0,-2.0,-0.41503749927884404,-0.41503749927884404,-1.0,1.584962500721156,0.807354922057604,0.584962500721156,-2.0,-2.0
252,-0.359895945086383,-1.9448584458075393,0.055141554192460855,-0.359895945086383,-1.9448584458075393,-0.9448584458075392,1.055141554192461,1.377069649079823,-0.9448584458075392,-0.9448584458075392,0.8624964762500651,0.3770696490798231,0.055141554192460855,-0.359895945086383,-0.9448584458075392,0.3770696490798231,-0.359895945086383,1.055141554192461,-1.9448584458075393,-0.359895945086383
253,-0.3968901525685845,-1.981852653289741,0.8255022687678634,2.2660748601538447,-0.9818526532897408,-0.3968901525685845,-0.9818526532897408,-1.981852653289741,-0.3968901525685845,-1.981852653289741,-1.981852653289741,0.8255022687678634,-0.3968901525685845,1.1880723481525717,-1.981852653289741,0.6031098474314155,0.018147346710259204,-0.9818526532897408,-1.981852653289741,-0.3968901525685845
254,0.07400058144377678,-1.9259994185562233,1.2439255828860891,0.07400058144377678,-0.3410369178350672,1.8813555035013807,-1.9259994185562233,1.3959286763311392,-1.9259994185562233,-0.9259994185562233,-1.9259994185562233,-0.3410369178350672,-1.9259994185562233,0.07400058144377678,-1.9259994185562233,0.6589630821649329,-1.9259994185562233,0.07400058144377678,-1.9259994185562233,0.3959286763311391
255,-0.9068905956085187,-1.9068905956085187,2.0931094043914813,0.4150374992788437,-0.3219280948873625,-0.3219280948873625,-0.9068905956085187,-1.9068905956085187,-0.9068905956085187,-0.9068905956085187,-1.9068905956085187,-1.9068905956085187,-0.3219280948873625,-1.9068905956085187,2.180572245641821,0.4150374992788437,0.09310940439148147,0.09310940439148147,-1.9068905956085187,-1.9068905956085187
256,0.5318511642615936,-1.0531113364595623,2.194816176984023,1.5318511642615937,-1.0531113364595623,-1.0531113364595623,-1.0531113364595623,-2.0531113364595623,-0.4681488357384065,-2.0531113364595623,-2.0531113364595623,0.5318511642615936,-2.0531113364595623,-2.0531113364595623,0.9468886635404377,0.9468886635404377,-1.0531113364595623,-0.4681488357384065,-2.0531113364595623,-1.0531113364595623
257,-1.0179219079972626,-2.0179219079972626,0.3040061868900999,2.9820780920027374,-1.0179219079972626,0.3040061868900999,-1.0179219079972626,-0.4329594072761063,0.5670405927238937,-1.0179219079972626,-0.4329594072761063,-0.4329594072761063,-2.0179219079972626,-2.0179219079972626,-2.0179219079972626,-0.4329594072761063,-0.4329594072761063,-1.0179219079972626,-2.0179219079972626,-0.4329594072761063
258,-1.963474123974886,-1.963474123974886,3.2844533894686996,0.8438807980827181,-1.963474123974886,-0.9634741239748862,-1.963474123974886,-1.963474123974886,-1.963474123974886,-0.9634741239748862,-1.963474123974886,0.6214883767462703,-1.963474123974886,-1.963474123974886,-0.9634741239748862,-0.9634741239748862,0.03652587602511388,-0.3785116232537298,-1.963474123974886,-0.9634741239748862
259,0.3040061868900999,-1.0179219079972626,-0.017921907997262457,1.3040061868900998,-2.0179219079972626,1.7894330140603416,-2.0179219079972626,-1.0179219079972626,-0.017921907997262457,-1.0179219079972626,-1.0179219079972626,0.7894330140603417,-0.4329594072761063,-1.0179219079972626,-0.4329594072761063,-0.017921907997262457,1.3040061868900998,-2.0179219079972626,-1.0179219079972626,-1.0179219079972626
260,-0.5025003405291834,-2.0874628412503395,-2.0874628412503395,2.4974996594708165,-2.0874628412503395,-1.0874628412503395,-2.0874628412503395,-2.0874628412503395,-1.0874628412503395,-1.0874628412503395,-2.0874628412503395,0.9125371587496607,-0.08746284125033943,-1.0874628412503395,-2.0874628412503395,0.7198920808072646,-0.08746284125033943,-1.0874628412503395,1.9125371587496607,-1.0874628412503395
261,-2.0531113364595623,-0.4681488357384065,2.5318511642615937,-2.0531113364595623,-2.0531113364595623,-0.4681488357384065,-1.0531113364595623,-1.0531113364595623,-0.4681488357384065,0.9468886635404377,-2.0531113364595623,-1.0531113364595623,0.2688167584277998,-2.0531113364595623,-1.0531113364595623,0.5318511642615936,-1.0531113364595623,0.5318511642615936,1.1168136649827498,-2.0531113364595623
262,1.7717310123268828,-1.0356239097307214,-0.035623909730721375,0.5493385909904346,-1.0356239097307214,-0.035623909730721375,-1.0356239097307214,-1.0356239097307214,1.1343010917115908,0.28630418515664097,-2.035623909730721,-1.0356239097307214,-2.035623909730721,-1.0356239097307214,-1.0356239097307214,1.871266685877797,-1.0356239097307214,-1.0356239097307214,-0.4506614090095654,-1.0356239097307214
263,-1.0179219079972626,-2.0179219079972626,-0.4329594072761063,-1.0179219079972626,-2.0179219079972626,-1.0179219079972626,-2.0179219079972626,2.6825178101438296,-2.0179219079972626,-0.4329594072761063,0.3040061868900999,-1.0179219079972626,-1.0179219079972626,-2.0179219079972626,-2.0179219079972626,0.9820780920027377,1.6825178101438296,-2.0179219079972626,0.3040061868900999,-2.0179219079972626
264,-1.0531113364595623,-1.0531113364595623,-0.4681488357384065,-1.0531113364595623,0.5318511642615936,-0.4681488357384065,-1.0531113364595623,-0.05311133645956242,2.4704506195974503,0.5318511642615936,-2.0531113364595623,-1.0531113364595623,-1.0531113364595623,-1.0531113364595623,-0.4681488357384065,-0.05311133645956242,-2.0531113364595623,1.5318511642615937,-1.0531113364595623,-2.0531113364595623
265,-0.05311133645956242,-2.0531113364595623,0.2688167584277998,1.853779259148956,-1.0531113364595623,0.5318511642615936,-1.0531113364595623,-2.0531113364595623,0.5318511642615936,-0.4681488357384065,-2.0531113364595623,-2.0531113364595623,-2.0531113364595623,-0.05311133645956242,2.4704506195974503,-1.0531113364595623,-1.0531113364595623,-2.0531113364595623,-2.0531113364595623,-1.0531113364595623
266,-1.963474123974886,-1.963474123974886,-1.963474123974886,-1.963474123974886,-0.3785116232537298,-1.963474123974886,-1.963474123974886,-0.9634741239748862,-0.9634741239748862,-1.963474123974886,-1.963474123974886,-0.9634741239748862,-1.963474123974886,-1.963474123974886,-1.963474123974886,-1.963474123974886,-1.963474123974886,-1.963474123974886,3.791413378188582,-1.963474123974886
267,-2.1043366598147357,-2.1043366598147357,-2.1043366598147357,-2.1043366598147357,-2.1043366598147357,-2.1043366598147357,-1.1043366598147357,-2.1043366598147357,-2.1043366598147357,3.8264006777481505,-2.1043366598147357,-2.1043366598147357,-1.1043366598147357,-2.1043366598147357,-0.5193741590935796,-1.1043366598147357,-2.1043366598147357,-2.1043366598147357,-2.1043366598147357,-1.1043366598147357
268,-2.070389327891398,-2.070389327891398,3.7625006862733437,-1.070389327891398,-0.48542682717024194,-2.070389327891398,-1.070389327891398,-2.070389327891398,-2.070389327891398,-2.070389327891398,-2.070389327891398,-1.070389327891398,-2.070389327891398,-2.070389327891398,-1.070389327891398,-2.070389327891398,-1.070389327891398,-1.070389327891398,-2.070389327891398,-2.070389327891398
269,1.1520030934450498,-2.0179219079972626,-0.4329594072761063,0.9820780920027377,-2.0179219079972626,0.5670405927238937,-2.0179219079972626,-1.0179219079972626,2.1520030934450496,-2.0179219079972626,-0.4329594072761063,-1.0179219079972626,-2.0179219079972626,-1.0179219079972626,0.5670405927238937,0.5670405927238937,0.9820780920027377,-2.0179219079972626,-2.0179219079972626,-2.0179219079972626
270,-1.981852653289741,-1.981852653289741,-1.981852653289741,-0.9818526532897408,-1.981852653289741,-0.9818526532897408,0.3400754415976219,-0.9818526532897408,1.340075441597622,-0.9818526532897408,-1.981852653289741,-1.981852653289741,-0.9818526532897408,3.062541466068713,1.1880723481525717,-1.981852653289741,-1.981852653289741,-1.981852653289741,-0.9818526532897408,-1.981852653289741
271,0.6780719051126376,-1.9068905956085187,-0.9068905956085187,1.9004643264490855,-1.9068905956085187,0.09310940439148147,-1.9068905956085187,-0.9068905956085187,0.6780719051126376,-0.9068905956085187,-1.9068905956085187,0.4150374992788437,1.5525410230287786,0.09310940439148147,0.4150374992788437,-0.9068905956085187,-0.3219280948873625,-0.3219280948873625,-1.9068905956085187,-1.9068905956085187
272,1.871266685877797,-2.035623909730721,-2.035623909730721,-0.035623909730721375,-2.035623909730721,-0.035623909730721375,-2.035623909730721,-1.0356239097307214,1.423807708906576,-0.4506614090095654,-2.035623909730721,-0.4506614090095654,1.1343010917115908,-0.4506614090095654,0.28630418515664097,1.286304185156641,-1.0356239097307214,-0.035623909730721375,-2.035623909730721,-2.035623909730721
273,-1.0,-2.0,-1.0,-1.0,-2.0,2.0874628412503395,-2.0,-1.0,2.247927513443585,-2.0,-2.0,1.0,-1.0,-2.0,0.0,1.4594316186372973,-1.0,-2.0,-2.0,-2.0
274,-1.981852653289741,-1.981852653289741,-1.981852653289741,-1.981852653289741,-1.981852653289741,-0.3968901525685845,-1.981852653289741,-1.981852653289741,-0.9818526532897408,-0.9818526532897408,-1.981852653289741,-1.981852653289741,-1.981852653289741,-1.981852653289741,-1.981852653289741,3.799507060234919,-0.9818526532897408,-1.981852653289741,-1.981852653289741,-1.981852653289741
275,-1.9448584458075393,-0.359895945086383,-1.9448584458075393,-1.9448584458075393,-1.9448584458075393,-1.9448584458075393,-1.9448584458075393,-0.359895945086383,-1.9448584458075393,-1.9448584458075393,-1.9448584458075393,-1.9448584458075393,-1.9448584458075393,-1.9448584458075393,-1.9448584458075393,-0.9448584458075392,-0.9448584458075392,3.7275668961639568,-0.9448584458075392,-1.9448584458075393
276,-1.9448584458075393,-1.9448584458075393,-0.9448584458075392,-1.9448584458075393,-0.9448584458075392,-1.9448584458075393,-1.9448584458075393,0.055141554192460855,-1.9448584458075393,0.8624964762500651,-0.9448584458075392,-0.9448584458075392,-0.9448584458075392,-1.9448584458075393,-0.9448584458075392,-1.9448584458075393,-1.9448584458075393,3.4814063088945586,-1.9448584458075393,-1.9448584458075393
277,-1.963474123974886,-1.963474123974886,-1.963474123974886,-1.963474123974886,1.036525876025114,-1.963474123974886,-1.963474123974886,-0.9634741239748862,-0.9634741239748862,-1.963474123974886,-1.963474123974886,-1.963474123974886,-1.963474123974886,-0.9634741239748862,-0.9634741239748862,-1.963474123974886,-1.963474123974886,-1.963474123974886,-1.963474123974886,3.6214883767462704
278,-0.017921907997262457,-2.0179219079972626,-2.0179219079972626,-2.0179219079972626,-2.0179219079972626,-2.0179219079972626,-2.0179219079972626,1.5670405927238937,-2.0179219079972626,-0.4329594072761063,-1.0179219079972626,-2.0179219079972626,-2.0179219079972626,-2.0179219079972626,-2.0179219079972626,-1.0179219079972626,-2.0179219079972626,3.4415097106400347,-2.0179219079972626,-2.0179219079972626
279,3.487938046326292,-1.0356239097307214,-2.035623909730721,-2.035623909730721,-1.0356239097307214,1.7717310123268828,-2.035623909730721,-2.035623909730721,-2.035623909730721,-2.035623909730721,-2.035623909730721,-2.035623909730721,-2.035623909730721,-2.035623909730721,-2.035623909730721,-0.4506614090095654,-2.035623909730721,-2.035623909730721,-2.035623909730721,-2.035623909730721
280,-2.0,-2.0,-2.0,-2.0,3.247927513443585,-2.0,-2.0,-0.41503749927884404,-2.0,2.3923174227787602,-2.0,-2.0,-2.0,-2.0,-2.0,-2.0,-2.0,-1.0,-2.0,-2.0
281,-2.0179219079972626,-2.0179219079972626,-2.0179219079972626,-1.0179219079972626,-2.0179219079972626,3.8149681061674796,-2.0179219079972626,-1.0179219079972626,-2.0179219079972626,-2.0179219079972626,-2.0179219079972626,-2.0179219079972626,-2.0179219079972626,-2.0179219079972626,-0.4329594072761063,-2.0179219079972626,-1.0179219079972626,-2.0179219079972626,-2.0179219079972626,-2.0179219079972626
282,-0.4681488357384065,-2.0531113364595623,-2.0531113364595623,-2.0531113364595623,-1.0531113364595623,-1.0531113364595623,-2.0531113364595623,-2.0531113364595623,-2.0531113364595623,-2.0531113364595623,-2.0531113364595623,-1.0531113364595623,-2.0531113364595623,-2.0531113364595623,-2.0531113364595623,3.5615985076556456,1.406320282177735,-2.0531113364595623,-2.0531113364595623,-2.0531113364595623
283,-2.0179219079972626,-2.0179219079972626,-1.0179219079972626,3.7894330140603416,-2.0179219079972626,-2.0179219079972626,-2.0179219079972626,-1.0179219079972626,-2.0179219079972626,-2.0179219079972626,-0.4329594072761063,-2.0179219079972626,-1.0179219079972626,-1.0179219079972626,-2.0179219079972626,-2.0179219079972626,-2.0179219079972626,-2.0179219079972626,-2.0179219079972626,-2.0179219079972626
284,2.051838931519618,0.5493385909904346,-0.4506614090095654,-2.035623909730721,-1.0356239097307214,-1.0356239097307214,-2.035623909730721,-2.035623909730721,1.286304185156641,1.1343010917115908,-2.035623909730721,-2.035623909730721,-2.035623909730721,-1.0356239097307214,-1.0356239097307214,-0.035623909730721375,-1.0356239097307214,1.7717310123268828,-2.035623909730721,-1.0356239097307214
285,-1.0874628412503395,-2.0874628412503395,-2.0874628412503395,-2.0874628412503395,-2.0874628412503395,-0.5025003405291834,-2.0874628412503395,0.2344652536370227,2.3719687773869578,-0.5025003405291834,-0.5025003405291834,-2.0874628412503395,2.3719687773869578,-1.0874628412503395,-0.08746284125033943,-0.5025003405291834,0.7198920808072646,-2.0874628412503395,-2.0874628412503395,-2.0874628412503395
286,-2.0,-2.0,-2.0,-2.0,-0.41503749927884404,-1.0,-2.0,-1.0,-2.0,2.9068905956085187,-1.0,0.807354922057604,1.3219280948873624,-1.0,-1.0,0.584962500721156,-1.0,0.0,-2.0,-2.0
287,-2.035623909730721,-2.035623909730721,-1.0356239097307214,-0.4506614090095654,-2.035623909730721,0.28630418515664097,-2.035623909730721,-2.035623909730721,-2.035623909730721,-2.035623909730721,-2.035623909730721,-2.035623909730721,-1.0356239097307214,1.423807708906576,0.5493385909904346,2.871266685877797,1.423807708906576,-2.035623909730721,-2.035623909730721,-2.035623909730721
288,-1.0356239097307214,-2.035623909730721,-0.4506614090095654,-1.0356239097307214,-0.4506614090095654,-0.035623909730721375,-0.035623909730721375,-1.0356239097307214,-0.035623909730721375,-2.035623909730721,-1.0356239097307214,-0.4506614090095654,-2.035623909730721,2.7717310123268826,0.5493385909904346,-1.0356239097307214,0.7717310123268828,0.28630418515664097,-2.035623909730721,-2.035623909730721
289,-0.48542682717024194,-2.070389327891398,1.0995356735509143,3.21501289097085,-2.070389327891398,-1.070389327891398,-2.070389327891398,-2.070389327891398,-1.070389327891398,-2.070389327891398,-1.070389327891398,-2.070389327891398,-0.07038932789139801,0.2515387669959641,-1.070389327891398,-2.070389327891398,0.514573172829758,-2.070389327891398,-2.070389327891398,-2.070389327891398
290,-1.867896463992655,-1.867896463992655,1.4540316308947074,2.5244209587861053,-0.2829339632714988,-0.8678964639926551,-1.867896463992655,-1.867896463992655,0.7170660367285012,-0.8678964639926551,-0.8678964639926551,-0.8678964639926551,-0.8678964639926551,1.717066036728501,-1.867896463992655,-0.8678964639926551,-1.867896463992655,-1.867896463992655,-1.867896463992655,-1.867896463992655
291,-2.0179219079972626,-2.0179219079972626,-1.0179219079972626,-1.0179219079972626,-2.0179219079972626,-0.4329594072761063,-2.0179219079972626,1.4415097106400347,-2.0179219079972626,2.736965594166206,-0.017921907997262457,-2.0179219079972626,-2.0179219079972626,-2.0179219079972626,-2.0179219079972626,-2.0179219079972626,-1.0179219079972626,2.1520030934450496,-2.0179219079972626,-2.0179219079972626
292,-1.0,-2.0,-1.0,-1.0,-1.0,0.0,0.807354922057604,-2.0,-1.0,-2.0,-2.0,1.0,-1.0,-1.0,0.32192809488736235,-2.0,2.9068905956085187,0.0,-2.0,-1.0
293,-1.070389327891398,-2.070389327891398,-2.070389327891398,3.812253721470443,-2.070389327891398,-0.48542682717024194,-2.070389327891398,-1.070389327891398,-1.070389327891398,-2.070389327891398,-2.070389327891398,-2.070389327891398,-2.070389327891398,-2.070389327891398,-2.070389327891398,-2.070389327891398,-1.070389327891398,-2.070389327891398,-2.070389327891398,-2.070389327891398
294,-1.9259994185562233,-1.9259994185562233,-1.9259994185562233,-1.9259994185562233,-1.9259994185562233,-0.9259994185562233,-1.9259994185562233,2.774440299584869,-1.9259994185562233,2.9319815765713493,-1.9259994185562233,-1.9259994185562233,-1.9259994185562233,-1.9259994185562233,-1.9259994185562233,-0.9259994185562233,-1.9259994185562233,-1.9259994185562233,-0.9259994185562233,-1.9259994185562233
295,3.764446330588313,-1.963474123974886,-0.9634741239748862,-1.963474123974886,-1.963474123974886,-0.3785116232537298,-1.963474123974886,-1.963474123974886,-0.9634741239748862,-0.9634741239748862,-1.963474123974886,-1.963474123974886,-1.963474123974886,-1.963474123974886,-1.963474123974886,-0.9634741239748862,-1.963474123974886,-1.963474123974886,-1.963474123974886,-1.963474123974886
296,-2.0179219079972626,-2.0179219079972626,-1.0179219079972626,-1.0179219079972626,0.5670405927238937,-2.0179219079972626,1.1520030934450498,-1.0179219079972626,-2.0179219079972626,2.6259342817774622,-2.0179219079972626,-2.0179219079972626,-2.0179219079972626,-2.0179219079972626,0.3040061868900999,0.5670405927238937,0.3040061868900999,-0.017921907997262457,-2.0179219079972626,0.5670405927238937
297,-1.0,-2.0,-2.0,-2.0,-2.0,3.7548875021634687,-1.0,-2.0,-2.0,-2.0,-2.0,-2.0,-2.0,-1.0,-2.0,-1.0,-1.0,-0.41503749927884404,-2.0,-2.0
298,-2.0531113364595623,-2.0531113364595623,-2.0531113364595623,-0.4681488357384065,-0.4681488357384065,-2.0531113364595623,-2.0531113364595623,1.7542435855980416,-1.0531113364595623,3.3392060863191975,-2.0531113364595623,-2.0531113364595623,-1.0531113364595623,-2.0531113364595623,-1.0531113364595623,-2.0531113364595623,-1.0531113364595623,-1.0531113364595623,-2.0531113364595623,-2.0531113364595623
299,-2.121015400961366,-2.121015400961366,-1.121015400961366,3.833180909425509,-2.121015400961366,-2.121015400961366,-2.121015400961366,-2.121015400961366,-2.121015400961366,-2.121015400961366,-2.121015400961366,-1.121015400961366,-1.121015400961366,-1.121015400961366,-2.121015400961366,-2.121015400961366,-1.121015400961366,-2.121015400961366,-2.121015400961366,-1.121015400961366
300,-2.0179219079972626,-2.0179219079972626,-2.0179219079972626,-1.0179219079972626,-2.0179219079972626,-0.4329594072761063,-2.0179219079972626,-0.4329594072761063,1.4415097106400347,3.026472211361191,-1.0179219079972626,-0.4329594072761063,-2.0179219079972626,0.9820780920027377,-1.0179219079972626,-1.0179219079972626,-2.0179219079972626,-0.4329594072761063,-2.0179219079972626,-2.0179219079972626
301,0.8255022687678634,-0.3968901525685845,-1.981852653289741,-1.981852653289741,-0.9818526532897408,-1.981852653289741,-0.9818526532897408,-1.981852653289741,-1.981852653289741,-1.981852653289741,-1.981852653289741,-1.981852653289741,-1.981852653289741,-1.981852653289741,-1.981852653289741,3.662003536484984,-1.981852653289741,-1.981852653289741,-1.981852653289741,-1.981852653289741
302,-0.41503749927884404,-2.0,-1.0,1.4594316186372973,-2.0,3.0874628412503395,-2.0,-1.0,0.584962500721156,-2.0,-2.0,-0.41503749927884404,-2.0,0.0,-0.41503749927884404,-2.0,-1.0,-2.0,-2.0,-2.0
303,-0.3785116232537298,-1.963474123974886,-1.963474123974886,-1.963474123974886,-1.963474123974886,-1.963474123974886,-0.9634741239748862,-1.963474123974886,-0.3785116232537298,3.3940778806431977,-1.963474123974886,-1.963474123974886,-1.963474123974886,-0.9634741239748862,-0.9634741239748862,-1.963474123974886,0.6214883767462703,0.8438807980827181,-1.963474123974886,-1.963474123974886
304,-2.0,-2.0,-0.41503749927884404,-2.0,-2.0,-2.0,-2.0,-2.0,-2.0,-1.0,-2.0,-2.0,3.426264754702098,-1.0,1.4594316186372973,0.32192809488736235,-2.0,-2.0,-2.0,-2.0
305,-2.0,-2.0,-2.0,-1.0,3.7548875021634687,-2.0,-2.0,-1.0,-2.0,-2.0,-2.0,-1.0,-0.41503749927884404,-1.0,-2.0,-2.0,-2.0,-1.0,-2.0,-2.0
306,-1.0356239097307214,-2.035623909730721,-0.4506614090095654,-2.035623909730721,3.0936591072142448,-2.035623909730721,-2.035623909730721,0.7717310123268828,-2.035623909730721,1.9643760902692788,-2.035623909730721,-1.0356239097307214,-2.035623909730721,-2.035623909730721,-2.035623909730721,-2.035623909730721,-2.035623909730721,-0.035623909730721375,-2.035623909730721,-2.035623909730721
307,-1.963474123974886,-1.963474123974886,-1.963474123974886,-1.963474123974886,-1.963474123974886,-1.963474123974886,-1.963474123974886,-1.963474123974886,-1.963474123974886,-0.9634741239748862,-0.9634741239748862,-1.963474123974886,-0.9634741239748862,-1.963474123974886,-0.9634741239748862,-0.9634741239748862,-1.963474123974886,-1.963474123974886,3.791413378188582,-1.963474123974886
308,2.584962500721156,-0.41503749927884404,-2.0,-2.0,-2.0,-1.0,-2.0,0.0,0.0,-2.0,-2.0,-1.0,-1.0,-2.0,-2.0,-0.41503749927884404,0.0,2.4594316186372973,-2.0,-2.0
309,-2.1043366598147357,-2.1043366598147357,-2.1043366598147357,-2.1043366598147357,-1.1043366598147357,-1.1043366598147357,-2.1043366598147357,-1.1043366598147357,-2.1043366598147357,3.7030182622428685,-1.1043366598147357,-2.1043366598147357,-2.1043366598147357,-2.1043366598147357,-2.1043366598147357,-2.1043366598147357,-2.1043366598147357,0.21759143507262657,-2.1043366598147357,-0.10433665981473561
310,-1.9259994185562233,-1.9259994185562233,-1.9259994185562233,-1.9259994185562233,-1.9259994185562233,-1.9259994185562233,-1.9259994185562233,-1.9259994185562233,0.6589630821649329,-1.9259994185562233,-0.9259994185562233,-1.9259994185562233,-0.9259994185562233,-0.3410369178350672,3.5334322000810743,-1.9259994185562233,-1.9259994185562233,0.3959286763311391,-1.9259994185562233,-1.9259994185562233
311,-0.8278190246173197,-1.8278190246173196,-0.24285652389616358,-1.8278190246173196,-1.8278190246173196,-0.8278190246173197,-1.8278190246173196,-1.8278190246173196,2.979535897440284,0.4941090702700426,-0.8278190246173197,-0.8278190246173197,-0.24285652389616358,-0.8278190246173197,-0.8278190246173197,-0.24285652389616358,1.3421059768249926,-1.8278190246173196,-1.8278190246173196,-1.8278190246173196
312,-1.632268215499513,-1.632268215499513,-0.632268215499513,-1.632268215499513,-1.632268215499513,-0.632268215499513,-1.632268215499513,-1.632268215499513,0.3677317845004871,-0.632268215499513,-1.632268215499513,-0.632268215499513,2.8912937405575,0.3677317845004871,1.5376567859427994,-0.632268215499513,-1.632268215499513,-0.632268215499513,-1.632268215499513,-1.632268215499513
313,-0.9068905956085187,-0.9068905956085187,-0.3219280948873625,0.09310940439148147,-1.9068905956085187,-1.9068905956085187,-0.9068905956085187,-0.9068905956085187,0.09310940439148147,-0.3219280948873625,-1.9068905956085187,0.6780719051126376,-0.9068905956085187,-0.9068905956085187,1.7935491225325735,0.6780719051126376,2.0931094043914813,-1.9068905956085187,-0.9068905956085187,-0.9068905956085187
314,-0.8073549220576043,-1.8073549220576042,-0.8073549220576043,-0.8073549220576043,-1.8073549220576042,2.8365012677171206,-1.8073549220576042,-1.8073549220576042,-0.8073549220576043,1.0,-1.8073549220576042,0.7776075786635519,-0.22239242133644802,-1.8073549220576042,-0.22239242133644802,0.7776075786635519,-0.8073549220576043,-1.8073549220576042,-0.8073549220576043,-1.8073549220576042
315,0.13210353600734506,-0.8678964639926551,-0.2829339632714988,0.13210353600734506,-1.867896463992655,-0.8678964639926551,-1.867896463992655,-1.867896463992655,1.4540316308947074,-0.2829339632714988,-1.867896463992655,-0.8678964639926551,1.8325432541484372,0.4540316308947074,-0.2829339632714988,-0.2829339632714988,-0.8678964639926551,1.5915351546446423,-1.867896463992655,-1.867896463992655
316,-0.359895945086383,-0.359895945086383,1.055141554192461,1.2250665556347733,-0.9448584458075392,-0.9448584458075392,-0.9448584458075392,-1.9448584458075393,0.055141554192460855,-1.9448584458075393,-1.9448584458075393,-0.359895945086383,-1.9448584458075393,-0.359895945086383,0.3770696490798231,2.4474589769712214,-0.9448584458075392,-1.9448584458075393,0.055141554192460855,-1.9448584458075393
317,-0.8278190246173197,-0.24285652389616358,2.979535897440284,0.4941090702700426,-1.8278190246173196,1.1721809753826804,-1.8278190246173196,-1.8278190246173196,-0.8278190246173197,-1.8278190246173196,-1.8278190246173196,-0.24285652389616358,0.17218097538268035,-1.8278190246173196,-1.8278190246173196,-0.8278190246173197,-1.8278190246173196,-0.24285652389616358,-1.8278190246173196,-0.8278190246173197
318,0.7776075786635519,-1.8073549220576042,-0.8073549220576043,0.7776075786635519,-0.8073549220576043,-0.8073549220576043,-0.22239242133644802,-0.8073549220576043,-0.8073549220576043,-0.22239242133644802,-0.8073549220576043,-1.8073549220576042,1.1926450779423958,-0.8073549220576043,-0.22239242133644802,1.0,1.0,1.1926450779423958,-1.8073549220576042,-0.8073549220576043
319,-1.963474123974886,-1.963474123974886,2.4959574946624112,0.8438807980827181,-1.963474123974886,-0.3785116232537298,-1.963474123974886,0.35845397091247627,-1.963474123974886,0.8438807980827181,-0.3785116232537298,-1.963474123974886,0.03652587602511388,-0.9634741239748862,0.03652587602511388,-1.963474123974886,-0.9634741239748862,1.3584539709124763,-1.963474123974886,-1.963474123974886
320,-1.9448584458075393,-1.9448584458075393,-1.9448584458075393,2.3030690676360464,0.055141554192460855,-0.9448584458075392,-1.9448584458075393,-0.9448584458075392,0.3770696490798231,1.862496476250065,0.055141554192460855,-1.9448584458075393,0.055141554192460855,0.3770696490798231,-0.9448584458075392,-1.9448584458075393,-0.9448584458075392,0.3770696490798231,-0.9448584458075392,-1.9448584458075393
321,-2.0179219079972626,-2.0179219079972626,-2.0179219079972626,-2.0179219079972626,-2.0179219079972626,-2.0179219079972626,-2.0179219079972626,0.5670405927238937,-2.0179219079972626,3.6825178101438296,-1.0179219079972626,-2.0179219079972626,-1.0179219079972626,-1.0179219079972626,-1.0179219079972626,-2.0179219079972626,-2.0179219079972626,-1.0179219079972626,-2.0179219079972626,-2.0179219079972626
322,-1.981852653289741,-1.981852653289741,-0.9818526532897408,-1.981852653289741,-1.981852653289741,-1.981852653289741,-1.981852653289741,0.018147346710259204,-1.981852653289741,-1.981852653289741,-1.981852653289741,-1.981852653289741,3.7460678012734587,-1.981852653289741,-1.981852653289741,0.018147346710259204,-1.981852653289741,-1.981852653289741,-1.981852653289741,-1.981852653289741
323,0.7369655941662061,-2.070389327891398,1.8365012677171206,2.251538766995964,-1.070389327891398,-1.070389327891398,-0.07038932789139801,-1.070389327891398,-0.07038932789139801,-2.070389327891398,-2.070389327891398,-0.48542682717024194,-0.48542682717024194,-0.48542682717024194,-2.070389327891398,-0.07038932789139801,0.514573172829758,-0.48542682717024194,-2.070389327891398,-2.070389327891398
324,-2.0,-2.0,-1.0,-2.0,-2.0,3.8328900141647417,-2.0,-2.0,-2.0,-2.0,-1.0,-2.0,-2.0,-2.0,-2.0,-2.0,-2.0,-0.41503749927884404,-2.0,-2.0
325,-2.0531113364595623,-2.0531113364595623,-2.0531113364595623,-2.0531113364595623,3.80486965866801,-2.0531113364595623,-2.0531113364595623,-1.0531113364595623,-2.0531113364595623,-1.0531113364595623,-2.0531113364595623,-2.0531113364595623,-2.0531113364595623,-2.0531113364595623,-2.0531113364595623,-2.0531113364595623,-2.0531113364595623,-0.05311133645956242,-2.0531113364595623,-1.0531113364595623
326,-0.4329594072761063,-2.0179219079972626,-1.0179219079972626,3.3743955147814977,-2.0179219079972626,-0.4329594072761063,-2.0179219079972626,-1.0179219079972626,0.3040061868900999,-0.4329594072761063,-2.0179219079972626,-1.0179219079972626,-2.0179219079972626,-0.4329594072761063,-2.0179219079972626,-0.4329594072761063,-2.0179219079972626,-0.017921907997262457,-2.0179219079972626,-2.0179219079972626
327,-0.05311133645956242,-2.0531113364595623,0.2688167584277998,3.4704506195974503,-2.0531113364595623,-0.4681488357384065,-1.0531113364595623,-2.0531113364595623,-1.0531113364595623,-2.0531113364595623,-2.0531113364595623,-2.0531113364595623,-1.0531113364595623,-2.0531113364595623,-1.0531113364595623,-0.4681488357384065,-1.0531113364595623,-1.0531113364595623,-1.0531113364595623,-2.0531113364595623
328,-0.9634741239748862,-1.963474123974886,-1.963474123974886,-1.963474123974886,-0.9634741239748862,-1.963474123974886,-1.963474123974886,-1.963474123974886,-0.9634741239748862,-0.9634741239748862,-1.963474123974886,-1.963474123974886,-1.963474123974886,-0.3785116232537298,3.764446330588313,-1.963474123974886,-1.963474123974886,-1.963474123974886,-1.963474123974886,-1.963474123974886
329,-2.0,-2.0,-2.0,-2.0,-2.0,-2.0,-2.0,0.0,-2.0,-1.0,-2.0,-0.41503749927884404,-2.0,-2.0,-2.0,-1.0,3.3923174227787602,1.584962500721156,-2.0,-1.0
330,0.6401040549136171,-1.9448584458075393,-1.9448584458075393,0.055141554192460855,-1.9448584458075393,-0.359895945086383,-1.9448584458075393,-1.9448584458075393,2.8624964762500653,-0.9448584458075392,-1.9448584458075393,-1.9448584458075393,-1.9448584458075393,-0.359895945086383,1.377069649079823,1.2250665556347733,-1.9448584458075393,-1.9448584458075393,-1.9448584458075393,-1.9448584458075393
331,-1.9448584458075393,-1.9448584458075393,1.055141554192461,1.862496476250065,-0.9448584458075392,3.0995356735509145,-1.9448584458075393,-1.9448584458075393,-1.9448584458075393,-1.9448584458075393,-1.9448584458075393,-0.359895945086383,-1.9448584458075393,-1.9448584458075393,-0.9448584458075392,-0.9448584458075392,-1.9448584458075393,-1.9448584458075393,-1.9448584458075393,-1.9448584458075393
332,-2.0,-2.0,-2.0,-1.0,-2.0,-2.0,-1.0,-2.0,-1.0,-2.0,-2.0,-1.0,-2.0,0.584962500721156,3.672425341971495,-1.0,-2.0,-2.0,-2.0,-2.0
333,-2.0,-2.0,-2.0,-2.0,-2.0,3.8826430493618416,-2.0,-2.0,-2.0,-2.0,-2.0,-2.0,-2.0,-2.0,-2.0,-2.0,-1.0,-1.0,-2.0,-2.0
334,-1.981852653289741,-1.981852653289741,-1.981852653289741,-1.981852653289741,-1.981852653289741,-1.981852653289741,-1.981852653289741,1.9250379423187782,-0.3968901525685845,2.018147346710259,0.8255022687678634,-1.981852653289741,-1.981852653289741,-1.981852653289741,-1.981852653289741,-1.981852653289741,-0.9818526532897408,2.4775789653475564,-1.981852653289741,-1.981852653289741
335,-1.0,-2.0,-2.0,-2.0,-2.0,-1.0,-2.0,-0.41503749927884404,-2.0,-1.0,-2.0,-2.0,-2.0,-2.0,-2.0,-2.0,-2.0,3.78135971352466,-1.0,-2.0
336,0.5493385909904346,2.286304185156641,-0.4506614090095654,-2.035623909730721,-2.035623909730721,-2.035623909730721,0.5493385909904346,-2.035623909730721,-1.0356239097307214,-2.035623909730721,-2.035623909730721,-2.035623909730721,-2.035623909730721,-2.035623909730721,-1.0356239097307214,-0.4506614090095654,-1.0356239097307214,-1.0356239097307214,2.487938046326292,-0.035623909730721375
337,-0.035623909730721375,-0.4506614090095654,-1.0356239097307214,-0.035623909730721375,-2.035623909730721,-1.0356239097307214,-2.035623909730721,-0.4506614090095654,1.871266685877797,0.28630418515664097,-0.035623909730721375,-2.035623909730721,-1.0356239097307214,-2.035623909730721,0.28630418515664097,-2.035623909730721,2.423807708906576,-0.035623909730721375,-2.035623909730721,-2.035623909730721
338,-2.1043366598147357,-2.1043366598147357,-0.5193741590935796,0.21759143507262657,-2.1043366598147357,2.3550949588225616,-2.1043366598147357,-2.1043366598147357,-1.1043366598147357,-2.1043366598147357,-2.1043366598147357,0.8956633401852644,-2.1043366598147357,-2.1043366598147357,0.8956633401852644,1.8956633401852643,1.2175914350726265,-2.1043366598147357,-2.1043366598147357,-2.1043366598147357
339,-1.0,-2.0,-2.0,-1.0,-2.0,-2.0,-2.0,-2.0,-1.0,-2.0,-2.0,-2.0,-2.0,-2.0,-2.0,-2.0,-2.0,-1.0,3.8328900141647417,-2.0
340,3.0874628412503395,-2.0,-1.0,-1.0,-2.0,-2.0,-2.0,0.0,-2.0,-1.0,-2.0,-2.0,-2.0,-1.0,-2.0,-1.0,-2.0,2.321928094887362,-2.0,-2.0
341,-1.0179219079972626,-2.0179219079972626,-1.0179219079972626,-0.4329594072761063,-2.0179219079972626,-2.0179219079972626,-1.0179219079972626,-1.0179219079972626,-2.0179219079972626,-2.0179219079972626,-2.0179219079972626,-2.0179219079972626,3.7634378055273974,-2.0179219079972626,-2.0179219079972626,-1.0179219079972626,-2.0179219079972626,-2.0179219079972626,-2.0179219079972626,-2.0179219079972626
342,-2.0531113364595623,-2.0531113364595623,-2.0531113364595623,-2.0531113364595623,-1.0531113364595623,-1.0531113364595623,-2.0531113364595623,-2.0531113364595623,-2.0531113364595623,-2.0531113364595623,-2.0531113364595623,-1.0531113364595623,-1.0531113364595623,3.80486965866801,-2.0531113364595623,-2.0531113364595623,-2.0531113364595623,-1.0531113364595623,-1.0531113364595623,-2.0531113364595623
343,0.2515387669959641,-2.070389327891398,-2.070389327891398,-1.070389327891398,-1.070389327891398,-2.070389327891398,-2.070389327891398,-0.07038932789139801,0.514573172829758,2.630050390249694,0.514573172829758,-2.070389327891398,-0.07038932789139801,-1.070389327891398,0.2515387669959641,-1.070389327891398,-1.070389327891398,1.3890422907458992,-2.070389327891398,-2.070389327891398
344,-0.48542682717024194,-2.070389327891398,-2.070389327891398,0.2515387669959641,-2.070389327891398,-2.070389327891398,-2.070389327891398,-2.070389327891398,3.0170735133589415,-2.070389327891398,-2.070389327891398,-2.070389327891398,-2.070389327891398,-0.07038932789139801,1.514573172829758,1.514573172829758,-2.070389327891398,-2.070389327891398,-2.070389327891398,-2.070389327891398
345,-2.035623909730721,-2.035623909730721,-1.0356239097307214,-1.0356239097307214,-2.035623909730721,-0.4506614090095654,-2.035623909730721,3.6922965448324776,-2.035623909730721,-1.0356239097307214,-2.035623909730721,-1.0356239097307214,-2.035623909730721,-2.035623909730721,-2.035623909730721,-2.035623909730721,-1.0356239097307214,-0.035623909730721375,-2.035623909730721,-2.035623909730721
346,-2.0,-2.0,-2.0,-2.0,-2.0,-2.0,-2.0,-2.0,-2.0,3.9068905956085187,-2.0,-2.0,-2.0,-2.0,-2.0,-2.0,-2.0,-2.0,-1.0,-2.0
347,2.5975625375007896,-1.9259994185562233,-1.9259994185562233,-0.9259994185562233,-1.9259994185562233,1.5334322000810743,-1.9259994185562233,-1.9259994185562233,-1.9259994185562233,-0.9259994185562233,-1.9259994185562233,-1.9259994185562233,-1.9259994185562233,-1.9259994185562233,-1.9259994185562233,2.466318004222537,-0.3410369178350672,-1.9259994185562233,-1.9259994185562233,-1.9259994185562233
348,-1.963474123974886,-1.963474123974886,-0.9634741239748862,-1.963474123974886,-1.963474123974886,-1.963474123974886,3.791413378188582,-1.963474123974886,-0.9634741239748862,-1.963474123974886,-1.963474123974886,-0.9634741239748862,-1.963474123974886,-1.963474123974886,-0.9634741239748862,-1.963474123974886,-1.963474123974886,-0.9634741239748862,-1.963474123974886,-1.963474123974886
349,0.0,-2.0,2.0,1.4594316186372973,-2.0,1.3219280948873624,-2.0,-2.0,-1.0,-1.0,-2.0,0.0,2.0,-2.0,-2.0,-1.0,-2.0,-0.41503749927884404,-2.0,-2.0
350,2.212303603712864,-2.035623909730721,-2.035623909730721,-2.035623909730721,-2.035623909730721,-2.035623909730721,-2.035623909730721,-1.0356239097307214,-2.035623909730721,-2.035623909730721,-2.035623909730721,-0.4506614090095654,-2.035623909730721,-1.0356239097307214,-2.035623909730721,3.286304185156641,-2.035623909730721,-2.035623909730721,-2.035623909730721,-1.0356239097307214
351,-2.0531113364595623,-2.0531113364595623,-2.0531113364595623,-2.0531113364595623,-2.0531113364595623,-2.0531113364595623,-2.0531113364595623,2.5907448533151625,-2.0531113364595623,-1.0531113364595623,-2.0531113364595623,-1.0531113364595623,-2.0531113364595623,-2.0531113364595623,-0.4681488357384065,-2.0531113364595623,-2.0531113364595623,3.11681366498275,-2.0531113364595623,-2.0531113364595623
352,-2.0179219079972626,-0.4329594072761063,-2.0179219079972626,-2.0179219079972626,-2.0179219079972626,3.7634378055273974,-2.0179219079972626,-2.0179219079972626,-1.0179219079972626,-2.0179219079972626,-1.0179219079972626,-2.0179219079972626,-2.0179219079972626,-2.0179219079972626,-0.4329594072761063,-1.0179219079972626,-2.0179219079972626,-2.0179219079972626,-2.0179219079972626,-2.0179219079972626
353,1.0995356735509143,-0.48542682717024194,-2.070389327891398,-2.070389327891398,-2.070389327891398,3.453172628165615,-2.070389327891398,-2.070389327891398,-1.070389327891398,-0.07038932789139801,-2.070389327891398,-0.48542682717024194,-2.070389327891398,-2.070389327891398,-2.070389327891398,-2.070389327891398,-2.070389327891398,-0.48542682717024194,-1.070389327891398,-2.070389327891398
354,-2.070389327891398,1.736965594166206,-2.070389327891398,-2.070389327891398,3.321928094887362,-2.070389327891398,-2.070389327891398,-0.48542682717024194,-2.070389327891398,-0.07038932789139801,-1.070389327891398,-2.070389327891398,-2.070389327891398,-2.070389327891398,-2.070389327891398,-0.07038932789139801,-2.070389327891398,-1.070389327891398,-2.070389327891398,-2.070389327891398
355,-2.0,-2.0,-2.0,-1.0,0.584962500721156,-2.0,-2.0,-1.0,-2.0,3.426264754702098,1.0,-2.0,-2.0,-2.0,-1.0,-1.0,-2.0,-0.41503749927884404,-2.0,-2.0
356,-2.0,-0.41503749927884404,-2.0,-2.0,0.0,-2.0,-2.0,-2.0,-1.0,-2.0,-1.0,-1.0,-2.0,-2.0,-2.0,1.807354922057604,3.2854022188622483,-1.0,-2.0,-2.0
357,-1.963474123974886,-1.963474123974886,-1.963474123974886,-0.9634741239748862,-1.963474123974886,-1.963474123974886,3.817885589549774,-1.963474123974886,-1.963474123974886,-0.9634741239748862,-1.963474123974886,-1.963474123974886,-0.9634741239748862,-1.963474123974886,-0.9634741239748862,-1.963474123974886,-1.963474123974886,-1.963474123974886,-1.963474123974886,-1.963474123974886
358,-0.41503749927884404,2.7548875021634687,-2.0,-2.0,-2.0,0.807354922057604,-2.0,-2.0,-0.41503749927884404,-1.0,-2.0,-2.0,-0.41503749927884404,-2.0,-1.0,2.169925001442312,-2.0,-1.0,-1.0,-1.0
359,-2.0874628412503395,-2.0874628412503395,-2.0874628412503395,-2.0874628412503395,-2.0874628412503395,3.819427754358179,-2.0874628412503395,-2.0874628412503395,-2.0874628412503395,-2.0874628412503395,-2.0874628412503395,-1.0874628412503395,-1.0874628412503395,-2.0874628412503395,-1.0874628412503395,-1.0874628412503395,-2.0874628412503395,-1.0874628412503395,-1.0874628412503395,-2.0874628412503395
360,-1.963474123974886,-1.963474123974886,-1.963474123974886,-1.963474123974886,-1.963474123974886,-0.9634741239748862,-1.963474123974886,-1.963474123974886,0.03652587602511388,-0.9634741239748862,-0.9634741239748862,-0.9634741239748862,-0.9634741239748862,-1.963474123974886,-0.9634741239748862,1.3584539709124763,-0.9634741239748862,-1.963474123974886,3.321928094887362,-0.9634741239748862
361,-2.0,-2.0,-2.0,-0.41503749927884404,-2.0,2.169925001442312,-2.0,-2.0,-2.0,-1.0,-2.0,2.0874628412503395,-2.0,-2.0,-2.0,2.3923174227787602,0.32192809488736235,-2.0,-2.0,-2.0
362,-2.0874628412503395,-2.0874628412503395,-2.0874628412503395,-2.0874628412503395,-1.0874628412503395,-2.0874628412503395,-2.0874628412503395,-2.0874628412503395,-1.0874628412503395,-2.0874628412503395,-2.0874628412503395,-2.0874628412503395,-2.0874628412503395,-2.0874628412503395,-1.0874628412503395,3.819427754358179,-0.5025003405291834,-1.0874628412503395,-2.0874628412503395,-2.0874628412503395
363,-0.017921907997262457,-1.0179219079972626,-2.0179219079972626,-2.0179219079972626,-2.0179219079972626,-2.0179219079972626,-2.0179219079972626,0.9820780920027377,-1.0179219079972626,-0.017921907997262457,-0.4329594072761063,-2.0179219079972626,-2.0179219079972626,-2.0179219079972626,-2.0179219079972626,-2.0179219079972626,0.7894330140603417,3.2674803108649857,-2.0179219079972626,-2.0179219079972626
364,-2.0874628412503395,-2.0874628412503395,-1.0874628412503395,-2.0874628412503395,-1.0874628412503395,-2.0874628412503395,-2.0874628412503395,2.4974996594708165,-0.5025003405291834,-1.0874628412503395,-1.0874628412503395,-2.0874628412503395,-1.0874628412503395,-0.5025003405291834,-2.0874628412503395,-1.0874628412503395,-2.0874628412503395,2.912537158749661,-2.0874628412503395,-1.0874628412503395
365,-2.1043366598147357,-2.1043366598147357,-2.1043366598147357,3.8956633401852643,-2.1043366598147357,-2.1043366598147357,-2.1043366598147357,-2.1043366598147357,-2.1043366598147357,-1.1043366598147357,-2.1043366598147357,-2.1043366598147357,-2.1043366598147357,-2.1043366598147357,-1.1043366598147357,-2.1043366598147357,-2.1043366598147357,-1.1043366598147357,-2.1043366598147357,-2.1043366598147357
366,2.6031098474314156,-1.981852653289741,-1.981852653289741,-1.981852653289741,-1.981852653289741,2.1880723481525717,-1.981852653289741,-1.981852653289741,1.0181473467102593,-1.981852653289741,0.018147346710259204,-1.981852653289741,-0.9818526532897408,-1.981852653289741,-1.981852653289741,0.6031098474314155,-0.3968901525685845,-1.981852653289741,-1.981852653289741,-0.9818526532897408
367,-2.0,-2.0,-2.0,-0.41503749927884404,-1.0,-2.0,-2.0,0.32192809488736235,-2.0,3.5235619560570126,-2.0,-2.0,-2.0,-2.0,-2.0,-1.0,-1.0,0.807354922057604,-2.0,-2.0
368,0.3040061868900999,-1.0179219079972626,-2.0179219079972626,-2.0179219079972626,-2.0179219079972626,1.1520030934450498,0.7894330140603417,-2.0179219079972626,-2.0179219079972626,-0.4329594072761063,0.7894330140603417,-1.0179219079972626,-0.4329594072761063,2.230005605446323,0.3040061868900999,0.3040061868900999,-1.0179219079972626,-1.0179219079972626,-1.0179219079972626,-0.4329594072761063
369,-1.0531113364595623,-2.0531113364595623,-2.0531113364595623,-2.0531113364595623,3.304440668158521,-2.0531113364595623,-2.0531113364595623,-1.0531113364595623,-2.0531113364595623,1.2688167584277998,-2.0531113364595623,-0.4681488357384065,-1.0531113364595623,-1.0531113364595623,-2.0531113364595623,-0.4681488357384065,-2.0531113364595623,-0.4681488357384065,-1.0531113364595623,-0.05311133645956242
370,-0.017921907997262457,-2.0179219079972626,-2.0179219079972626,1.7894330140603416,-2.0179219079972626,3.339630096620821,-2.0179219079972626,-2.0179219079972626,-2.0179219079972626,-2.0179219079972626,-2.0179219079972626,-2.0179219079972626,-2.0179219079972626,-2.0179219079972626,-2.0179219079972626,-0.4329594072761063,-1.0179219079972626,-1.0179219079972626,-2.0179219079972626,-1.0179219079972626
371,-0.4506614090095654,-2.035623909730721,-2.035623909730721,-2.035623909730721,-2.035623909730721,-2.035623909730721,2.487938046326292,-2.035623909730721,1.286304185156641,-2.035623909730721,-2.035623909730721,-1.0356239097307214,-2.035623909730721,-2.035623909730721,2.423807708906576,-1.0356239097307214,-2.035623909730721,0.7717310123268828,-2.035623909730721,-2.035623909730721
372,1.0181473467102593,0.018147346710259204,-1.981852653289741,-1.981852653289741,-1.981852653289741,-0.9818526532897408,-1.981852653289741,-1.981852653289741,-1.981852653289741,-1.981852653289741,-1.981852653289741,-0.9818526532897408,2.662003536484984,-0.9818526532897408,-1.981852653289741,-0.3968901525685845,-1.981852653289741,2.4104647694890193,-1.981852653289741,-1.981852653289741
373,-2.0531113364595623,-2.0531113364595623,-2.0531113364595623,-0.4681488357384065,-2.0531113364595623,-1.0531113364595623,-2.0531113364595623,-2.0531113364595623,-2.0531113364595623,3.5615985076556456,0.9468886635404377,-2.0531113364595623,-0.4681488357384065,-2.0531113364595623,-2.0531113364595623,-0.4681488357384065,-2.0531113364595623,-2.0531113364595623,-2.0531113364595623,-1.0531113364595623
374,-0.4681488357384065,-1.0531113364595623,-1.0531113364595623,-0.05311133645956242,-2.0531113364595623,-2.0531113364595623,-2.0531113364595623,2.853779259148956,-2.0531113364595623,-2.0531113364595623,-2.0531113364595623,-2.0531113364595623,-2.0531113364595623,-2.0531113364595623,-2.0531113364595623,-2.0531113364595623,-2.0531113364595623,2.754243585598042,-2.0531113364595623,-2.0531113364595623
375,-1.0179219079972626,-2.0179219079972626,-0.4329594072761063,-2.0179219079972626,-0.4329594072761063,-2.0179219079972626,-2.0179219079972626,-0.017921907997262457,-2.0179219079972626,2.5670405927238935,1.6825178101438296,-2.0179219079972626,-0.4329594072761063,-1.0179219079972626,-2.0179219079972626,-2.0179219079972626,1.1520030934450498,0.5670405927238937,-2.0179219079972626,-0.4329594072761063
376,-2.035623909730721,-2.035623909730721,-2.035623909730721,-2.035623909730721,1.423807708906576,-2.035623909730721,-2.035623909730721,-2.035623909730721,-0.4506614090095654,3.5790859343844867,-2.035623909730721,-2.035623909730721,-2.035623909730721,-2.035623909730721,-2.035623909730721,-2.035623909730721,-2.035623909730721,-1.0356239097307214,-1.0356239097307214,-2.035623909730721
377,-2.035623909730721,-2.035623909730721,-2.035623909730721,-1.0356239097307214,-2.035623909730721,-2.035623909730721,-2.035623909730721,-2.035623909730721,-1.0356239097307214,-2.035623909730721,-2.035623909730721,-2.035623909730721,3.356693513048039,-1.0356239097307214,-2.035623909730721,-1.0356239097307214,1.9643760902692788,-0.4506614090095654,-2.035623909730721,-2.035623909730721
378,-0.08746284125033943,-1.0874628412503395,-2.0874628412503395,-2.0874628412503395,2.6129768768907526,-2.0874628412503395,-2.0874628412503395,1.082462160191973,-0.08746284125033943,-0.5025003405291834,0.4974996594708166,-2.0874628412503395,-0.5025003405291834,-2.0874628412503395,-1.0874628412503395,-2.0874628412503395,-2.0874628412503395,0.7198920808072646,-1.0874628412503395,1.082462160191973
379,-2.0874628412503395,-1.0874628412503395,-0.5025003405291834,-1.0874628412503395,1.371968777386958,-2.0874628412503395,-2.0874628412503395,0.7198920808072646,-2.0874628412503395,2.2344652536370226,0.4974996594708166,-0.5025003405291834,-2.0874628412503395,-0.5025003405291834,-2.0874628412503395,0.4974996594708166,-2.0874628412503395,0.2344652536370227,-2.0874628412503395,1.082462160191973
380,2.2688167584278,-1.0531113364595623,-2.0531113364595623,-1.0531113364595623,-0.05311133645956242,0.9468886635404377,-2.0531113364595623,-0.05311133645956242,-1.0531113364595623,1.5318511642615937,-2.0531113364595623,0.9468886635404377,-2.0531113364595623,-2.0531113364595623,-1.0531113364595623,0.9468886635404377,-2.0531113364595623,-2.0531113364595623,-2.0531113364595623,-0.4681488357384065
381,-2.070389327891398,-2.070389327891398,3.736965594166206,0.7369655941662061,-2.070389327891398,-2.070389327891398,-2.070389327891398,-2.070389327891398,-2.070389327891398,-2.070389327891398,-2.070389327891398,-0.48542682717024194,-2.070389327891398,-2.070389327891398,-1.070389327891398,-2.070389327891398,-2.070389327891398,-2.070389327891398,-2.070389327891398,-2.070389327891398
382,-1.0179219079972626,-2.0179219079972626,-2.0179219079972626,-2.0179219079972626,-2.0179219079972626,-2.0179219079972626,-2.0179219079972626,-2.0179219079972626,-2.0179219079972626,-0.017921907997262457,-2.0179219079972626,-2.0179219079972626,-2.0179219079972626,3.7894330140603416,-2.0179219079972626,-2.0179219079972626,-0.4329594072761063,-2.0179219079972626,-2.0179219079972626,-2.0179219079972626
383,0.0,0.807354922057604,-2.0,-2.0,-2.0,3.426264754702098,-2.0,-2.0,-0.41503749927884404,-2.0,-2.0,-2.0,0.807354922057604,-2.0,-2.0,-1.0,-2.0,-2.0,-2.0,-2.0
384,-2.035623909730721,-2.035623909730721,-1.0356239097307214,-2.035623909730721,-2.035623909730721,-2.035623909730721,-2.035623909730721,0.5493385909904346,-2.035623909730721,3.487938046326292,-2.035623909730721,-2.035623909730721,0.7717310123268828,-2.035623909730721,-2.035623909730721,-1.0356239097307214,-0.4506614090095654,-1.0356239097307214,-2.035623909730721,-1.0356239097307214
385,-2.0179219079972626,-1.0179219079972626,-2.0179219079972626,-1.0179219079972626,1.3040061868900998,-2.0179219079972626,-2.0179219079972626,-1.0179219079972626,-2.0179219079972626,-2.0179219079972626,-1.0179219079972626,3.3040061868901,-2.0179219079972626,-2.0179219079972626,-2.0179219079972626,-2.0179219079972626,-2.0179219079972626,0.5670405927238937,-2.0179219079972626,0.3040061868900999
386,3.4918530963296748,-2.0,-2.0,-1.0,-1.0,-2.0,-2.0,-2.0,-2.0,-2.0,-2.0,-1.0,-2.0,-2.0,-2.0,1.4594316186372973,0.0,-2.0,-2.0,-2.0
387,-2.0874628412503395,-2.0874628412503395,-2.0874628412503395,-1.0874628412503395,0.4974996594708166,-2.0874628412503395,-2.0874628412503395,-2.0874628412503395,0.9125371587496607,-2.0874628412503395,-2.0874628412503395,-2.0874628412503395,-2.0874628412503395,-0.5025003405291834,3.5272470028648684,-2.0874628412503395,-1.0874628412503395,-2.0874628412503395,-2.0874628412503395,-1.0874628412503395
388,-0.4329594072761063,-2.0179219079972626,-1.0179219079972626,-1.0179219079972626,-2.0179219079972626,-2.0179219079972626,-2.0179219079972626,-2.0179219079972626,-2.0179219079972626,3.473931188332412,-2.0179219079972626,-2.0179219079972626,-2.0179219079972626,-1.0179219079972626,-2.0179219079972626,-2.0179219079972626,-2.0179219079972626,1.6825178101438296,-2.0179219079972626,-2.0179219079972626
389,-1.981852653289741,-1.981852653289741,-1.981852653289741,0.018147346710259204,-1.981852653289741,-0.9818526532897408,-0.3968901525685845,0.018147346710259204,-1.981852653289741,3.1056101879605986,0.018147346710259204,-1.981852653289741,-1.981852653289741,0.018147346710259204,-0.3968901525685845,-1.981852653289741,-0.9818526532897408,1.1880723481525717,-1.981852653289741,-1.981852653289741
390,-0.48542682717024194,-2.070389327891398,-1.070389327891398,3.453172628165615,-1.070389327891398,-2.070389327891398,-1.070389327891398,-2.070389327891398,-2.070389327891398,-2.070389327891398,-2.070389327891398,-1.070389327891398,-2.070389327891398,0.7369655941662061,-2.070389327891398,-1.070389327891398,-1.070389327891398,0.514573172829758,-2.070389327891398,-2.070389327891398
391,0.7369655941662061,-1.8479969065549504,1.1520030934450498,2.6114347120823473,-1.8479969065549504,1.3219280948873624,-1.8479969065549504,-1.8479969065549504,-0.26303440583379395,-1.8479969065549504,-1.8479969065549504,-0.8479969065549503,-1.8479969065549504,-1.8479969065549504,0.4739311883324123,-0.26303440583379395,-0.8479969065549503,-0.8479969065549503,-1.8479969065549504,-1.8479969065549504
392,-2.0179219079972626,-2.0179219079972626,-2.0179219079972626,-1.0179219079972626,-2.0179219079972626,-0.017921907997262457,-2.0179219079972626,-2.0179219079972626,3.736965594166206,-2.0179219079972626,-1.0179219079972626,-2.0179219079972626,-2.0179219079972626,-2.0179219079972626,-0.4329594072761063,-2.0179219079972626,-2.0179219079972626,-2.0179219079972626,-2.0179219079972626,-1.0179219079972626
393,-2.035623909730721,-2.035623909730721,-2.035623909730721,0.5493385909904346,-2.035623909730721,1.6648158084103706,-0.4506614090095654,-0.4506614090095654,1.7717310123268828,-1.0356239097307214,-1.0356239097307214,0.9643760902692787,-2.035623909730721,0.7717310123268828,0.7717310123268828,-1.0356239097307214,-1.0356239097307214,-0.4506614090095654,-2.035623909730721,-0.035623909730721375
394,1.036525876025114,-1.963474123974886,-1.963474123974886,-1.963474123974886,-0.3785116232537298,-1.963474123974886,-0.9634741239748862,1.036525876025114,-1.963474123974886,1.4959574946624112,1.3584539709124763,-1.963474123974886,-1.963474123974886,-1.963474123974886,-1.963474123974886,-1.963474123974886,-1.963474123974886,2.560087832082127,-1.963474123974886,-1.963474123974886
395,1.5670405927238937,-1.0179219079972626,-2.0179219079972626,-1.0179219079972626,-2.0179219079972626,3.4415097106400347,-2.0179219079972626,-2.0179219079972626,-1.0179219079972626,-2.0179219079972626,-2.0179219079972626,-2.0179219079972626,-2.0179219079972626,-2.0179219079972626,-1.0179219079972626,-1.0179219079972626,-2.0179219079972626,-1.0179219079972626,-2.0179219079972626,-1.0179219079972626
396,-1.137503523749935,-1.137503523749935,-2.137503523749935,-1.137503523749935,-1.137503523749935,-2.137503523749935,-2.137503523749935,1.5629361943911573,-1.137503523749935,2.1844245711374275,-1.137503523749935,-2.137503523749935,-1.137503523749935,-2.137503523749935,-2.137503523749935,-1.137503523749935,-2.137503523749935,1.5629361943911573,-2.137503523749935,2.0324214776923775
397,-1.0356239097307214,-1.0356239097307214,-2.035623909730721,2.964376090269279,-1.0356239097307214,-2.035623909730721,-2.035623909730721,-0.4506614090095654,-2.035623909730721,1.5493385909904345,-0.4506614090095654,-2.035623909730721,-2.035623909730721,1.1343010917115908,-2.035623909730721,0.28630418515664097,-1.0356239097307214,-2.035623909730721,-2.035623909730721,-2.035623909730721
398,-2.0179219079972626,-2.0179219079972626,-2.0179219079972626,-2.0179219079972626,-2.0179219079972626,-2.0179219079972626,-2.0179219079972626,2.5056400480597505,-2.0179219079972626,-2.0179219079972626,-1.0179219079972626,-2.0179219079972626,-2.0179219079972626,-2.0179219079972626,-2.0179219079972626,-2.0179219079972626,-1.0179219079972626,3.230005605446323,-2.0179219079972626,-2.0179219079972626
399,0.8438807980827181,-1.963474123974886,-0.9634741239748862,0.6214883767462703,-1.963474123974886,-1.963474123974886,-1.963474123974886,-1.963474123974886,-0.9634741239748862,-0.9634741239748862,-1.963474123974886,-1.963474123974886,3.2844533894686996,-1.963474123974886,-0.9634741239748862,0.35845397091247627,-1.963474123974886,-0.9634741239748862,-1.963474123974886,-0.9634741239748862
400,-2.0531113364595623,-1.0531113364595623,-2.0531113364595623,-1.0531113364595623,-2.0531113364595623,-2.0531113364595623,-2.0531113364595623,-1.0531113364595623,-2.0531113364595623,-2.0531113364595623,-1.0531113364595623,-2.0531113364595623,-2.0531113364595623,-2.0531113364595623,3.80486965866801,-1.0531113364595623,-1.0531113364595623,-2.0531113364595623,-2.0531113364595623,-2.0531113364595623
401,-1.981852653289741,-1.981852653289741,2.1056101879605986,-0.3968901525685845,-0.9818526532897408,-1.981852653289741,-1.981852653289741,-0.9818526532897408,-1.981852653289741,-1.981852653289741,-1.981852653289741,2.8761283418378314,-1.981852653289741,-1.981852653289741,-1.981852653289741,1.340075441597622,-0.9818526532897408,-0.9818526532897408,-1.981852653289741,-1.981852653289741
402,-0.9259994185562233,-1.9259994185562233,0.8813555035013807,3.321928094887362,-1.9259994185562233,-0.3410369178350672,-1.9259994185562233,-1.9259994185562233,0.3959286763311391,-1.9259994185562233,-0.9259994185562233,-0.9259994185562233,-1.9259994185562233,-1.9259994185562233,-1.9259994185562233,-1.9259994185562233,-1.9259994185562233,-0.9259994185562233,-1.9259994185562233,0.07400058144377678
403,-0.9818526532897408,-1.981852653289741,0.018147346710259204,2.018147346710259,-0.9818526532897408,0.018147346710259204,-0.3968901525685845,-0.9818526532897408,1.0181473467102593,-0.9818526532897408,-1.981852653289741,-0.3968901525685845,0.018147346710259204,0.8255022687678634,1.6031098474314156,-0.9818526532897408,-0.9818526532897408,-0.9818526532897408,-1.981852653289741,-1.981852653289741
404,-2.0874628412503395,-2.0874628412503395,3.7705181538772328,0.7198920808072646,-2.0874628412503395,-2.0874628412503395,-2.0874628412503395,-2.0874628412503395,-2.0874628412503395,-1.0874628412503395,-2.0874628412503395,-2.0874628412503395,-2.0874628412503395,-2.0874628412503395,-2.0874628412503395,-2.0874628412503395,-1.0874628412503395,-2.0874628412503395,-2.0874628412503395,-2.0874628412503395
405,-2.0531113364595623,-2.0531113364595623,-2.0531113364595623,-1.0531113364595623,-2.0531113364595623,3.877626001103324,-2.0531113364595623,-2.0531113364595623,-1.0531113364595623,-2.0531113364595623,-2.0531113364595623,-2.0531113364595623,-2.0531113364595623,-2.0531113364595623,-1.0531113364595623,-2.0531113364595623,-2.0531113364595623,-2.0531113364595623,-2.0531113364595623,-2.0531113364595623
406,-1.0874628412503395,-0.08746284125033943,-1.0874628412503395,-0.5025003405291834,-0.5025003405291834,-2.0874628412503395,-2.0874628412503395,-2.0874628412503395,-2.0874628412503395,-0.5025003405291834,-2.0874628412503395,-2.0874628412503395,-1.0874628412503395,-2.0874628412503395,0.4974996594708166,3.4360991148066735,-1.0874628412503395,-2.0874628412503395,-1.0874628412503395,-1.0874628412503395
407,-2.0179219079972626,-2.0179219079972626,-2.0179219079972626,-2.0179219079972626,3.736965594166206,-2.0179219079972626,-2.0179219079972626,-1.0179219079972626,-2.0179219079972626,-0.017921907997262457,-1.0179219079972626,-2.0179219079972626,-1.0179219079972626,-2.0179219079972626,-2.0179219079972626,-2.0179219079972626,-2.0179219079972626,-0.4329594072761063,-2.0179219079972626,-2.0179219079972626
408,-2.035623909730721,-0.4506614090095654,1.1343010917115908,-2.035623909730721,-2.035623909730721,-2.035623909730721,-1.0356239097307214,-2.035623909730721,-2.035623909730721,-0.4506614090095654,-2.035623909730721,-1.0356239097307214,-2.035623909730721,-2.035623909730721,-0.4506614090095654,1.1343010917115908,3.249778309131527,-2.035623909730721,-2.035623909730721,-2.035623909730721
409,-1.981852653289741,-1.981852653289741,-1.981852653289741,-0.9818526532897408,-1.981852653289741,1.0181473467102593,-1.981852653289741,-1.981852653289741,0.3400754415976219,-0.9818526532897408,-1.981852653289741,-1.981852653289741,-0.9818526532897408,-1.981852653289741,3.1880723481525717,1.4775789653475566,-1.981852653289741,-1.981852653289741,-1.981852653289741,-1.981852653289741
410,-1.070389327891398,-2.070389327891398,2.736965594166206,2.5734668618833267,-2.070389327891398,-2.070389327891398,-1.070389327891398,-2.070389327891398,-1.070389327891398,-2.070389327891398,-2.070389327891398,0.929610672108602,-2.070389327891398,-2.070389327891398,-2.070389327891398,-2.070389327891398,-1.070389327891398,-0.48542682717024194,-2.070389327891398,-2.070389327891398
411,0.929610672108602,-0.48542682717024194,0.2515387669959641,0.2515387669959641,-1.070389327891398,0.514573172829758,-2.070389327891398,-2.070389327891398,-2.070389327891398,0.2515387669959641,-2.070389327891398,-1.070389327891398,-2.070389327891398,-2.070389327891398,-2.070389327891398,3.0995356735509145,-2.070389327891398,-1.070389327891398,-2.070389327891398,-2.070389327891398
412,-2.0531113364595623,-2.0531113364595623,-2.0531113364595623,-2.0531113364595623,-1.0531113364595623,-2.0531113364595623,-2.0531113364595623,1.1168136649827498,-1.0531113364595623,-2.0531113364595623,-0.4681488357384065,-2.0531113364595623,-2.0531113364595623,-2.0531113364595623,-2.0531113364595623,-2.0531113364595623,-1.0531113364595623,3.6193140055119333,-2.0531113364595623,-2.0531113364595623
413,3.690572688681755,-1.981852653289741,-1.981852653289741,-1.981852653289741,-1.981852653289741,-0.3968901525685845,-1.981852653289741,-1.981852653289741,-1.981852653289741,-1.981852653289741,-1.981852653289741,-1.981852653289741,-1.981852653289741,-1.981852653289741,-0.9818526532897408,0.6031098474314155,-0.9818526532897408,-1.981852653289741,-1.981852653289741,-1.981852653289741
414,0.0,-2.0,0.807354922057604,1.9068905956085185,-2.0,-2.0,0.584962500721156,-2.0,2.247927513443585,-1.0,-2.0,0.0,-2.0,-0.41503749927884404,0.807354922057604,-2.0,-0.41503749927884404,-2.0,-2.0,-2.0
415,1.1168136649827498,-0.4681488357384065,-1.0531113364595623,-2.0531113364595623,-1.0531113364595623,-2.0531113364595623,-2.0531113364595623,-2.0531113364595623,-0.05311133645956242,-0.4681488357384065,-2.0531113364595623,-2.0531113364595623,-2.0531113364595623,-1.0531113364595623,-1.0531113364595623,3.076171680485404,1.2688167584277998,-1.0531113364595623,-2.0531113364595623,-2.0531113364595623
416,-2.1043366598147357,-2.1043366598147357,-2.1043366598147357,-2.1043366598147357,-2.1043366598147357,-2.1043366598147357,-2.1043366598147357,1.7030182622428685,-1.1043366598147357,3.253215344803348,-1.1043366598147357,-2.1043366598147357,-2.1043366598147357,-2.1043366598147357,-2.1043366598147357,-0.5193741590935796,-1.1043366598147357,1.0655883416275769,-2.1043366598147357,-2.1043366598147357
417,-2.1043366598147357,-2.1043366598147357,-2.1043366598147357,-2.1043366598147357,-1.1043366598147357,-2.1043366598147357,-2.1043366598147357,-2.1043366598147357,0.8956633401852644,-2.1043366598147357,-2.1043366598147357,-1.1043366598147357,-2.1043366598147357,-0.5193741590935796,3.56808868215676,0.21759143507262657,-2.1043366598147357,-1.1043366598147357,-2.1043366598147357,-2.1043366598147357
418,1.6031098474314156,-1.981852653289741,-1.981852653289741,-1.981852653289741,0.018147346710259204,-1.981852653289741,-0.9818526532897408,-1.981852653289741,0.018147346710259204,2.9250379423187782,-0.3968901525685845,-1.981852653289741,-1.981852653289741,-0.3968901525685845,0.3400754415976219,-0.3968901525685845,-0.3968901525685845,-1.981852653289741,-1.981852653289741,-1.981852653289741
419,1.584962500721156,-2.0,-2.0,-2.0,-1.0,-1.0,-2.0,-1.0,-0.41503749927884404,-1.0,-0.41503749927884404,-2.0,-2.0,-2.0,-2.0,-1.0,-2.0,3.3575520046180833,-2.0,-2.0
420,0.9394584580649492,-1.867896463992655,-0.8678964639926551,-1.867896463992655,-0.8678964639926551,-1.867896463992655,-1.867896463992655,1.9394584580649492,-0.8678964639926551,0.13210353600734506,2.5244209587861053,-1.867896463992655,-1.867896463992655,-1.867896463992655,-1.867896463992655,-1.867896463992655,-0.8678964639926551,0.9394584580649492,-1.867896463992655,-0.8678964639926551
421,-1.0874628412503395,-2.0874628412503395,-1.0874628412503395,-0.5025003405291834,-2.0874628412503395,-1.0874628412503395,-2.0874628412503395,-1.0874628412503395,-2.0874628412503395,-0.08746284125033943,0.2344652536370227,-2.0874628412503395,-2.0874628412503395,-2.0874628412503395,-2.0874628412503395,-2.0874628412503395,-2.0874628412503395,3.6129768768907526,-2.0874628412503395,-1.0874628412503395
422,-1.0179219079972626,-2.0179219079972626,1.7894330140603416,2.7894330140603416,-2.0179219079972626,-0.4329594072761063,-2.0179219079972626,-1.0179219079972626,-1.0179219079972626,0.7894330140603417,-0.4329594072761063,-1.0179219079972626,-2.0179219079972626,-2.0179219079972626,-2.0179219079972626,-0.017921907997262457,-2.0179219079972626,0.3040061868900999,-2.0179219079972626,-2.0179219079972626
423,-2.070389327891398,-2.070389327891398,-0.07038932789139801,3.4214637684382767,-2.070389327891398,-0.07038932789139801,-2.070389327891398,-2.070389327891398,-0.07038932789139801,-0.48542682717024194,-1.070389327891398,-1.070389327891398,-2.070389327891398,-1.070389327891398,-1.070389327891398,-0.07038932789139801,-1.070389327891398,-1.070389327891398,-2.070389327891398,-2.070389327891398
424,-2.1043366598147357,-2.1043366598147357,-0.10433665981473561,3.650550842348733,-2.1043366598147357,-0.10433665981473561,-1.1043366598147357,-2.1043366598147357,-2.1043366598147357,-2.1043366598147357,-2.1043366598147357,-0.5193741590935796,-1.1043366598147357,-2.1043366598147357,-2.1043366598147357,-2.1043366598147357,-1.1043366598147357,-2.1043366598147357,-1.1043366598147357,-1.1043366598147357
425,-0.13750352374993496,-1.7224660244710912,0.27753397552890896,1.277533975528909,-1.7224660244710912,2.599462070416271,-1.7224660244710912,-1.7224660244710912,-1.7224660244710912,0.27753397552890896,-1.7224660244710912,-1.7224660244710912,-1.7224660244710912,-0.7224660244710911,-0.13750352374993496,0.8624964762500651,-0.13750352374993496,-0.7224660244710911,-1.7224660244710912,-0.7224660244710911
426,-2.1858665453113337,-1.185866545311334,0.13606154957602826,0.3990959554098223,-2.1858665453113337,2.768329765075541,-1.185866545311334,-1.185866545311334,-2.1858665453113337,-0.6009040445901778,-1.185866545311334,-2.1858665453113337,-0.6009040445901778,-0.6009040445901778,-0.6009040445901778,2.206450877467426,-2.1858665453113337,-2.1858665453113337,-2.1858665453113337,-2.1858665453113337
427,-0.9634741239748862,-1.963474123974886,-0.3785116232537298,1.2064508774674263,-1.963474123974886,0.35845397091247627,-1.963474123974886,-0.3785116232537298,2.843880798082718,0.35845397091247627,-1.963474123974886,-0.9634741239748862,-0.9634741239748862,-0.3785116232537298,0.03652587602511388,-0.3785116232537298,-1.963474123974886,-1.963474123974886,-1.963474123974886,-0.9634741239748862
428,0.5493385909904346,-2.035623909730721,-1.0356239097307214,0.5493385909904346,-1.0356239097307214,0.5493385909904346,-2.035623909730721,2.286304185156641,-2.035623909730721,-2.035623909730721,-0.4506614090095654,-1.0356239097307214,-1.0356239097307214,-0.4506614090095654,0.7717310123268828,-1.0356239097307214,-0.4506614090095654,1.423807708906576,-1.0356239097307214,-2.035623909730721
429,-2.137503523749935,-1.137503523749935,-2.137503523749935,-0.13750352374993496,1.4474589769712212,-1.137503523749935,-0.13750352374993496,-0.13750352374993496,-1.137503523749935,1.0324214776923775,-1.137503523749935,-1.137503523749935,-2.137503523749935,-1.137503523749935,-0.5525410230287788,-2.137503523749935,-2.137503523749935,-1.137503523749935,-1.137503523749935,2.8166927866369402
430,-1.0356239097307214,-2.035623909730721,-2.035623909730721,-1.0356239097307214,-2.035623909730721,-0.4506614090095654,-2.035623909730721,-1.0356239097307214,0.28630418515664097,-1.0356239097307214,-2.035623909730721,-0.4506614090095654,-2.035623909730721,-0.035623909730721375,3.5189649419469156,-2.035623909730721,-2.035623909730721,-1.0356239097307214,-2.035623909730721,-2.035623909730721
431,1.807354922057604,-2.0,2.169925001442312,0.807354922057604,-2.0,-1.0,-2.0,-1.0,0.807354922057604,-2.0,-1.0,0.584962500721156,-2.0,-1.0,0.807354922057604,-2.0,-1.0,-0.41503749927884404,-2.0,-2.0
432,-2.070389327891398,-2.070389327891398,-1.070389327891398,-1.070389327891398,-2.070389327891398,-1.070389327891398,-2.070389327891398,-2.070389327891398,2.9740047914670553,-1.070389327891398,-2.070389327891398,2.321928094887362,-2.070389327891398,-2.070389327891398,-0.07038932789139801,-2.070389327891398,-1.070389327891398,-0.48542682717024194,-0.48542682717024194,-2.070389327891398
433,3.4043902550793352,-2.0874628412503395,-1.0874628412503395,-0.5025003405291834,-1.0874628412503395,0.2344652536370227,-2.0874628412503395,-0.5025003405291834,-2.0874628412503395,-1.0874628412503395,-0.5025003405291834,-2.0874628412503395,-1.0874628412503395,-1.0874628412503395,-2.0874628412503395,-2.0874628412503395,-1.0874628412503395,0.4974996594708166,-2.0874628412503395,-2.0874628412503395
434,0.2515387669959641,-2.070389327891398,-2.070389327891398,-0.48542682717024194,-1.070389327891398,-0.07038932789139801,-2.070389327891398,-0.07038932789139801,3.1390640377375516,-2.070389327891398,0.2515387669959641,-2.070389327891398,-1.070389327891398,-2.070389327891398,1.0995356735509143,-2.070389327891398,-2.070389327891398,-2.070389327891398,-0.48542682717024194,-2.070389327891398
435,0.1844245711374273,-2.137503523749935,-0.13750352374993496,2.8624964762500653,-1.137503523749935,0.44745897697122117,-0.13750352374993496,-2.137503523749935,1.4474589769712212,-1.137503523749935,-1.137503523749935,-1.137503523749935,-2.137503523749935,-1.137503523749935,-0.5525410230287788,-1.137503523749935,-1.137503523749935,-1.137503523749935,-2.137503523749935,-1.137503523749935
436,-0.10433665981473561,-2.1043366598147357,-1.1043366598147357,-1.1043366598147357,-2.1043366598147357,-0.5193741590935796,-1.1043366598147357,-2.1043366598147357,-0.5193741590935796,2.2175914350726265,2.8498596505721396,-2.1043366598147357,-2.1043366598147357,-1.1043366598147357,-0.5193741590935796,-0.5193741590935796,-2.1043366598147357,-1.1043366598147357,-2.1043366598147357,-1.1043366598147357
437,0.018147346710259204,-1.981852653289741,-1.981852653289741,-0.9818526532897408,-0.9818526532897408,1.340075441597622,-1.981852653289741,-0.3968901525685845,2.1880723481525717,-0.9818526532897408,-0.9818526532897408,0.018147346710259204,-1.981852653289741,1.4775789653475566,0.6031098474314155,0.6031098474314155,-1.981852653289741,-1.981852653289741,-0.9818526532897408,-1.981852653289741
438,0.4974996594708166,-1.0874628412503395,-0.5025003405291834,2.160464672193246,-0.5025003405291834,1.371968777386958,-1.0874628412503395,-2.0874628412503395,1.8194277543581792,-1.0874628412503395,-1.0874628412503395,-0.5025003405291834,-1.0874628412503395,-2.0874628412503395,-2.0874628412503395,-0.08746284125033943,-0.5025003405291834,-0.5025003405291834,-2.0874628412503395,-2.0874628412503395
439,-2.0,-2.0,-2.0,-2.0,-0.41503749927884404,0.0,-1.0,2.0874628412503395,-1.0,2.3923174227787602,-2.0,-2.0,-1.0,-1.0,-2.0,-2.0,-2.0,1.807354922057604,-2.0,-0.41503749927884404
440,-2.0,-2.0,-2.0,-2.0,3.247927513443585,-1.0,-2.0,-1.0,-2.0,0.0,-2.0,-0.41503749927884404,-2.0,-2.0,-2.0,-2.0,-2.0,1.807354922057604,-2.0,0.0
441,0.584962500721156,-0.41503749927884404,-1.0,-0.41503749927884404,-2.0,2.8073549220576037,-2.0,-2.0,-0.41503749927884404,-2.0,-2.0,0.32192809488736235,-2.0,-2.0,0.584962500721156,1.1699250014423124,-1.0,-1.0,-2.0,-0.41503749927884404
442,-2.0874628412503395,-2.0874628412503395,2.9569312781081143,-2.0874628412503395,-2.0874628412503395,-1.0874628412503395,-1.0874628412503395,-1.0874628412503395,-1.0874628412503395,-0.5025003405291834,-2.0874628412503395,1.6129768768907529,-2.0874628412503395,-1.0874628412503395,-1.0874628412503395,1.082462160191973,-0.5025003405291834,-1.0874628412503395,-1.0874628412503395,-1.0874628412503395
443,-1.121015400961366,-2.121015400961366,-1.121015400961366,0.686339521096238,-2.121015400961366,-0.5360529002402099,-2.121015400961366,-1.121015400961366,1.686339521096238,-0.12101540096136598,1.3384162176759313,-1.121015400961366,-2.121015400961366,-0.12101540096136598,1.686339521096238,-2.121015400961366,0.686339521096238,0.686339521096238,-1.121015400961366,-2.121015400961366
444,0.929610672108602,-2.070389327891398,1.929610672108602,1.3890422907458992,-2.070389327891398,-0.48542682717024194,-2.070389327891398,-2.070389327891398,1.736965594166206,-2.070389327891398,-2.070389327891398,0.2515387669959641,-1.070389327891398,-0.48542682717024194,-0.48542682717024194,-0.48542682717024194,0.2515387669959641,-1.070389327891398,-2.070389327891398,-1.070389327891398
445,-2.070389327891398,-0.07038932789139801,-2.070389327891398,-0.48542682717024194,-0.48542682717024194,-0.48542682717024194,-2.070389327891398,0.2515387669959641,1.2515387669959641,2.1775381855521876,-2.070389327891398,-1.070389327891398,-1.070389327891398,-1.070389327891398,1.514573172829758,0.929610672108602,-2.070389327891398,-0.07038932789139801,-2.070389327891398,-2.070389327891398
446,-2.070389327891398,-2.070389327891398,-2.070389327891398,0.2515387669959641,-2.070389327891398,-1.070389327891398,2.514573172829758,-2.070389327891398,-2.070389327891398,0.2515387669959641,-2.070389327891398,0.7369655941662061,-2.070389327891398,2.5734668618833267,-2.070389327891398,-1.070389327891398,-2.070389327891398,-1.070389327891398,-2.070389327891398,-2.070389327891398
447,-2.0531113364595623,-2.0531113364595623,2.0343515047907768,1.853779259148956,-2.0531113364595623,-1.0531113364595623,-0.4681488357384065,-1.0531113364595623,0.2688167584277998,-0.4681488357384065,-2.0531113364595623,1.853779259148956,-0.4681488357384065,-1.0531113364595623,-1.0531113364595623,-0.4681488357384065,-0.4681488357384065,-1.0531113364595623,-2.0531113364595623,-2.0531113364595623
448,-2.0,-2.0,-2.0,0.584962500721156,-1.0,-1.0,-0.41503749927884404,-2.0,1.4594316186372973,0.0,-1.0,-2.0,-1.0,1.7004397181410922,2.0874628412503395,0.584962500721156,-1.0,-0.41503749927884404,-2.0,-2.0
449,-1.0,-2.0,-2.0,-1.0,-2.0,-1.0,-0.41503749927884404,-1.0,0.0,-0.41503749927884404,-0.41503749927884404,-1.0,-2.0,-2.0,-2.0,-1.0,-2.0,-1.0,-2.0,3.4918530963296748
450,-0.035623909730721375,-2.035623909730721,-1.0356239097307214,-0.035623909730721375,-1.0356239097307214,-2.035623909730721,-1.0356239097307214,1.9643760902692788,-0.035623909730721375,1.6648158084103706,-0.035623909730721375,-2.035623909730721,-2.035623909730721,-1.0356239097307214,-2.035623909730721,-2.035623909730721,-2.035623909730721,2.212303603712864,-1.0356239097307214,-2.035623909730721
451,-1.070389327891398,-2.070389327891398,2.9740047914670553,0.2515387669959641,-1.070389327891398,-0.48542682717024194,0.514573172829758,-2.070389327891398,-0.48542682717024194,-0.07038932789139801,-2.070389327891398,0.2515387669959641,-2.070389327891398,-0.07038932789139801,-2.070389327891398,0.514573172829758,-0.48542682717024194,-2.070389327891398,-2.070389327891398,-2.070389327891398
452,-0.5193741590935796,-2.1043366598147357,1.3550949588225618,1.3550949588225618,-2.1043366598147357,1.2175914350726265,-1.1043366598147357,-2.1043366598147357,-0.5193741590935796,-2.1043366598147357,-0.5193741590935796,1.2175914350726265,-2.1043366598147357,0.21759143507262657,-0.5193741590935796,1.2175914350726265,-0.10433665981473561,-0.10433665981473561,-2.1043366598147357,-2.1043366598147357
453,-1.1043366598147357,-1.1043366598147357,-0.5193741590935796,-1.1043366598147357,3.321928094887362,-1.1043366598147357,-2.1043366598147357,-2.1043366598147357,0.21759143507262657,1.2175914350726265,-2.1043366598147357,-2.1043366598147357,-0.5193741590935796,-1.1043366598147357,-2.1043366598147357,-2.1043366598147357,-1.1043366598147357,-2.1043366598147357,-2.1043366598147357,-1.1043366598147357
454,-2.1043366598147357,-1.1043366598147357,-2.1043366598147357,-2.1043366598147357,-2.1043366598147357,-1.1043366598147357,-2.1043366598147357,2.2175914350726265,-2.1043366598147357,2.14359085362885,-2.1043366598147357,-0.5193741590935796,-2.1043366598147357,-2.1043366598147357,-1.1043366598147357,-2.1043366598147357,0.21759143507262657,2.065588341627577,-1.1043366598147357,-0.5193741590935796
455,-0.07038932789139801,-0.48542682717024194,1.3890422907458992,1.0995356735509143,-1.070389327891398,-2.070389327891398,-0.48542682717024194,-0.48542682717024194,-1.070389327891398,-1.070389327891398,-0.48542682717024194,-2.070389327891398,-2.070389327891398,1.6300503902496941,0.929610672108602,1.2515387669959641,-0.07038932789139801,-1.070389327891398,-2.070389327891398,-2.070389327891398
456,0.21759143507262657,-0.5193741590935796,-0.5193741590935796,-0.10433665981473561,0.4806258409064204,-1.1043366598147357,-1.1043366598147357,-2.1043366598147357,0.8956633401852644,-1.1043366598147357,-2.1043366598147357,-0.10433665981473561,-1.1043366598147357,0.7030182622428686,-2.1043366598147357,-0.10433665981473561,-0.5193741590935796,0.4806258409064204,-2.1043366598147357,2.2879807629640245
457,-2.121015400961366,-2.121015400961366,-1.121015400961366,-1.121015400961366,-0.5360529002402099,0.20091269392599634,-1.121015400961366,-2.121015400961366,-0.5360529002402099,3.4335734507162714,-2.121015400961366,-0.5360529002402099,-1.121015400961366,-1.121015400961366,-2.121015400961366,-2.121015400961366,-2.121015400961366,-0.12101540096136598,-2.121015400961366,-0.12101540096136598
458,-2.1043366598147357,-2.1043366598147357,-0.10433665981473561,0.4806258409064204,-2.1043366598147357,-1.1043366598147357,-1.1043366598147357,0.21759143507262657,0.21759143507262657,-2.1043366598147357,-1.1043366598147357,-0.10433665981473561,-0.10433665981473561,-0.5193741590935796,2.7536443353128366,-0.5193741590935796,0.21759143507262657,0.21759143507262657,-1.1043366598147357,-2.1043366598147357
459,-0.07038932789139801,-1.070389327891398,-1.070389327891398,-0.48542682717024194,-2.070389327891398,-1.070389327891398,-0.48542682717024194,-0.07038932789139801,0.929610672108602,-1.070389327891398,-2.070389327891398,0.2515387669959641,-0.07038932789139801,-0.07038932789139801,-2.070389327891398,2.321928094887362,0.2515387669959641,1.0995356735509143,-2.070389327891398,-1.070389327891398
460,1.0995356735509143,-2.070389327891398,-1.070389327891398,-0.07038932789139801,-1.070389327891398,-0.48542682717024194,0.2515387669959641,-0.48542682717024194,0.7369655941662061,-1.070389327891398,-2.070389327891398,0.7369655941662061,-1.070389327891398,-1.070389327891398,-0.07038932789139801,1.2515387669959641,0.929610672108602,-0.48542682717024194,-2.070389327891398,0.929610672108602
461,-0.5360529002402099,-1.121015400961366,-2.121015400961366,0.20091269392599634,-2.121015400961366,0.20091269392599634,-0.5360529002402099,0.20091269392599634,2.6338721012021025,0.20091269392599634,-1.121015400961366,0.20091269392599634,-1.121015400961366,-1.121015400961366,-0.12101540096136598,0.8789845990386341,-0.12101540096136598,-2.121015400961366,-2.121015400961366,-2.121015400961366
462,-0.5025003405291834,-0.08746284125033943,1.8194277543581792,-0.5025003405291834,-2.0874628412503395,-0.08746284125033943,-2.0874628412503395,0.4974996594708166,-0.5025003405291834,0.2344652536370227,-2.0874628412503395,0.4974996594708166,-1.0874628412503395,-2.0874628412503395,-0.08746284125033943,1.4974996594708165,0.4974996594708166,0.2344652536370227,-2.0874628412503395,-1.0874628412503395
